XID,Product_Name,Product_Number,Product_SKU,Description,Summary,Prod_Image,Category,DoNotUse_ASI_Categories,Keywords,Product_Color,Material,Size_Group,Size_Values,Shape,Imprint_Method,Imprint_Color,Sold_Unimprinted,Production_Time,Rush_Service,Rush_Time,Same_Day_Service,Additional_Info,Base_Price_Name,Base_Price_Criteria_1,Base_Price_Criteria_2,Q1,Q2,Q3,Q4,Q5,Q6,Q7,Q8,Q9,Q10,P1,P2,P3,P4,P5,P6,P7,P8,P9,P10,D1,D2,D3,D4,D5,D6,D7,D8,D9,D10,Product_Number_Price,Price_Includes,QUR_Flag,Sequence,Currency,Less_Than_Min,Price_Type,Confirmed_Thru_Date,Product_Status,Operation,SEO_FLG,Create_Date,Product_Effective_Date
9438010-555639639	,Mini Vintage Retro Wireless Bluetooth Speaker	,FCSM27	,,"This retro wireless speaker has a nostalgic look that has been given a modern and fashion sense. The perfect detail realizes the value of the product, is the best collection of lovers of retro decoration and the best gift for seniors.Designed and crafted for a life on-the-go, this miniature radio and speaker combines beauty and convenience with a retro look.High strength material, strong, long-lasting.Simple design and convenient operation. Built-In Mic Hands-Free Lightweight and mini size, easy to carry and use,Go out and listen to music during cooking, parties, gardening, garage, campfire, hiking, biking or the beach, no matter what you need to do.Add your school, sports team, organizational or company logo or message to customize.2000pcs and above shipping by sea.	",This retro audio with long battery life with large capacity battery. Bluetooth smart link is quick and easy to use.	,"https://media.asicdn.com/images/orig/327530000/327531785.jpg,https://media.asicdn.com/images/orig/327530000/327531786.jpg,https://media.asicdn.com/images/orig/327530000/327531787.jpg,https://media.asicdn.com/images/orig/327530000/327531788.jpg,https://media.asicdn.com/images/orig/327530000/327531789.jpg	",Speakers-Wireless	,,"Mini Speaker,Portable Speaker,Retro Bluetooth Speaker,Retro Style,Stereo Bluetooth Speakers,Vintage Decor,Walnut Wood Bluetooth Speaker,Wireless Bluetooth Speaker,Wireless Vintage Small Speaker	","Medium Black=Black,Medium Pink=Pink,Medium Blue=Blue,Medium Red=Red,Medium Brown=Brown	",Plastic=Plastic	,Dimension	,Length:3.74:in;Width:2.36:in;Height:2.76:in	,,Silkscreen=Silkscreen	,"Custom Colors,PMS Colors,Standard Colors	",,5-7	,Y	,2-3:	,,,,,,100,300,500,1000,2000,5000,10000,,,,11.602,11.202,10.708,10.489,7.641,7.254,6.930,,,,R	,R	,R	,R	,R	,R	,R	,,,,,one color one location imprint and shipping cost	,,1	,USD	,,List	,07/22/2026	,Active	,,N	,11/11/2024	,
9438010-555894639	,Bamboo Phone Holder	,FCSIH014	,,"This phone stand is made from lightweight and portable bamboo, this two-piece stand easily assembles for hands-free use of your phone. A cutout allows you to charge your phone while it sits in the holder.Two size options, the big size can be for Pad stand. The pricing is for small size.	","These stylish mugs offer a sustainable way to enjoy your favourite beverages, be it coffee, tea, or other drinks.	","https://media.asicdn.com/images/orig/331950000/331956386.png,https://media.asicdn.com/images/orig/331950000/331956387.png,https://media.asicdn.com/images/orig/331950000/331956390.jpg,https://media.asicdn.com/images/orig/331950000/331956391.jpg	",Mobile Accessories-Stands & Holders	,,"Android Phone,Bamboo,Compatible Pad&Phone,Cooks,Desktop Charging,Dock Holder,Eco-friendly,Emails,Facebook,Phone,Phone Stand,Read Message,Smart,Tablet Stand,Watch Video,Wooden	",Other=Wood	,Bamboo Wood=Bamboo	,Dimension	,"Length:3.07:in;Width:2.87:in;Height:5.51:in,Length:4.72:in;Width:3.54:in;Height:7.09:in	",,"Silkscreen=Silkscreen,Engraved=Engraved	","Custom Colors,PMS Colors,Standard Colors,Up to full color	",Y	,5	,Y	,3:	,,,,,,100,200,300,500,1000,5000,20000,,,,2.150,1.980,1.830,1.650,1.420,0.980,0.880,,,,R	,R	,R	,R	,R	,R	,R	,,,,,1 color 1 location imprint and shipping cost	,,1	,USD	,,List	,07/22/2026	,Active	,,N	,04/24/2025	,
9438010-555662125	,Collapsible Wireless Charger Charging	,FCSM55	,,"This unique folding charging pad eleganty combines the natral beauty of leather with wreless technology.When you need a charge, simply place wirelessly compatible device on the charging portion of the pad.You can  use the stand on its own, making it more conenient for video calls,reading messages while you work or recipes while you cok and to even watch your favorite shows. it's a beautiful addition to youri desk, counter, or nightstand whether or not it's in use, allowing it to double as a chic piece of decor. 2000pcs and over shipping by sea.	",This pad is also compact and lightweight making it easy to fold up and travel with.	,"https://media.asicdn.com/images/orig/328010000/328013542.jpg,https://media.asicdn.com/images/orig/328010000/328013543.jpg,https://media.asicdn.com/images/orig/328010000/328013544.jpg	","Battery Rechargers & Adaptors-Wireless QI Charger,Mobile Accessories-Stands & Holders	",,"Charging Stand,Collapsible Wireless Charger,Fast Charging Stand,Foldable Magnetic Stand,Foldable Phone Charger,Folding Magnetic Wireless,Portable Phone Holder,Wireless Charger,Wireless Charger Holder,Wireless Charging,Wireless Charging Cradle,Wireless Charging Station	","Medium Black=Black,Medium Gray=Gray	",Polyurethane (PUR or PU)=Pu	,Dimension	,Length:4.92:in;Width:2.95:in	,,Silkscreen=Silkscreen	,"Custom Colors,PMS Colors,Standard Colors,up to full color	",,10-15	,Y	,10-12:	,,,,,,200,500,1000,2000,5000,10000,,,,,13.288,11.536,10.974,9.125,8.955,8.764,,,,,R	,R	,R	,R	,R	,R	,,,,,,1 color 1 location imprint and shipping cost	,,1	,USD	,,List	,07/22/2026	,Active	,,N	,11/27/2024	,
9438010-555662114	,15W Fast Mini Foldable Wireless Charging  Phone Stand	,FCSM54	,,"Flat and foldable 15W wireless charger Compatible with iPhone 12 13 14 15, The PU material charger can be used both flat and as a stand. foldable design easy to put in your bag, and portable to carry. Power up your devices in style on a non-slip and soft comfortable surface. Great for home, travel, office work, or any other purpose. Customized with an imprint of your company name logo to boost your brand influence.2000pcs and over shipping by sea.	","You can place your phone directly on the charging pad to charge or charge it vertically, which is a convenient phone stand.	","https://media.asicdn.com/images/orig/328010000/328013496.jpg,https://media.asicdn.com/images/orig/328010000/328013497.jpg,https://media.asicdn.com/images/orig/328010000/328013498.jpg,https://media.asicdn.com/images/orig/328010000/328013499.jpg	","Battery Rechargers & Adaptors-Wireless QI Charger,Mobile Accessories-Stands & Holders	",,"Charging Stand,Collapsible Wireless Charger,Fast Charging Stand,Foldable Magnetic Stand,Foldable Phone Charger,Folding Magnetic Wireless,Portable Phone Holder,Wireless Charger,Wireless Charger Holder,Wireless Charging,Wireless Charging Cradle,Wireless Charging Station	","Medium Gray=Gray,Medium Black=Black,Medium Blue=Blue,Other=Beige	",Polyurethane (PUR or PU)=Pu	,Dimension	,Length:4.92:in;Width:3.15:in	,,Silkscreen=Silkscreen	,"Custom Colors,PMS Colors,Standard Colors,up to full color	",,10-15	,Y	,10-12:	,,,,,,100,200,500,1000,2000,5000,10000,,,,14.169,13.145,11.234,10.859,9.048,8.910,8.773,,,,R	,R	,R	,R	,R	,R	,R	,,,,,1 color 1 location imprint and shipping cost	,,1	,USD	,,List	,07/22/2026	,Active	,,N	,11/27/2024	,
9438010-555662097	,Cycling Glasses Outdoor Sports Sunglasses Fashion Anti-stres	,FCSM53	,,"Want an outdoor and sports adventure without any obstacles? Save the day with our outdoor cycling sunglasses! These chic cycling glasses are specially designed to give you super cvlear vision and stand out from the crowd.coated lenses have uv400 protection to block harmful Uva And Uvb rays, safe, durable, impact resistant and protect your eyes from sand, strong winds and strong sunlight.It is an ideal choice for biking, motorcycle, running, skiing, baseball, volleyball, tennis, driving, triathlon, fishing, racing, mountain tour, softball, mountain climbing, trekking, playing golf, hiking, boating, hunting, and other outdoor sports.5000pcs and above shipping by sea.	",These Cycling Glasses Are Made With High-Grade Lenses And High-Quality Plastic Frames.	,"https://media.asicdn.com/images/orig/328010000/328013364.jpg,https://media.asicdn.com/images/orig/328010000/328013365.jpg,https://media.asicdn.com/images/orig/328010000/328013366.jpg,https://media.asicdn.com/images/orig/328010000/328013367.jpg,https://media.asicdn.com/images/orig/328010000/328013368.jpg,https://media.asicdn.com/images/orig/328010000/328013370.jpg,https://media.asicdn.com/images/orig/328010000/328013371.jpg,https://media.asicdn.com/images/orig/328010000/328013372.jpg	","GOGGLES,SUNGLASSES	",,"Biking Goggles,Cycling Glasses,Outdoor Cycling Goggles,Outdoor Sports Goggles,Sport Sunglasses,Sports Goggles,Tactical Safety Glasses	",Assorted=Assorted	,Polycarbonate (PC)=Pc	,Dimension	,Length:5.9:in;Width:2.28:in	,,Silkscreen=Silkscreen	,"Custom Colors,PMS Colors,Standard Colors,up to full color	",,7-9	,Y	,5-7:	,,,,,,100,200,500,1000,2000,5000,10000,,,,5.104,4.381,3.748,3.658,3.372,2.907,2.686,,,,R	,R	,R	,R	,R	,R	,R	,,,,,1 color 1 location imprint and shipping cost	,,1	,USD	,,List	,07/22/2026	,Active	,,N	,11/27/2024	,
9438010-555662088	,30OZ Stainless Steel Insulated Flip Straw Tumbler	,FCSM52	,,"These bold, colorful tumblers are made to keep you hydrated in a fully functional style. The 30 oz  Stainless Steel Insulated Flip Straw Tumbler offers bold, colorful style and practicality. Perfect for car commutes or home workouts, it features a built-in flip straw for effortless sipping. Snap it shut and the double-wall vacuum insulation will keep your drink extra cold for hours. To help you live a sustainable lifestyle.1000pcs and above shipping by sea.	",Show off your brand on a product that your clients can take everywhere!	,"https://media.asicdn.com/images/orig/328010000/328013242.jpg,https://media.asicdn.com/images/orig/328010000/328013243.jpg	","Glasses-Drinking-Insulated,Glasses-Drinking-Tumbler	",,"30 OZ,Car,Drinkware,Flip Straw Tumbler,Home,IceFlow Stainless Steel,IceFlow Tumbler,Insulated Water Bottle,Office,Reusable Cup,Straw Tumbler,Tumbler with Handle,Vacuum Insulated Bottle	","Medium White=White,Medium Black=Black,Medium Green=Green,Medium Purple=Purple,Other=Beige	",Stainless Steel=Stainless Steel	,Volume/Weight	,30:oz	,,"Silkscreen=Silkscreen,Laser Engraved=Laser Engraved	","Custom Colors,PMS Colors,Standard Colors,up to full color	",,15-20	,Y	,10-15:	,,,,,,100,200,500,1000,3000,5000,,,,,20.745,19.983,19.432,14.074,13.431,12.645,,,,,R	,R	,R	,R	,R	,R	,,,,,,1 color 1 location imprint and shipping cost	,,1	,USD	,,List	,07/22/2026	,Active	,,N	,11/27/2024	,
9438010-555662071	,Foldable Phone Stand Adjustable Holder	,FCSM51	,,"This phone Desk Stand enables you to swivel the mobile phone to any angle, making it easy to share screen or change angle.
folding angles with ease. You may easily enjoy video calling, reading, watching films, and broadcasting.makes it pocket-sized and portable. you may easily transport it in your handbag or backpack whether you're traveling or working.As a promotional giveaway or gift with purchase, it enhances brand visibility and can be customized with your logo. Ideal for trade shows, conferences, and loyalty programs, it appeals to a wide range of users. Get your brand noticed with this portable and practical phone stand.5000pcs and above shipping by sea.	","It's suitable for use in the kitchen, bedside table placement, gaming, and even during travel or outdoor activities.	","https://media.asicdn.com/images/orig/328010000/328013139.jpg,https://media.asicdn.com/images/orig/328010000/328013140.jpg,https://media.asicdn.com/images/orig/328010000/328013141.jpg,https://media.asicdn.com/images/orig/328010000/328013142.jpg	",Mobile Accessories-Stands & Holders	,,"Cell Phone Stand,Collapsible Phone Holder,Desk Cellphone Stand,Desk Phone Holder,Desktop Phone Stand,Foldable Phone Stand,Mobile Stand,Phone Holder,Portable Phone Holder,Tablet Stand	","Medium Black=Black,Medium White=White,Medium Pink=Pink,Medium Green=Green	",Plastic=Aluminum+Plastic	,Dimension	,Length:6.5:in;Width:4.3:in;Height:2.5:in	,,Silkscreen=Silkscreen	,"Custom Colors,PMS Colors,Standard Colors,up to full color	",,7-9	,Y	,5-7:	,,,,,,100,200,300,500,1000,5000,10000,,,,4.724,4.651,3.906,3.086,2.472,1.452,1.255,,,,R	,R	,R	,R	,R	,R	,R	,,,,,1 color 1 location imprint and shipping cost	,,1	,USD	,,List	,07/22/2026	,Active	,,N	,11/27/2024	,
9438010-555661938	,3D Fruit Shaped Portable Mini  Notes	,FCSM49	,,"The mini notepad is compact and portable, making it ideal for jotting down quick reminders, to-do lists, or creative ideas on the go. Stay organized in a fun and playful way!Lovely fruits design, combine use and decoration value. Can be used as office stationary supplies and home decorations and casual gifts for your friends and family.Customize yours with a brand name, logo or message to create a mouthwatering giveaway!5000pcs and above shipping by sea.	",Easy to carry and remind yourself to write important things every day	,"https://media.asicdn.com/images/orig/328010000/328012166.jpg,https://media.asicdn.com/images/orig/328010000/328012167.jpg,https://media.asicdn.com/images/orig/328010000/328012168.jpg,https://media.asicdn.com/images/orig/328010000/328012169.jpg,https://media.asicdn.com/images/orig/328010000/328012170.jpg	",Memo Pads-General	,,"Creative Fruit Note,Fruit Memo Pad,Fruit Note Book,Fruit Shaped Notepad,List,Memo Scratch Pads,Office,Pack Message,Paper Notepads,Record,Reminder,School	","Medium Green=Green,Medium Red=Red	",Paper=Paper	,Dimension	,Length:3.7:in;Width:1.8:in	,,Other=Offset	,"Custom Colors,PMS Colors,Standard Colors,up to full color	",,10-15	,Y	,7-10:	,,,,,,500,1000,2000,5000,10000,50000,,,,,1.858,1.286,1.222,0.793,0.694,0.586,,,,,R	,R	,R	,R	,R	,R	,,,,,,,,1	,USD	,,List	,07/22/2026	,Active	,,N	,11/27/2024	,
9438010-555661905	,Squeeze Bean Keychain Fidget Toys	,FCSM48	,,"A great fidget toy for release stress,The pea in the middle of the extrusion bean has a very cute facial expression,you can squeeze the bean out over and over, durable to squeeze, It is not just a fidget toy, but also a great keychain decoration which you can attach to your keys, backpack, cell phones or other electronic devices. They are good gift for kids, girls, boys, adults as birthday gift, fidget toys, sensory toys, classroom prizes, valentines' gifts, easter basket stuffers, stocking stuffers etc.	",Great stress reliever and conversation starter.	,"https://media.asicdn.com/images/orig/328010000/328011508.jpg,https://media.asicdn.com/images/orig/328010000/328011512.jpg,https://media.asicdn.com/images/orig/328010000/328011514.jpg	","Key Chains-General,Stress Relievers-General	",,"Decompression Toys,Edamame Keychain,Extrusion Edamame,Fidget Bean Squeeze,Fidget Bean Toy,Funny Facial Expressions,Party Favor Toys,Pea-Shaped Squeeze toy,Soybean Stress Relieving,Stress Relief	",Medium Green=Green	,Plastic=Plastic	,Dimension	,Length:2.75:in;Width:0.8:in	,,Silkscreen=Silkscreen	,"Custom Colors,PMS Colors,Standard Colors,up to full color	",,7-9	,Y	,5-7:	,,,,,,200,500,1000,2000,5000,10000,,,,,1.322,0.857,0.678,0.614,0.506,0.489,,,,,R	,R	,R	,R	,R	,R	,,,,,,1 color 1 location imprint and shipping cost	,,1	,USD	,,List	,07/22/2026	,Active	,,N	,11/27/2024	,
9438010-555661885	,Party Light Stick Flashing	,FCSM47	,,"The LED Glow Sticks uitable for any activity occasion. Perfect for the vocal concert, party, school, anniversaries, festival, corporate events, athletic contest, and any other place. You can print your company name or brand on, very tremendous and hot product for an advertising campaign.	","Whether you are adult or kids, party goers of all ages can enjoy the great vibes these light up sticks will bring to your shinding	","https://media.asicdn.com/images/orig/328010000/328011356.jpg,https://media.asicdn.com/images/orig/328010000/328011357.jpg,https://media.asicdn.com/images/orig/328010000/328011358.jpg	","Cheering Accessories-General,GLOW PRODUCTS	",,"Camping,Carnival,Cheer Stick,Colorful Glow Stick,Concert,Concert Flashing,Flashing Light,Glow Stick,Glow Stick Wand,Halloween,LED Glow Stick,LED Light Stick,Light Up Sticks,Multicolor Led Sticks,New Year,Party Supplies,Raves,Wedding	","Medium Red=Red,Medium Yellow=Yellow,Medium Orange=Orange,Medium Pink=Pink,Medium Blue=Blue,Medium Green=Green,Medium Purple=Purple,Medium White=White,Other=Colorful	",Plastic=Plastic	,Dimension	,Length:17.7:in;Width:1:in	,,Silkscreen=Silkscreen	,"Custom Colors,PMS Colors,Standard Colors,up to full color	",,5-7	,Y	,3-5:	,,,,,,100,200,500,1000,2000,5000,10000,,,,2.572,2.118,1.918,1.885,1.837,0.936,,,,,R	,R	,R	,R	,R	,R	,R	,,,,,1 color 1 location imprint and shipping cost	,,1	,USD	,,List	,07/22/2026	,Active	,,N	,11/27/2024	,
9438010-555661855	,Yellow Copper Wrapped Beam Password Lock	,FCSM46	,,"Padlock  have a wrapped shackle design that minimizes shackle exposure for increased security. The 8mm pad lock beam is thicker and harder than other normal padlocks,You can promote your brand in your next promotional or advertising campaign with this copper password lock. There is a 4-digit combination and it's a breeze to set. This lock is a great giveaway for safety themed campaigns, travel companies, gyms and more.500pcs and above shipping by sea.	","The original password of the lock is 0-0-0-0. Unlike 3-digit passwords, 4-digit passwords offer 10,000 combinations.	","https://media.asicdn.com/images/orig/328010000/328011098.jpg,https://media.asicdn.com/images/orig/328010000/328011099.jpg,https://media.asicdn.com/images/orig/328010000/328011100.jpg	",LOCKS	,,"4 Digit Padlock,8mm Thickened Shackle,Combination Padlock,Container,Fences,Garage,Garages,Heavy Duty Padlock,High Security,Keyed Padlock,Pad Lock,Safety Padlock,Shackle Padlock,Sheds,Shutter,Storage Units,Strong Metal Lock,Wraped Beam Padlock	",Dark Yellow=Gold	,Metal=Zinc Alloy	,Dimension	,"Length:4:in;Width:2:in;Height:1:in,Length:3.1:in;Width:2:in;Height:1:in	",,Laser Engraved=Laser Engraved	,"Custom Colors,PMS Colors,Standard Colors,one color	",,8-10	,Y	,7-9:	,,,"4 "" x 2 "" x 1 ""	",DIMS:Length:4:in;Width:2:in;Height:1:in	,,100,200,500,1000,2000,5000,,,,,15.389,14.689,10.602,10.045,9.530,8.787,,,,,R	,R	,R	,R	,R	,R	,,,,,Long beam	,1 color 1 location imprint and shipping cost	,,1	,USD	,,List	,07/22/2026	,Active	,,N	,11/27/2024	,
9438010-555661855	,,,,,,,,,,,,,,,,,,,,,,,"3.1 "" x 2 "" x 1 ""	",DIMS:Length:3.1:in;Width:2:in;Height:1:in	,,100,200,500,1000,2000,5000,,,,,12.027,11.538,8.787,8.412,7.991,7.491,,,,,R	,R	,R	,R	,R	,R	,,,,,Short beam	,1 color 1 location imprint and shipping cost	,,2	,USD	,,,,,,,,
9438010-555661831	,24 in 1 Multifunctional Key Tool	,FCSM45	,,"he outdoor key tool is made of high-quality stainless steel. The sturdy material is more durable and can be used for a long time.24 in 1key tool gives you the power of 24 tools at any time, including 0.127 inch bicycle spoke key, screwdriver bit, inch open-end wrench and drill bit cutter, wire stripper, inch and metric straightedge, projector, bottle opener, multi-head screwdriver and lanyard hole, etc. Easy to carrykey bottle opener smart design is lightweight and compact, which can be placed directly on your key ring or in the slot of your wallet.	",This portable keychain is easy to carry outside and has multifunction usage for solving most daily problems.	,"https://media.asicdn.com/images/orig/328010000/328010462.jpg,https://media.asicdn.com/images/orig/328010000/328010463.jpg,https://media.asicdn.com/images/orig/328010000/328010464.jpg	","TOOL KITS,Tools-Kitchen-General	",,"Bottle Opener,Cord Cutter,Keychain Tool,Metric Ruler,Multifunctional Key Tool,Multitool Keychain,Outdoor Work,Portable Universal Tool,Screw Driver,Wrench	","Medium Black=Black,Medium Gray=Silver,Dark Yellow=Gold,Other=Gradient	",Stainless Steel=Stainless Steel	,Dimension	,Length:2.87:in;Width:1.14:in	,,Laser Engraved=Laser Engraved	,"Custom Colors,PMS Colors,Standard Colors,one color	",,7-9	,Y	,5-7:	,,,,,,100,200,500,1000,2000,5000,10000,,,,2.952,2.642,1.948,1.813,1.765,1.632,1.515,,,,R	,R	,R	,R	,R	,R	,R	,,,,,1 color 1 location imprint and shipping cost	,,1	,USD	,,List	,07/22/2026	,Active	,,N	,11/27/2024	,
9438010-555661818	,Reusable Stadium PVC Clear Tote Bag	,FCSM44	,,"This clear stadium tote bag is made of 20 mil PVC,lightweight and waterproof, not easy to deform, fade or break; The nylon handles are reinforced and allow you to lift heavy objects without overstretching or breaking. It can not only work well for travel, students who need clear lunch bags, office workers, sports and concert fans, but also can be applied as a beach bag, grocery tote bag, party favor bag, shopping bag, picnic bag.2000pcs and above shipping by sea.	",The big imprint area is perfect for maximum brand exposure.	,"https://media.asicdn.com/images/orig/328010000/328010044.jpg,https://media.asicdn.com/images/orig/328010000/328010045.jpg,https://media.asicdn.com/images/orig/328010000/328010046.jpg,https://media.asicdn.com/images/orig/328010000/328010047.jpg	","Tote Bags-Boat,Tote Bags-Grocery	",,"Clear Casual Bag,Clear Casual Tote,Clear Stadium Tote,Clear Tote Bag,Clear Totes,PVC Bag,PVC Clear Tote,Transparent PVC Bags,Transparent Stadium Tote	","Medium Black=Black,Medium Blue=Blue,Medium Green=Green,Medium Gray=Gray,Medium Orange=Orange,Medium Pink=Pink,Medium Purple=Purple,Medium Yellow=Yellow,Medium Red=Red,Medium White=White,Dark Red=Burgundy,Dark Blue=Navy Blue,Bright Blue=Royal Blue,Light Blue=Light Blue,Dark Red=Maroon,Medium Green=Teal,Assorted=Assorted	",PVC=Pvc	,Dimension	,Length:12:in;Width:12:in;Height:5.9:in	,,Silkscreen=Silkscreen	,"Custom Colors,PMS Colors,Standard Colors,up to full color	",,8-10	,Y	,7-9:	,,,,,,100,200,500,1000,2000,5000,10000,,,,4.324,3.675,2.829,2.515,1.743,1.564,1.471,,,,R	,R	,R	,R	,R	,R	,R	,,,,,1 color 1 location imprint and shipping cost	,,1	,USD	,,List	,07/22/2026	,Active	,,N	,11/27/2024	,
9438010-555639725	,Magnetic Wireless Charging Bank 5000mAh	,FCSM29	,,"5,000 mAh rechargeable wireless charger power bank.Power bank built-in powerful magnets make wireless charging fast and convenient. The magnets can be precisely aligned and fit with your phone, which greatly increases the speed of wireless charging Mag-Safe magnetic wireless charging technology currently supports compatible Mag-Safe certified phone or phone cases.Special Slim designed, you can just snap on and power would auto on, easily charging.Very suitable for any plane check-in, and outdoor adventures like camping, hiking.,etc	",The slim size can easily fit into any of your pockets or bags.	,"https://media.asicdn.com/images/orig/327530000/327532278.jpg,https://media.asicdn.com/images/orig/327530000/327532279.jpg,https://media.asicdn.com/images/orig/327530000/327532280.jpg	","Battery Rechargers & Adaptors-Power Banks,Battery Rechargers & Adaptors-Wireless QI Charger	",,"Fast Charging,Fast Charging Battery,Magnetic Portable Charger,Magnetic Power Bank,Magsafe Battery Pack,Portable Charger,Rechargeable Battery,Ultra Slim Wireless,Wireless Battery	","Medium Black=Black,Medium White=White,Medium Pink=Pink,Medium Green=Green	",ABS=Abs	,Dimension	,Length:3.58:in;Width:2.52:in;Height:0.59:in	,,Silkscreen=Silkscreen	,"Custom Colors,PMS Colors,Standard Colors	",,5-7	,Y	,2-3:	,,,,,,50,100,300,500,1000,3000,5000,,,,21.272,18.341,15.298,14.811,13.979,13.231,12.781,,,,R	,R	,R	,R	,R	,R	,R	,,,,,one color one location imprint and shipping cost	,,1	,USD	,,List	,07/22/2026	,Active	,,N	,11/11/2024	,
9438010-555639614	,Squeezable Mini Rubber Duck Toy	,FCSM26	,,"These rubber ducks in different styles and colors,made of quality rubber, these yellow ducks are soft and reliable, not easy to break or fade, which are safe to use and can be played safely without worrying about being harmful to your,These cute duckies are smooth and soft. When squeezing it, it will make a ""BEBE"" sound. Your kids Never Stop Playing With Them !With it, your baby is no longer afraid of taking a bath, and will fall in love with taking a bath.you can use these tiny rubber ducks to decorate the birthday cakes, desserts, car and more, which will look funny and attractive, bringing your a memorable birthday; Also suitable anniversaries or any fun themed events.	","They are suitable for people of different ages, making bath time much more fun, and releasing stress and anxiety	","https://media.asicdn.com/images/orig/327600000/327601352.jpg,https://media.asicdn.com/images/orig/327600000/327601353.jpg,https://media.asicdn.com/images/orig/327600000/327601354.jpg,https://media.asicdn.com/images/orig/327600000/327601355.jpg,https://media.asicdn.com/images/orig/327600000/327601356.jpg	","BATHROOM ACCESSORIES,Toys-General	",,"Baby Shower,Baby Showers,Bath Toys,Duck Bath Toy,Float Rubber Duck,Floating Squeaky Ducky,Infants Kids Toy,Mini Rubber Ducks,Preschool Bath Toys,Rubber Duck,Rubber Ducks,Squeak Rubber Duck,Vinyl Toy,Vinyl toys	","Medium Blue=Blue,Medium Black=Black,Medium Yellow=Yellow,Medium Red=Red,Medium Pink=Pink,Medium Green=Green,Medium White=White	",Vinyl=Vinyl	,Dimension	,Length:1.97:in;Width:1.89:in;Height:1.65:in	,,Silkscreen=Silkscreen	,"Custom Colors,PMS Colors,Standard Colors,one color	",,5	,Y	,3:	,,,,,,100,200,500,1000,3000,5000,10000,,,,1.286,0.858,0.623,0.523,0.428,0.338,0.255,,,,R	,R	,R	,R	,R	,R	,R	,,,,,one color one location imprint and shipping cost	,,1	,USD	,,List	,07/22/2026	,Active	,,N	,11/11/2024	,
9438010-555385713	,Fireworks Glasses	,FCS0246	,,"Almost any design you can think of can be printed over the entire face of our 3D Fireworks Glasses. Go as mild or wild as your budget allows. Fireworks Glasses are the perfect promotional item for the 4th of July. Holographic diffraction grating lenses break light into rainbow starbursts. For viewing Fireworks Displays, Laser Light Shows, Holiday Lights Celebrations and for the study of light and color.	","Preprinted assorted neon 3-D fireworks eyeglasses ideal for Music Festivals, 4th of July Fireworks Shows, Holiday Celebrations.	","https://media.asicdn.com/images/orig/323890000/323890777.jpg,https://media.asicdn.com/images/orig/323890000/323890774.jpg,https://media.asicdn.com/images/orig/323890000/323890770.jpg	","3D & VIRTUAL REALITY VIEWERS,Eyeglasses-3D	",,"3D fireworks eyeglasses,Assorted Neon Glasses,Fireworks Glasses,Rainbow Glasses	",Multi Color=Multi Color	,Paper=Paperboard	,Dimension	,Length:15.95:in;Width:1.46:in	,,Printed=Digital Printed	,Full color	,,10	,Y	,8:	,,,,,,100,500,1000,2000,5000,10000,,,,,3.250,0.982,0.653,0.582,0.496,0.465,,,,,R	,R	,R	,R	,R	,R	,,,,,,Full color	,,1	,USD	,,List	,07/22/2026	,Active	,,N	,06/07/2024	,
9438010-555350465	,25 oz. TITAN Tritan Plastic Water Bottles	,FCS0160	,,"Make the most of your workout with this super-sized sport-style water bottle. This 9.65"" x 2.75"" bottle is made of tough Tritan material with flip-top spillproof lid, carrying handle and reusable straw. The construction is BPA free for those that like to think green, and holds a big 25 ounces of your favorite beverage. Select from seven cool colors, and add your school, sports team, organizational or company logo, emblem or message to create a refreshing branded promotion. Makes a great gift or giveaway at grand openings, seminars, trade show or convention tables.	",Bottles-Sport Type	,"https://media.asicdn.com/images/orig/323390000/323391933.jpg,https://media.asicdn.com/images/orig/323390000/323391934.jpg,https://media.asicdn.com/images/orig/323390000/323391935.jpg,https://media.asicdn.com/images/orig/323390000/323391938.jpg	",Bottles-Sport Type	,,"25oz Bottle,Plastic Bottle,Tritan Bottle,Water Bottle	","Medium White=White,Medium Black=Black,Medium Red=Red,Medium Purple=Purple,Medium Blue=Blue,Other=Fuschia	",Other=Tritan	,Volume/Weight	,25:oz	,,Silkscreen=Silkscreen	,1 color	,,7	,Y	,5:	,,,,,,60,120,300,500,,,,,,,6.789,6.298,5.735,5.142,,,,,,,R	,R	,R	,R	,,,,,,,,one color one location imprint and shipping cost	,,1	,USD	,,List	,07/22/2026	,Active	,,N	,05/21/2024	,
9438010-555350445	,Children's Straw Cup 480ML	,FCS0159	,,"Material: Plastic.Occasion: Sports.Healthy PC material, rest assured to use.360 degrees leak-proof, drip-proof.Capacity: 480ml.Customized logo available.	","Children's Bottle, Straw Cap. Water Bottle, Plastic Bottle	","https://media.asicdn.com/images/orig/323390000/323391807.jpg,https://media.asicdn.com/images/orig/323390000/323391808.jpg,https://media.asicdn.com/images/orig/323390000/323391809.jpg,https://media.asicdn.com/images/orig/323390000/323391810.png,https://media.asicdn.com/images/orig/323390000/323391811.png	",Bottles-Insulated	,,"Children's Bottle,Plastic Bottle,Straw Cap. Water Bottle	","Medium Yellow=Yellow,Medium Red=Red,Medium Purple=Purple,Medium Green=Green,Medium Blue=Blue,Medium Black=Black,Medium Orange=Orange	",Other=Pp	,Dimension	,Length:2.8:in;Width:2.8:in;Height:6.7:in	,,Silkscreen=Silkscreen	,1 color	,,7	,Y	,5:	,,,,,,100,200,300,500,,,,,,,7.118,6.655,6.145,5.462,,,,,,,R	,R	,R	,R	,,,,,,,,one color one location imprint and shipping cost	,,1	,USD	,,List	,07/22/2026	,Active	,,N	,05/21/2024	,
9438010-555350341	,5 oz. Stainless Steel Flask	,FCS0157	,,"With this flask, your brand could become the talk of the town! It's made of stainless steel, holds up to 5 oz. of your favorite beverage, and measures 3 3/4"" x 4"". This is perfect for enjoying a delicious drink on the go. It's also a great giveaway at any business, project, conference, convention or event. Add your company name or logo with our laser engraving imprint and make this a part of your next promotion. Get customers to shop with you first for all their needs!	","Stainless Steel Flask,Flask,	","https://media.asicdn.com/images/orig/323390000/323390894.jpg,https://media.asicdn.com/images/orig/323390000/323390895.jpg,https://media.asicdn.com/images/orig/323390000/323390896.jpg,https://media.asicdn.com/images/orig/323390000/323390897.jpg	",FLASKS	,,"Flask,Stainless Steel Flask	",Medium Gray=Silver	,Stainless Steel=Stainless Steel	,Volume/Weight	,5:oz	,,"Silkscreen=Silkscreen,Laser Engraved=Laser Engraved	",1 color	,,7	,Y	,5:	,,,,,,50,100,200,300,,,,,,,5.986,5.688,5.322,4.898,,,,,,,R	,R	,R	,R	,,,,,,,,one color one location imprint and shipping cost	,,1	,USD	,,List	,07/22/2026	,Active	,,N	,05/21/2024	,
9438010-555350312	,27 Oz. Banded Gripper Tritan Bottle With Straw	,FCS0156	,,"This 27 oz bottle is impact and shatter-resistant, ensuring it can withstand your active lifestyle. The screw-on, spill-resistant sip top lid provides easy access to your drink while preventing leaks and spills. The silicone bands around the bottle provide a comfortable grip, ensuring you can hold it securely during activities. Plus, this bottle is BPA-free. Hand Wash Recommended.Over 1000 pcs by Ocean.	",Bottles-Sport Type	,"https://media.asicdn.com/images/orig/324380000/324382875.jpg,https://media.asicdn.com/images/orig/323390000/323390597.jpg,https://media.asicdn.com/images/orig/323390000/323390600.jpg,https://media.asicdn.com/images/orig/323390000/323390601.jpg,https://media.asicdn.com/images/orig/323390000/323390602.jpg	",Bottles-Sport Type	,,"Plastic Bottle,Straw Bottle,Water Bottle	","Medium White=White,Medium Yellow=Yellow,Medium Blue=Blue,Medium Red=Red,Medium Black=Black,Medium Green=Green,Medium Pink=Pink	",Other=Ps	,Volume/Weight	,27:oz	,,Silkscreen=Silkscreen	,1 color	,,7	,Y	,5:	,,,,,,100,200,300,500,1000,2000,5000,10000,,,7.860,7.250,6.750,6.250,3.460,3.210,3.120,2.980,,,R	,R	,R	,R	,R	,R	,R	,R	,,,,,,1	,USD	,,List	,07/22/2026	,Active	,,N	,05/21/2024	,
9438010-555350259	,Anti rat pioneer toys	,FCS0154	,,"A rodent pioneer toy, the rules of the game is to force the opponent to press the last mouse player as the winner. Soft silicone material, adults can not break. It can also be used as a coaster. Boiled and disinfected, children can play safely. Various styles and colors.	","Toys-General,Anti rat pioneer toys,Silicone Toys	","https://media.asicdn.com/images/orig/323390000/323390035.jpg,https://media.asicdn.com/images/orig/323390000/323390031.jpg,https://media.asicdn.com/images/orig/323390000/323390025.jpg,https://media.asicdn.com/images/orig/323390000/323390026.jpg,https://media.asicdn.com/images/orig/323390000/323390027.jpg	",Toys-General	,,"Anit rat Pioneer Toy,Children Toys,Silicone Toys,Toys	","Other=Multi Color,Medium Green=Green,Medium Orange=Orange,Medium Blue=Blue,Medium Purple=Purple,Medium Yellow=Yellow,Light Blue=Light Blue,Other=Fuschia	",Silicone=Silicone	,Dimension	,Length:4.72:in;Width:4.72:in	,,Silkscreen=Silkscreen	,1 color	,,7	,Y	,5:	,,,,,,300,1000,3000,5000,,,,,,,4.578,2.722,2.434,2.104,,,,,,,R	,R	,R	,R	,,,,,,,,one color one location imprint and shipping cost	,,1	,USD	,,List	,07/22/2026	,Active	,,N	,05/21/2024	,
9438010-555350222	,Perseo 27 oz. Tritan(TM) Water Bottle	,FCS0153	,,"Always stay hydrated on game day with this durable and trendy water bottle! This 27 oz. water bottle is BPA-free and comes in an assortment of eye-catching accent colors to choose from. It is designed with a smoky body, matching color band, and a ribbed grip area for a comfortable and secure hold. It is also equipped with a flip drinking spout with a straw and a carrying handle. These are great for handing out on game days, sporting events, company picnics, trade shows, and other promotional events. Add a team, school, or business logo, message, or slogan. Stay hydrated at you next event with this awesome water bottle!	",Bottles-Sport Type; Tools-Kitchen-Juice Squeezers	,"https://media.asicdn.com/images/orig/323380000/323389343.jpg,https://media.asicdn.com/images/orig/323380000/323389341.jpg,https://media.asicdn.com/images/orig/323380000/323389338.jpg,https://media.asicdn.com/images/orig/323380000/323389337.jpg,https://media.asicdn.com/images/orig/323380000/323389339.jpg	","Bottles-Sport Type,Tools-Kitchen-Juice Squeezers	",,"27oz Bottle,Plastic Bottle,Tritan Bottle,Water Bottle	","Medium Yellow=Yellow,Medium Red=Red,Medium Green=Green,Medium Blue=Blue,Medium Black=Black,Medium Orange=Orange	",Other=Tritan	,Volume/Weight	,27:oz	,,Silkscreen=Silkscreen	,1 color	,,7	,Y	,5:	,,,,,,80,160,320,480,,,,,,,6.488,6.156,5.765,5.482,,,,,,,R	,R	,R	,R	,,,,,,,,one color one location imprint and shipping cost	,,1	,USD	,,List	,07/22/2026	,Active	,,N	,05/21/2024	,
9438010-555350198	,Sport Fruit Infuser Water  Transparent Bottle Cup	,FCS0152	,,"This fruit bottle as a promotional gift at your next corporate event! This great juicer bottle features a compartment at the bottom of the bottle for you to put a piece of fruit, connecting to the top of the bottle, which features a juicing gadget designed to squeeze the fruit or vegetable in the bottom compartment. This makes for the perfect gift for the jogger or health enthusiast in your business circle. Add your company Purpose: business anniversary promotions, holiday gifts, souvenirs activities, meetings, and other real estate opening, according to the requirements of size, color and LOGO as a business or promotional gifts.	",Bottles-Sport Type; Tools-Kitchen-Juice Squeezers	,"https://media.asicdn.com/images/orig/323380000/323389072.jpg,https://media.asicdn.com/images/orig/323380000/323389073.jpg,https://media.asicdn.com/images/orig/323380000/323389074.jpg,https://media.asicdn.com/images/orig/323380000/323389075.jpg,https://media.asicdn.com/images/orig/323380000/323389076.jpg	","Bottles-Sport Type,Tools-Kitchen-Juice Squeezers	",,"Fruit Bottle,Sport Bottle,Transparent Bottle,Water Bottle	","Medium Yellow=Yellow,Medium Purple=Purple,Medium Green=Green,Medium Blue=Blue,Medium Black=Black,Medium Orange=Orange,Medium Red=Red,Other=Fuschia	",Other=Tritan+Ps	,Volume/Weight	,23:oz	,,Silkscreen=Silkscreen	,1 color	,,7	,Y	,5:	,,,,,,50,100,200,300,,,,,,,7.245,7.075,6.899,6.616,,,,,,,R	,R	,R	,R	,,,,,,,,one color one location imprint and shipping cost	,,1	,USD	,,List	,07/22/2026	,Active	,,N	,05/21/2024	,
9438010-555348559	,22 Oz. Tritan Fusion Bottle	,FCS0149	,,"Durable Tritan Material. Impact And Shatter Resistant. Self-Attached, Screw On, Spill-Resistant Lid. Measurement Scale In Ounces And Milliliters Makes Tracking Liquid Intake Easy. Non-Skid Rubber Bottom. Wide Mouth Opening. Extra Strong Carrying Strap/Tether. BPA Free. Hand Wash Recommended.	",Bottles-Sport Type; Bottles-General	,"https://media.asicdn.com/images/orig/323360000/323360908.jpg,https://media.asicdn.com/images/orig/323360000/323360907.jpg,https://media.asicdn.com/images/orig/323360000/323360911.jpg,https://media.asicdn.com/images/orig/323360000/323360910.jpg	",Bottles-Sport Type	,,"Plastic Bottle,Sport Bottles,Water Bottle	","Medium Black=Black,Medium Blue=Blue,Medium Gray=Gray,Medium Green=Green,Clear=Clear	",Plastic=Plastic	,Volume/Weight	,22:oz	,,Silkscreen=Silkscreen	,1 color	,,7	,Y	,5:	,,,,,,48,96,144,288,,,,,,,9.126,8.445,7.654,6.935,,,,,,,R	,R	,R	,R	,,,,,,,,one color one location imprint and shipping cost	,,1	,USD	,,List	,07/22/2026	,Active	,,N	,05/20/2024	,
9438010-555348514	,Wide Mouth Sports Bottles -34 oz Water Bottlew/ Custom Logo	,FCS0148	,,"Advertise your Brand with our Wide Mouth Sports Bottles -34 oz Water Bottle w/ Custom Logo in your next advertising campaign! Made of high density transparent Tritan Plastic, the flexi-grip easy squeeze-action Water bottles feature a Wide Mouth with Screw on Cap. This sports water bottle measures 3.54""W x 8.3""H and features a large imprint area of 3.00""W x 4.00""H. They're available in a wide variety of bright and fun colors and can be purchased unimprinted or with a silkscreened imprint of your branding information. These are the perfect way to gain visibility at Trade show, company picnics, marathons, football, baseball, and more!	",Bottles-Sport Type; Bottles-General	,"https://media.asicdn.com/images/orig/323360000/323360519.jpg,https://media.asicdn.com/images/orig/323360000/323360517.jpg,https://media.asicdn.com/images/orig/323360000/323360518.jpg,https://media.asicdn.com/images/orig/323360000/323360520.jpg,https://media.asicdn.com/images/orig/323360000/323360525.jpg	",Bottles-Sport Type	,,"Plastic Bottle,Sport Bottles,Water Bottle	","Medium Black=Black,Medium Blue=Blue,Medium Green=Green,Medium Gray=Gray,Clear=Clear	",Plastic=Plastic	,Volume/Weight	,34:oz	,,Silkscreen=Silkscreen	,1 color	,,7	,Y	,5:	,,,,,,100,200,300,500,,,,,,,5.322,4.924,4.538,4.008,,,,,,,R	,R	,R	,R	,,,,,,,,one color one location imprint and shipping cost	,,1	,USD	,,List	,07/22/2026	,Active	,,N	,05/20/2024	,
9438010-555348485	,17 oz. Stainless Steel Vacuum Adventure Bottle	,FCS0147	,,"Gear up for your next outdoor adventure with help of this 17 oz. stainless steel bottle! Available in a variety of great colors, this handy piece of drinkware is made from BPA-free material and features a wide-mouth opening, a leak-proof screw-down lid and an attached mini metal carabiner,. Promote proper hydration and your brand by adding an imprinted name or logo using our customization option. This product is not microwave or dishwasher safe - hand wash only.	",Bottles-General; TRAVEL MUGS/CUPS	,"https://media.asicdn.com/images/orig/323360000/323360091.jpg,https://media.asicdn.com/images/orig/323360000/323360094.jpg,https://media.asicdn.com/images/orig/323360000/323360098.jpg,https://media.asicdn.com/images/orig/323360000/323360104.jpg,https://media.asicdn.com/images/orig/323360000/323360107.jpg,https://media.asicdn.com/images/orig/323360000/323360108.jpg	","Bottles-General,TRAVEL MUGS/CUPS	",,"Sport Bottle,Stainless Bottle,Water Bottle	","Medium Black=Black,Medium Red=Red,Medium Blue=Blue,Medium Gray=Silver	",Stainless Steel=Stainless Steel	,Volume/Weight	,17:oz	,,"Silkscreen=Silkscreen,Laser Engraved=Laser Engraved	",1 color	,,7	,Y	,5:	,,,,,,50,100,200,300,,,,,,,12.566,12.234,11.866,11.453,,,,,,,R	,R	,R	,R	,,,,,,,,one color one location imprint and shipping cost	,,1	,USD	,,List	,07/22/2026	,Active	,,N	,05/20/2024	,
9438010-555318113	,Golf Ball	,FCS0116	,,"Made of 2 layers rubber and dupont surlyn. This golf ball is perfect for collectible, promotion, business gift, etc. It also great for practice or play. Your corporate logo is welcome.	",GOLF BALLS	,"https://media.asicdn.com/images/orig/322480000/322485463.jpg,https://media.asicdn.com/images/orig/322480000/322485464.jpg,https://media.asicdn.com/images/orig/322480000/322485467.jpg	","Golf Accessories-General,GOLF BALLS	",,"Balls,Golf,Golf Balls	",Medium White=White	,Rubber:Combo:Other=Surlyn+Rubber	,Dimension	,Length:1.68:in;Width:1.68:in	,,Silkscreen=Silkscreen	,"Custom Colors,PMS Colors,Standard Colors	",,7	,Y	,5:	,,,,,,500,1000,2000,3000,5000,8000,10000,,,,1.938,1.852,1.634,1.553,1.489,1.432,1.397,,,,R	,R	,R	,R	,R	,R	,R	,,,,,1 color 1 location imprint and shipping cost	,,1	,USD	,,List	,07/22/2026	,Active	,,N	,05/02/2024	,
9438010-555318039	,Silicone Phone Wallet w/ Metal Ring Holder	,FCS0111	,,"Show that your business is all about amazing items with this amazing phone wallet. It's made of silicone, comes in several fantastic colors, and measures 4 3/8"" x 2 1/8"". This is perfect for keeping your money and cards in one easy-to-get to place and eliminate stuffed pockets. This even has a metal ring holder to give you a better grip on your device. Add your company name or logo for maximum visibility. Make your business stand out from the crowd.	",Holders-General; PHONE ACCESSORIES; STANDS	,"https://media.asicdn.com/images/orig/322480000/322481111.jpg,https://media.asicdn.com/images/orig/322480000/322481113.jpg,https://media.asicdn.com/images/orig/322480000/322481118.jpg	","Mobile Accessories-Cell Phone Wallets,STANDS	",,"Cell Phone Wallets,Phone Holder,Phone Stand,Ring Cell Holder,Ring Holder	","Medium Blue=Blue,Medium Black=Black,Medium Purple=Purple,Medium Red=Red,Medium Green=Green,Medium Pink=Pink	",Silicone=Silicone	,Dimension	,Length:2.125:in;Width:3.375:in	,,Silkscreen=Silkscreen	,"Custom Colors,PMS Colors,Standard Colors	",,7	,Y	,5:	,,,,,,100,200,300,500,800,1000,2000,,,,2.365,2.272,2.185,2.098,2.059,2.022,1.985,,,,R	,R	,R	,R	,R	,R	,R	,,,,,1 color 1 location imprint and shipping cost	,,1	,USD	,,List	,07/22/2026	,Active	,,N	,05/02/2024	,
9438010-555318016	,The Ring Cell Phone Holder and Stand	,FCS0110	,,"Our newest phone grip and stand is made from durable ABS plastic with a strong metal ring. The ring rotates 360 degrees for the perfect grip and also functions as a phone stand for viewing videos, movies, playing music or reading. Adhesive backing is easily removed leaving minimal residue. Instructions included.	",Holders-General; PHONE ACCESSORIES; STANDS	,"https://media.asicdn.com/images/orig/322480000/322480503.jpg,https://media.asicdn.com/images/orig/322480000/322480506.jpg	","Mobile Accessories-Stands & Holders,STANDS	",,"Phone Holder,Phone Stand,Ring Cell Holder,Ring Holder	","Medium Black=Black,Gold Metal=Rose Gold,Dark Yellow=Gold,Silver Metal=Silver,Medium Pink=Pink,Medium Gray=Dk Gray	",ABS=Abs	,Dimension	,Length:1.375:in;Width:1.375:in	,,Silkscreen=Silkscreen	,"Custom Colors,PMS Colors,Standard Colors	",,5	,Y	,3:	,,,,,,100,200,300,500,1000,2000,3000,,,,1.315,1.266,1.156,1.095,0.978,0.958,0.905,,,,R	,R	,R	,R	,R	,R	,R	,,,,,1 color 1 location imprint and shipping cost	,,1	,USD	,,List	,07/22/2026	,Active	,,N	,05/02/2024	,
9438010-555317985	,Round Iron Metal Pin Brooch Badge	,FCS0099	,,"Round Iron Metal Pin Brooch Badge sized 2 1/4 inch is made of iron and pvc. More various sizes 2 9/10, 1 7/10 inch for your options. Multi color options. The decorative brooch allow you to create a personalized logo that can be worn on coats, sweaters or hats. An ideal gift for many occasions.	",BADGE & BUTTON ACCESSORIES/FINDINGS	,"https://media.asicdn.com/images/orig/322470000/322479562.jpg,https://media.asicdn.com/images/orig/322470000/322479563.jpg,https://media.asicdn.com/images/orig/322470000/322479566.jpg,https://media.asicdn.com/images/orig/322470000/322479568.jpg,https://media.asicdn.com/images/orig/322470000/322479588.jpg,https://media.asicdn.com/images/orig/322470000/322479591.jpg,https://media.asicdn.com/images/orig/322470000/322479593.jpg,https://media.asicdn.com/images/orig/322470000/322479598.jpg,https://media.asicdn.com/images/orig/322470000/322479601.jpg,https://media.asicdn.com/images/orig/322470000/322479613.jpg	","BADGE & BUTTON ACCESSORIES/FINDINGS,Custom Lapel Pins	",,"Brooch Badge,Metal Brooch,Metal Pin,Pin,Round Pin	","Medium White=White,Medium Black=Black,Medium Gray=Gray,Medium Blue=Blue,Medium Purple=Purple,Medium Red=Red,Medium Brown=Brown,Medium Orange=Orange,Medium Pink=Pink,Medium Yellow=Yellow,Medium Green=Green,Dark Blue=Navy,Bright Blue=Royal Blue,Light Blue=Light Blue,Medium Green=Teal,Dark Yellow=Gold,Silver Metal=Silver,Dark Red=Maroon,Dark Red=Burgundy	","Iron=Iron,PVC=Pvc	",Dimension	,Length:2.25:in	,,Silkscreen=Silkscreen	,"Custom Colors,PMS Colors,Standard Colors	",,25	,Y	,22:	,,,,,,500,1000,2000,3000,5000,8000,10000,,,,4.851,4.463,4.129,3.875,3.343,3.287,3.198,,,,R	,R	,R	,R	,R	,R	,R	,,,,,1 color 1 location imprint and shipping cost	,,1	,USD	,,List	,07/22/2026	,Active	,,N	,05/02/2024	,
9438010-555317973	,Fleece Material Travel Blanket With Strap	,FCS0098	,,"This is made of fleece material. Carry easily and fold quickly.Bring you very good hand feeling with high quality. Keep you and your families warm.Any color, pattern, size can be customized.Welcome to your odrer.	",Fleece BLANKETS	,"https://media.asicdn.com/images/orig/322470000/322478219.jpg,https://media.asicdn.com/images/orig/322470000/322478220.jpg,https://media.asicdn.com/images/orig/322470000/322478221.jpg,https://media.asicdn.com/images/orig/322470000/322478222.jpg	",BLANKETS	,,"Blanket,Blanket with Strap,Fleece Blanket,Travel Blanket	","Medium Blue=Blue,Medium Yellow=Yellow,Medium Green=Green,Medium Brown=Brown,Medium Purple=Purple,Medium Red=Red	",Fleece=Fleece	,Dimension	,Length:47:in;Width:59:in	,,Silkscreen=Silkscreen	,"Custom Colors,PMS Colors,Standard Colors	",,25	,Y	,22:	,,,,,,1000,2000,3000,5000,8000,10000,20000,,,,15.128,14.845,14.696,14.556,14.418,14.358,14.225,,,,R	,R	,R	,R	,R	,R	,R	,,,,,1 color 1 location imprint and shipping cost	,,1	,USD	,,List	,07/22/2026	,Active	,,N	,05/02/2024	,
9438010-555228278	,34oz Wide Mouth Water Bottle	,FCS0001	,,"Quench your thirst for publicity and promotion with these super-sized, cool and colorful VITA water bottles. This 3.66"" x 8.26"" vessel holds a big 34 ounces and is crafted from tough and durable Tritan plastic material. The design features a wide mouth for adding ice and a screw-on cap with a flip-top drinking lid with loop. Good for awards commemorative, advertising promotions, festivals, business.	","This bottle is good for camping, hiking, exercise and fitness indoor and outdoor.	","https://media.asicdn.com/images/orig/319130000/319135516.jpg,https://media.asicdn.com/images/orig/319130000/319135532.jpg,https://media.asicdn.com/images/orig/319130000/319135533.jpg,https://media.asicdn.com/images/orig/319250000/319254304.jpg,https://media.asicdn.com/images/orig/319250000/319254305.jpg,https://media.asicdn.com/images/orig/319250000/319254302.jpg,https://media.asicdn.com/images/orig/319250000/319254303.jpg	",Bottles-Sport Type	,,"Big Size,Bottle,Camping,Cycling,Hiking,Large Capacity,Multifunctional,Outdoor,Plastic,Plastic Water Bottle,Running,Sports,Sports Bottle,Sports Water,Summer,Tea Cup,Transparent Bottle,water,Wide Mouth	","Medium Black=Black,Medium Blue=Blue,Medium Red=Red,Medium Orange=Orange,Clear=Clear	",Plastic=Plastic	,Volume/Weight	,34:oz	,,Silkscreen=Silkscreen	,"Custom Colors,PMS Colors,Standard Colors	",,5-7	,Y	,3-5:	,,,,,,100,200,500,1000,2000,3000,5000,,,,8.716,8.528,8.287,7.998,7.823,7.635,7.482,,,,R	,R	,R	,R	,R	,R	,R	,,,,,one color one location imprint and shipping cost	,,1	,USD	,,List	,07/22/2026	,Active	,,N	,03/14/2024	,
9438010-556400033	,Tote Bags-Canvas	,FCSA0330	,,"Whether you're a small business owner creating custom promotional merchandise, a crafter making personalized gifts, or a retailer offering custom tote bags, our blank canvas totes are the perfect choice. They're versatile enough for any use: shopping, school, work, beach trips, and more. With a generous capacity and a timeless design, these tote bags are a must-have for anyone looking to add a personal touch to their everyday carry.	","These 100% natural cotton tote bags are the ultimate blank canvas for creating personalized, branded, and one-of-a-kind accessorie	","https://media.asicdn.com/images/orig/361190000/361196451.png,https://media.asicdn.com/images/orig/361190000/361196453.png,https://media.asicdn.com/images/orig/361190000/361196455.png	","Bags-General,Tote Bags-General	",,"Blank Canvas Tote Bag,Bulk Canvas Tote Bags,Canvas handbag,Cotton Canvas Tote Bag,Custom Canvas Tote Bag,Heavy Canvas Tote Bag,Large Capacity Canvas,Natural Canvas Tote Bag Blank,Personalized Canvas Tote Bag,Tote Bag	",Medium White=White	,Cotton=Cotton	,Dimension	,Length:13.8:in;Width:15.7:in	,,Silkscreen=Silkscreen	,Up to full color	,Y	,7-9	,Y	,5-7:	,,,,,,100,300,500,1000,5000,,,,,,4.980,3.750,3.680,3.290,2.990,,,,,,R	,R	,R	,R	,R	,,,,,,,one color one location imprint and shipping cost	,,1	,USD	,,List	,04/20/2027	,Active	,,N	,04/20/2026	,
9438010-556399900	,11 oz Two Tone Ceramic Coffee Mug With Handle Tea Cup	,FCSA0329	,,"11 oz. Vitrified C-Handle mug with White exterior and colorful interior. It's fully vitrified for superior durability and lasting performance, and it's oven safe up to 350 degrees Fahrenheit for superior versatility. It features a sleek white color on the outside and a brilliant black/green/red/ yellow/blue/pink/orange colors on the inside. We arrange sea shippment if large orders	","Designed exclusively for heat transfer printing, these mugs are the perfect canvas for creating personalize. gifts, branded mercha	","https://media.asicdn.com/images/orig/361190000/361195967.jpg,https://media.asicdn.com/images/orig/361190000/361195974.png,https://media.asicdn.com/images/orig/361190000/361195975.png	","Mugs & Steins-Ceramic,Mugs & Steins-Porcelain	",,"bulk ceramic mugs,ceramic coffee mug,Ceramic Cup,ceramic water cup,Coffee Cup,Coffee Mug,colored inner ceramic mug,Cup,Custom Photo Two Tone Mug,DIY Photo Gifts,Heat Press Compatible,porcelain mug,Safe Custom Print Mug,Tea Cup,Tea Mug,Two-Tone Sublimation Blank Mug	","Medium Red=Red,Medium Orange=Orange,Medium Blue=Blue,Medium Yellow=Yellow,Medium Pink=Pink,Medium Green=Green,Medium Black=Black	",Ceramic=Ceramic	,Volume/Weight	,11:oz	,,Silkscreen=Silkscreen	,Up to full color	,Y	,7-9	,Y	,5-7:	,,,,,,100,300,500,1000,5000,,,,,,6.680,6.090,5.900,3.990,2.090,,,,,,R	,R	,R	,R	,R	,,,,,,,one color one location imprint and shipping cost	,,1	,USD	,,List	,04/20/2027	,Active	,,N	,04/20/2026	,
9438010-556399786	,Cheering Foam Finger	,FCSA0328	,,"The  Cheering EVA Foam Finger is a fun and handy accessory. Made from EVA material, it measures 46X23x0.4cm. Lightweight and easy to hold, it's perfect for cheering at parties, sports events, and more. Its compact size makes it convenient to carry around. Add a touch of excitement to any occasion with this cute foam finger!	","It's a great ideal for  soccer matches, football games, tailgates, sports parties,A must-have souvenir for Team USA fans and sport	","https://media.asicdn.com/images/orig/361190000/361194946.png,https://media.asicdn.com/images/orig/361190000/361194947.png,https://media.asicdn.com/images/orig/361190000/361194948.png	","Cheering Accessories-Cheering Mitts,FOAM NOVELTIES	",,"Cheer Prop,Cheering Foam Finger,Cheerleading,Durable cheering Finger,Noise Maker,Party Favor,patriotic fan,Soccer Match,Sports Game,Stadium Accessory,World Cup 2026 /	","Medium Red=Red,Medium Blue=Blue,Medium Orange=Orange,Medium White=White,Medium Black=Black,Medium Yellow=Yellow,Medium Purple=Purple	",Foam=Eva Foam	,Dimension	,Length:18.1:in;Width:9.05:in;Height:0.16:in	,,Silkscreen=Silkscreen	,Up to full color	,Y	,7-9	,Y	,5-7:	,,,,,,100,300,500,1000,5000,,,,,,3.900,2.780,2.650,2.490,1.990,,,,,,R	,R	,R	,R	,R	,,,,,,,one color one location imprint and shipping cost	,,1	,USD	,,List	,04/20/2027	,Active	,,N	,04/20/2026	,
9438010-556399666	,World Cup Trophy Keychain	,FCSA0327	,,"Made of zinc alloy, this Metal World Cup Trophy Keychain . It's highly durable for daily use, securely holding keys without any scratches. Being lightweight and portable, it fits effortlessly into pockets or bags. Ideal for soccer fans, it adds a sporty flair to keys, backpacks, or serves as a great gift. The smooth zinc alloy surface ensures a comfortable touch, making it a delightful accessory to show your passion.	","2026 World Cup Trophy Keychain, Golden Championship Soccer Trophy Keyring, Zinc Alloy Football Fan Souvenir Gift for Dad, Brother.	","https://media.asicdn.com/images/orig/361190000/361193362.png,https://media.asicdn.com/images/orig/361190000/361193389.png,https://media.asicdn.com/images/orig/361190000/361194149.png	","Key Chains-Flexible Loop,Key Chains-Metal	",,"Coaches,FIFA Trophy Keyring,Football Matel Keychain,Metal Football Shoe Keyring,Mini Football Shoe Keyring,Players,Soccer Fan Gift	",Dark Yellow=Gold	,Metal=Zinc Alloy	,Dimension	,Length:3.7:in;Width:1.25:in	,,"Silkscreen=Silkscreen,Laser Engraved=Laser Engraved	",Up to full color	,Y	,7-9	,Y	,5-7:	,,,,,,100,300,500,1000,5000,,,,,,2.390,2.090,1.980,1.690,1.490,,,,,,R	,R	,R	,R	,R	,,,,,,,one color one location imprint and shipping cost	,,1	,USD	,,List	,04/20/2027	,Active	,,N	,04/20/2026	,
9438010-556399083	,World Cup Key Chain	,FCSA0326	,,"Made of zinc alloy, this Metal Football Keychain boasts a detailed soccer ball and a sleek football boot charm. It's highly durable for daily use, securely holding keys without any scratches. Being lightweight and portable, it fits effortlessly into pockets or bags. Ideal for soccer fans, it adds a sporty flair to keys, backpacks, or serves as a great gift. The smooth zinc alloy surface ensures a comfortable touch, making it a delightful accessory to show your passion.	","The detailed, lifelike design ensures it stays looking new for years, making it a durable keepsake.	","https://media.asicdn.com/images/orig/361190000/361193569.png,https://media.asicdn.com/images/orig/361190000/361193970.png,https://media.asicdn.com/images/orig/361190000/361193971.png	","Key Chains-Flexible Loop,Key Chains-Metal	",,"Coaches,FIFA Trophy Keyring,Football Matel Keychain,Metal Football Shoe Keyring,Mini Football Shoe Keyring,Players,Soccer Fan Gift	",Medium Gray=Silver	,Metal=Zinc Alloy	,Dimension	,Length:2.4:in;Width:1.7:in;Height:0.8:in	,,"Silkscreen=Silkscreen,Laser Engraved=Laser Engraved	",Up to full color	,Y	,7-9	,Y	,5-7:	,,,,,,100,300,500,1000,5000,,,,,,2.690,2.090,1.690,1.390,1.060,,,,,,R	,R	,R	,R	,R	,,,,,,,one color one location imprint and shipping cost	,,1	,USD	,,List	,04/19/2027	,Active	,,N	,04/20/2026	,
9438010-556397184	,LED LuminousGlasses	,FCSA0325	,,"The glowing glasses are very perfect for parties, bars or concerts. There are soft silicone nose pads and the lenses additional padding on the arms that make wearing the glasses comfortable. The light lenses are made of high-quality acrylic material for scratch resistance and high break resistance. These glasses are completely wireless. Requires only two 3V button batteries to work. It is characterised by the silent LED technology. Two LEDs on each arm. With infrared engraving on the glasses. A good choice for concerts, bars, KTV, dance and other entertainment possibilities.	","These LED visor glasses come with 12 customizable light modes (steady on, flash, strobe, fade, etc.) to match any vibe.	","https://media.asicdn.com/images/orig/360900000/360905320.png,https://media.asicdn.com/images/orig/360900000/360905322.png,https://media.asicdn.com/images/orig/360900000/360905324.png	","LED PRODUCTS,Light Up Novelties-General	",,"Cosplayer,Cyberpunk LED Visor Glasses,Festival goer luminous Glasses,Glow in the Dark glasses,Halloween,LED Glowing Party Glasses,Luminous Glasses,Luminous Rave Glasses,Party Lover Glasses,Sci-Fi LED Visor Sunglasses	",Other=Transparent	,Plastic=Plastic	,Dimension	,Length:6.7:in;Width:6.3:in;Height:1.8:in	,,"Laser Engraved=Laser Engraved,Silkscreen=Silkscreen	","Custom Colors,PMS Colors,Standard Colors,up to full color	",Y	,7-9	,Y	,5-7:	,,,,,,100,300,500,1000,5000,,,,,,6.690,6.190,5.590,5.280,4.790,,,,,,R	,R	,R	,R	,R	,,,,,,,one color one location imprint and shipping cost	,,1	,USD	,,List	,04/17/2027	,Active	,,N	,04/17/2026	,
9438010-556397171	,Folding Led Light Up Hand Fan	,FCSA0324	,,"This Folded hand fan rafted with a lightweight, foldable structure, this LED fan is easy to carry in your bag, backpack, or purse. Available in multiple bright colors (blue, green, red, purple, orange), it's a versatile accessory for all your night out adventures.Ideal for raves, EDM festivals, night clubs, bars, Halloween parties, cosplay, dance performances, and music concerts. This glowing fan is the ultimate accessory to keep you cool while lighting up the crowd.	","This folding hand fan features vibrant, eye-catching LED lights that glow brightly in the dark. Perfect for raves and festivals.	","https://media.asicdn.com/images/orig/360900000/360904201.png,https://media.asicdn.com/images/orig/360900000/360904207.png,https://media.asicdn.com/images/orig/360900000/360904209.png	","Fans-General,LED PRODUCTS	",,"3D Soccer Ball Beer Mug,Dishwasher Safe,Gift for Soccer Lovers,Novelty Football Coffee Cup,Office Mug,Perfect Gift for Soccer Lovers,Reusable Water Bottle for Gym,Soccer Ball Shaped Mug,Soccer Gift Coffee Mug,Sports Fan Beer Mug,Sports Fan Coffee Mug,Sports Fan Gift for Men	","Medium Red=Red,Medium Pink=Pink,Medium White=White,Medium Blue=Blue,Medium Green=Green,Medium Yellow=Yellow	",Plastic=Plastic	,Dimension	,Length:23.62:in;Width:12.99:in	,,Silkscreen=Silkscreen	,"Custom Colors,PMS Colors,Standard Colors,up to full color	",Y	,7-9	,Y	,5-7:	,,,,,,100,300,500,1000,3000,,,,,,18.800,11.900,8.990,8.190,7.890,,,,,,R	,R	,R	,R	,R	,,,,,,,one color one location imprint and shipping cost	,,1	,USD	,,List	,04/17/2027	,Active	,,N	,04/17/2026	,
9438010-556397164	,World Cup Key Chain	,FCSA0323	,,"Celebrate the spirit of the World Cup Football season with this exclusive commemorative keychain, blending timeless significance with everyday practicality. Crafted from 100% premium zinc alloy, this durable accessory is wear-resistant, rust-proof, and eco-friendly,It isn't just a keychain-it's a portable bottle opener. Perfect for football fans who want quick access to a beer opener anytime, anywhere. Whether at a bar, backyard BBQ, or watching the 2026 World Cup game, this keychain has you covered.	","This Keychain with Compact size fits easily on keys, backpacks, or purses without adding extra bulk.	","https://media.asicdn.com/images/orig/360900000/360903702.png,https://media.asicdn.com/images/orig/360900000/360903703.png,https://media.asicdn.com/images/orig/360900000/360903704.png,https://media.asicdn.com/images/orig/360900000/360903705.jpg	","Key Chains-Flexible Loop,Key Chains-Metal	",,"3D Soccer Ball Beer Mug,Dishwasher Safe,Gift for Soccer Lovers,Novelty Football Coffee Cup,Office Mug,Perfect Gift for Soccer Lovers,Reusable Water Bottle for Gym,Soccer Ball Shaped Mug,Soccer Gift Coffee Mug,Sports Fan Beer Mug,Sports Fan Coffee Mug,Sports Fan Gift for Men	","Medium Black=Black,Medium White=White,Medium Red=Red,Medium Blue=Blue,Medium Green=Green	",Other Metal=Zinc Alloy	,Dimension	,Length:4.5:in;Width:1.25:in	,,Laser Engraved=Laser Engraved	,"Custom Colors,PMS Colors,Standard Colors,up to full color	",Y	,7-9	,Y	,5-7:	,,,,,,100,300,500,1000,3000,,,,,,2.890,2.290,1.890,1.800,1.190,,,,,,R	,R	,R	,R	,R	,,,,,,,one color one location imprint and shipping cost	,,1	,USD	,,List	,04/17/2027	,Active	,,N	,04/17/2026	,
9438010-556397150	,Soccer Ball Shaped Mug	,FCSA0321	,,"This tumbler features a vivid 3D soccer ball shape with classic black-and-white panels, perfectly capturing the spirit of football. A must-have for soccer lovers, it stands out as a unique, eye-catching drinkware for game days, bars, and daily use.The smooth surface supports custom logo printing, laser engraving, and personalized designs. It is a perfect promotional gift for sports events, corporate giveaways, and birthday gifts for men, soccer coaches, and fans.Large orders We arrange sea shipment	","Leak Proof Reusable Cup for Beer, Coffee, Sports Fan Gift for Men, Bar, Home, Office,It's perfect gift for football fans	","https://media.asicdn.com/images/orig/360900000/360903074.png,https://media.asicdn.com/images/orig/360900000/360903078.png,https://media.asicdn.com/images/orig/360900000/360903090.png	","FOOTBALLS,Mugs & Steins-Ceramic	",,"3D Soccer Ball Beer Mug,Dishwasher Safe,Gift for Soccer Lovers,Novelty Football Coffee Cup,Office Mug,Perfect Gift for Soccer Lovers,Reusable Water Bottle for Gym,Soccer Ball Shaped Mug,Soccer Gift Coffee Mug,Sports Fan Beer Mug,Sports Fan Coffee Mug,Sports Fan Gift for Men	",Medium Black=Black	,Steel=Steel	,Volume/Weight	,10:oz	,,"Silkscreen=Silkscreen,Laser Engraved=Laser Engraved	","Custom Colors,PMS Colors,Standard Colors,up to full color	",Y	,7-9	,Y	,5-7:	,,,,,,27,54,100,500,1000,,,,,,26.390,25.190,24.780,24.090,23.190,,,,,,R	,R	,R	,R	,R	,,,,,,,one color one location imprint and shipping cost	,,1	,USD	,,List	,04/17/2027	,Active	,,N	,04/17/2026	,
9438010-556397133	,Desk Stand Ballpoint Pen with Suction Base	,FCSA809	,,"The pen stand is equipped with a heavy-duty, long-lasting suction cup that firmly adheres to any smooth, flat surface (glass, desks, counters, etc.). It keeps the pen securely anchored at all times, eliminating the hassle of lost or stolen pens in busy public areas,Fitted with a premium 0.5mm fine ballpoint tip, this pen delivers consistent, skip-free ink flow for crisp, clear writing. The ergonomic, non-slip grip ensures comfortable use during long hours of form-filling, customer sign-offs, and daily office tasks	","This suction cup desk pen is a practical, anti-lost stationery solution designed for high-traffic commercial and office spaces.	","https://media.asicdn.com/images/orig/360900000/360901617.png,https://media.asicdn.com/images/orig/360900000/360901564.png,https://media.asicdn.com/images/orig/360900000/360901565.png	","DESK PEN STANDS,Pens-Ballpoint-Stick	",,"0.5mm Ballpoint Pen,Advertising Pen,Anti-lost Desk Pen with Cord,Anti-Lost Pen for Bank,Anti-Lost Pen for hotel,Bank Counter Pen,Custom Printed Pen,Desk Pen,Pen,Plastic Desk Pen,Promotional Pen,Reception Desk,Suction Cup Desk Pen	","Medium Pink=Pink,Medium Yellow=Yellow,Medium Orange=Orange	",ABS=Abs	,Dimension	,Length:6.5:in;Width:2:in	,,Silkscreen=Silkscreen	,"Custom Colors,PMS Colors,Standard Colors,up to full color	",Y	,7-9	,Y	,5-7:	,,,,,,100,500,1000,1500,5000,,,,,,2.390,1.490,1.290,1.090,0.980,,,,,,R	,R	,R	,R	,R	,,,,,,,one color one location imprint and shipping cost	,,1	,USD	,,List	,04/17/2027	,Active	,,N	,04/17/2026	,
9438010-556397104	,Desk Stand Ballpoint Pen with Suction Base	,FCSA801	,,"The pen stand is equipped with a heavy-duty, long-lasting suction cup that firmly adheres to any smooth, flat surface (glass, desks, counters, etc.). It keeps the pen securely anchored at all times, eliminating the hassle of lost or stolen pens in busy public areas,Fitted with a premium 0.5mm fine ballpoint tip, this pen delivers consistent, skip-free ink flow for crisp, clear writing. The ergonomic, non-slip grip ensures comfortable use during long hours of form-filling, customer sign-offs, and daily office tasks	","This suction cup desk pen is a practical, anti-lost stationery solution designed for high-traffic commercial and office spaces.	","https://media.asicdn.com/images/orig/360900000/360901185.png,https://media.asicdn.com/images/orig/360900000/360900526.png,https://media.asicdn.com/images/orig/360900000/360900495.png	","DESK PEN STANDS,Pens-Ballpoint-Stick	",,"0.5mm Ballpoint Pen,Advertising Pen,Anti-lost Desk Pen with Cord,Anti-Lost Pen for Bank,Anti-Lost Pen for hotel,Bank Counter Pen,Custom Printed Pen,Desk Pen,Pen,Plastic Desk Pen,Promotional Pen,Reception Desk,Suction Cup Desk Pen	","Medium Pink=Pink,Medium Yellow=Yellow,Medium Orange=Orange	",ABS=Abs	,Dimension	,Length:6.5:in;Width:2:in	,,Silkscreen=Silkscreen	,"Custom Colors,PMS Colors,Standard Colors,up to full color	",Y	,7-9	,Y	,5-7:	,,,,,,100,500,1000,1500,5000,,,,,,2.390,1.490,1.290,1.090,0.980,,,,,,R	,R	,R	,R	,R	,,,,,,,one color one location imprint and shipping cost	,,1	,USD	,,List	,04/17/2027	,Active	,,N	,04/17/2026	,
9438010-556379018	,Cartoon Character Click Pen	,FCSA0322	,,"This Pen equipped with 0.5mm fine black gel ink, the retractable click design delivers consistent, skip-free writing, perfect for daily note-taking, homework, office work and journaling;Support free custom design and printing! Personalize the pen with your own text, logo or pattern, ideal for school events, business promotions, birthday gifts and party favors.	","This cartoon Pen is widely used for School stationery for students,Office supplies for daily work or Custom promotional gifts.	","https://media.asicdn.com/images/orig/360240000/360242593.png,https://media.asicdn.com/images/orig/360240000/360242606.png,https://media.asicdn.com/images/orig/360240000/360242607.png	","Pens-Ballpoint-Plunger Action,Pens-General	",,"Acrylic Charm ballpoint pen,Ballpoint pen,Birthday Gift,Cartoon  Ballpoint Pen,Click Pen,Custom Printed Gel Pen,Disney Fan Gift,Gel Pen,Gift pens,Kids Pen,Novelty   Pen,Office Pen,Party Favor,Pen,Popular Ballpoint Pen,Retractable Gel Pen,School Pen,School supplies,Student Stationery,Wrting Pen	","Medium Purple=Purple,Dark Blue=Navy,Medium Gray=Gray,Medium Black=Black,Medium Pink=Pink,Medium Green=Green	",Plastic=Plastic+ Acrylic	,Dimension	,Length:4.7:in;Width:0.6:in	,,Silkscreen=Silkscreen	,"Custom Colors,PMS Colors,Standard Colors,up to full color	",Y	,5-7	,Y	,3-5:	,,,,,,300,500,1000,1500,3000,,,,,,1.390,1.190,0.890,0.850,0.690,,,,,,R	,R	,R	,R	,R	,,,,,,,one color one location imprint and shipping cost	,,1	,USD	,,List	,04/07/2027	,Active	,,N	,04/07/2026	,
9438010-556379000	,Chemical Fiber Fluffy Curly Wig	,FCSA 0320	,,"Our long curly wig made of high-quality heat-resistant synthetic hair, this wig looks and feels like real human hair, with a soft, smooth texture that won't tangle easily. The adjustable cap fits most head sizes comfortably, ensuring a secure and breathable wear for all-day events	","Each wig comes with a wig cap for easy wearing. It's an amazing gift for friends, family, or anyone who loves cosplay and fashion.	","https://media.asicdn.com/images/orig/360240000/360242380.png,https://media.asicdn.com/images/orig/360240000/360242382.png,https://media.asicdn.com/images/orig/360240000/360242385.png	","Beauty Aids-Hair,COSTUMES & ACCESSORIES	",,"[Adjustable Cap,Colored Wig],Bright Color Curly Wig,Colored Wig,Colorful Curly Wig,Colorful Party Wig,Cosplay Curly Wig,Cosplay Wig,Halloween Curly Wig,Halloween Long Curly Wig,Long Curly Wig with Bangs,Multi-color Long Curly Wig,Neon Curly Wig,Neon Wig,Party Wig for Women,Rainbow Curly Wig,Synthetic Curly Wig with Bangs,Vibrant Long Curly Wig	","Medium Purple=Purple,Light Blue=Light Blue,Medium Pink=Pink,Medium Yellow=Yellow,Medium Green=Green,Medium Red=Red,Medium Blue=Dark Blue,Other=Lavender	",PET/PETE=Pet	,Dimension	,Length:19:in	,,Pad Print=Pad Print	,"Custom Colors,PMS Colors,Standard Colors,up to full color	",Y	,5-7	,Y	,3-5:	,,,,,,100,300,500,1000,3000,,,,,,10.990,9.900,8.790,7.590,6.490,,,,,,R	,R	,R	,R	,R	,,,,,,,one color one location imprint and shipping cost	,,1	,USD	,,List	,04/07/2027	,Active	,,N	,04/07/2026	,
9438010-556378730	,Portable stainless steel leak proof insulated water bottle	,FCSA0319	,,"This Isulated cup is  food-grade 316 stainless steel inner liner, BPA-free, safe for daily use, and keeps drinks hot/cold for hours.Adorable  cartoon character print, perfect for kids and cartoon lovers, making hydration fun and stylish.Generous 500ml volume meets kids' daily water intake needs, ideal for school, travel, and outdoor activities and sports	","Thise Cartoon Insulated Water Bottle - 500ml 316 Stainless Steel Kids Thermos Cup with Portable Handle & Straw, Leak-Proof Travel	","https://media.asicdn.com/images/orig/360230000/360239958.png,https://media.asicdn.com/images/orig/360230000/360239959.png,https://media.asicdn.com/images/orig/360230000/360239960.png	",Wristbands-General	,,"500ml travel mug,cartoon-patterned tumbler,Cup,Insulated Cup,Kids Water bottle,Large Capacity Tumbler,Leak-Proof Insulated Tumbler,one-click lid straw bottle,Portable Carry Handle Tumbler,Stainless Steel Cup,Steel Cup,Student Water bottle,Thermos Cup,[Tumbler,Travel Mug for Childre],Vacuum Flask,Water Bottle,Water Bottle with Carry Handle	","Medium Red=Red,Light Blue=Sky Blue,Medium Purple=Purple,Medium Pink=Pink	",Stainless Steel=Stainless Steel	,Volume/Weight	,16:oz	,,Laser Engraved=Laser Engraved	,"Custom Colors,PMS Colors,Standard Colors,up to full color	",Y	,5-7	,Y	,3-5:	,,,,,,50,100,200,300,1000,,,,,,12.790,12.600,12.390,12.090,9.990,,,,,,R	,R	,R	,R	,R	,,,,,,,one color one location imprint and shipping cost	,,1	,USD	,,List	,04/07/2027	,Active	,,N	,04/07/2026	,
9438010-556378709	,LED Light Up Wristband	,FCSA0318	,,"Elevate your event with our customizable LED wristbands. Easily add your brand logo, text, or unique designs through printing or engraving. Perfect for corporate promotions, wedding gifts, and school mascot gear to enhance brand visibility and spirit.	","Personalized LED Light Up Wristband with Custom Logo, Reusable Flashing Bracelet for Party Favors, Corporate Gifts, Team Building	","https://media.asicdn.com/images/orig/360230000/360239763.png,https://media.asicdn.com/images/orig/360230000/360239764.png,https://media.asicdn.com/images/orig/360230000/360239765.png	",Wristbands-General	,,"Club Bracelet,Concert LED Wristband,Concert Light Up Wristband,Event Wristband,Fabric LED Wristband,Festival LED Bracelet,Glow in the Dark Wristband,LED Flashing Wristband,LED Glowing Wristband,Light Up Wristband,Party Flashing Wristband,Party Glow Bracelet,Safety LED Armband,Safety Wristband	","Medium Red=Red,Medium Yellow=Yellow,Medium Blue=Blue,Medium Green=Green,Medium White=White,Medium Pink=Pink,Medium Orange=Orange	",Polyester=Polyester	,Dimension	,Length:10:in;Width:0.88:in	,,Silkscreen=Silkscreen	,"Custom Colors,PMS Colors,Standard Colors,up to full color	",Y	,5-7	,Y	,3-5:	,,,,,,100,300,500,1000,5000,,,,,,3.090,2.290,1.880,1.380,1.230,,,,,,R	,R	,R	,R	,R	,,,,,,,one color one location imprint and shipping cost	,,1	,USD	,,List	,04/07/2027	,Active	,,N	,04/07/2026	,
9438010-556378686	,Rainbow National Flag Color Face Paint	,FCSA 0317	,,"This portable 6-color rainbow face paint stick is designed for quick, mess-free creative expression. It features vibrant rainbow hues (red, orange, yellow, green, blue, black) that glide smoothly onto skin, making it perfect for sports events, pride parades, festivals, and kids' parties.	","Whether cheering for your team, celebrating pride, or creating playful looks, this rainbow face paint stick adds colorful joy to a	","https://media.asicdn.com/images/orig/360230000/360239659.png,https://media.asicdn.com/images/orig/360230000/360239660.png,https://media.asicdn.com/images/orig/360230000/360239664.png	",PAINT	,,"Body Paint Crayon,Face Paint Crayon,Festival Face Body Paint Stick,Game Day Face Paint,Kids Face Paint Crayon,Kids Safe Paint Stick,Paint Stick,Portable Rainbow Face Paint,Pride Face Paint Stick,Rainbow Face Paint Stick,Sports Fan Face Paint Stick,Washable Face Paint Stick	",Medium White=White	,Plastic=Plastic	,Dimension	,Length:2.4:in;Width:1.4:in	,,Pad Print=Pad Print	,"Custom Colors,PMS Colors,Standard Colors,up to full color	",Y	,5-7	,Y	,3-5:	,,,,,,500,1000,1500,5000,10000,,,,,,0.780,0.660,0.590,0.490,0.450,,,,,,R	,R	,R	,R	,R	,,,,,,,one color one location imprint and shipping cost	,,1	,USD	,,List	,04/07/2027	,Active	,,N	,04/07/2026	,
9438010-556378652	,Car Shape Ballpoint Pen	,FCSA0316	,,"This car shape ballpoint penis a great novelty gift for car enthusiasts, kids, students, or office colleagues. It's ideal for birthday gifts, classroom rewards, party favors, or promotional giveaways.Perfect for promotions and events related to auto parts & services, car dealers and racetracks, etc. Will delight any recipient. Writes in popular black ink.	","Novelty Car Shaped Ballpoint Pen, Sleek Sports Car Design Ball Point Pen with Rolling Wheels, Metallic Finish Fun Kids School.	","https://media.asicdn.com/images/orig/360230000/360239413.jpg,https://media.asicdn.com/images/orig/360230000/360239414.png,https://media.asicdn.com/images/orig/360230000/360239416.png	","Pens-Ballpoint-Plunger Action,Pens-General	",,"Ballpoint pen,Car Shape Pen,Cartoon Car Ballpoint Pen,Creative Car Stationery Pen,Metallic Finish Car Pen,Novelty Car Pen,Office Pen,Pen,Popular Ballpoint Pen,Race Car Shaped Pen,Rolling Wheels Car Pen,Sleek Sports Car Pen	","Medium Black=Black,Medium Red=Red,Medium Yellow=Yellow,Medium Blue=Blue,Medium Green=Green,Medium Purple=Purple	",ABS=Abs	,Dimension	,Length:4.8:in;Width:0.7:in;Height:0.7:in	,,Pad Print=Pad Print	,"Custom Colors,PMS Colors,Standard Colors,up to full color	",Y	,5-7	,Y	,3-5:	,,,,,,100,300,500,1000,5000,,,,,,1.880,1.690,1.490,1.390,1.090,,,,,,R	,R	,R	,R	,R	,,,,,,,one color one location imprint and shipping cost	,,1	,USD	,,List	,04/07/2027	,Active	,,N	,04/07/2026	,
9438010-556378471	,Fidget Pen	,FCSA0315	,,"The pen body can be expanded or retracted to reveal the writing tip, mimicking the shape of a squid . It's a playful fidget toy that keeps your hands busy while you think or wait., It's designed to blend fun, functionality, and stress relief in one compact accessory.Available in multiple metallic colors (purple, rose gold, gold, silver, light blue) with a smooth, glossy surface, giving it a premium look and feel.It's a good choice for gift seekers who want a unique, novelty present	","Creative Transforming Squid/Frog Ballpoint Pen, Fidget Stress Relief Decompression Pen, Novelty Expandable Pocket Pen for Student	","https://media.asicdn.com/images/orig/360230000/360239188.jpg,https://media.asicdn.com/images/orig/360230000/360239189.png,https://media.asicdn.com/images/orig/360230000/360239191.png	","Pens-Ballpoint-Plunger Action,Pens-General	",,"Ball pen,Ballpoint Pen,Decompression Fidget Pen,Fidget Decompression Pen,Fidget pen,Mechanical Deformation Pen,Novelty Fidget Toy Pen,Novelty Pen,office ball pen,Pen,Stess relief pen,student gift pen,Student pen,Toy Pen,Transforming Squid Pen	","Medium Gray=Silver,Dark Yellow=Gold,Medium Blue=Blue,Medium Purple=Purple,Gold Metal=Rose Gold	",ABS=Abs	,Dimension	,Length:2.4:in;Width:0.6:in;Height:0.6:in	,,Pad Print=Pad Print	,"Custom Colors,PMS Colors,Standard Colors,up to full color	",Y	,5-7	,Y	,3-5:	,,,,,,100,300,500,1000,5000,,,,,,2.680,1.790,1.490,1.190,0.990,,,,,,R	,R	,R	,R	,R	,,,,,,,one color one location imprint and shipping cost	,,1	,USD	,,List	,04/07/2027	,Active	,,N	,04/07/2026	,
9438010-556376214	,Lipstick Keychain Bag	,FCSA0314	,,"Multifunctional Lip Balm & Lipstick Holder: Designed to hold your lip balm, lipstick, and small lip gloss, keeping your beauty essentials organized and easy to reach anytime, anywhere. It's made of Pu it's very Lightweight and Portable,Easy to carry.Cute Heart Shape Mirror Design: Built-in heart-shaped mirror for quick touch-ups, perfect for travel, dating, shopping, and daily use. Orders of 10,000 units or greater are eligible for sea shipping.	","This Lip Balm Case is good ideal Gift for Women & Girls: Stylish and practical, great for birthdays, holiday.	","https://media.asicdn.com/images/orig/360050000/360055040.jpg,https://media.asicdn.com/images/orig/360050000/360055042.jpg,https://media.asicdn.com/images/orig/360050000/360055043.jpg	",LIPSTICKS & LIPSTICK CASES	,,"Key Chain,lip balm holder,lip Balm Keychain,Lip Balm Sleeve,Lipstick  Holder Keychain,Lipstick Sleeve,Mini Lip Balm Case,Pu Lipstick Case	","Medium White=White,Medium Black=Black,Medium Blue=Blue,Medium Pink=Pink,Medium Yellow=Yellow,Medium Red=Red,Medium Brown=Brown,Medium Purple=Purple,Other=Oyster	",PVC=Pvc	,Dimension	,Length:3.58:in;Width:1.2:in;Height:1.2:in	,,Silkscreen=Silkscreen	,"Custom Colors,PMS Colors,Standard Colors,up to full color	",Y	,10-12	,Y	,8-10:	,,,,,,100,300,500,1000,1500,,,,,,3.600,3.000,2.500,2.000,1.500,,,,,,R	,R	,R	,R	,R	,,,,,,,one color one location imprint and shipping cost	,,1	,USD	,,List	,04/04/2027	,Active	,,N	,04/04/2026	,
9438010-556376195	,Tote Bag	,FCSA0312	,,"This Canvas tote bag is triple thick than normal ,Crafted from high-quality, thick canvas that is wear-resistant and tear-resistant. The reinforced shoulder straps ensure long-lasting use without breaking,The smooth, plain surface is perfect for DIY customization. You can easily iron on patches, print custom logos, or hand-paint unique designs to create your exclusive bag	","This canvas tote bag is eco-friendly and very convinent for daily use ,nomater for school or for shopping	","https://media.asicdn.com/images/orig/360050000/360054812.jpg,https://media.asicdn.com/images/orig/360050000/360054810.jpg	","Bags-General,Tote Bags-General	",,"Bag,blank canvas tote bags,canvas carry bag,canvas grocery bag,canvas handbag,canvas tote bag,custom canvas tote bag,eco-friendly tote bag,Handbag,heavy-duty canvas carry bag,promotional canvas tote bag,reusable canvas shopping bag,Shopping bag	","Dark Blue=Navy,Light Blue=Sky Blue,Medium Purple=Purple,Medium Green=Green,Medium Brown=Brown	",Cotton=Cotton	,Dimension	,Length:13.4:in;Width:10:in;Height:5:in	,,Silkscreen=Silkscreen	,"Custom Colors,PMS Colors,Standard Colors,up to full color	",Y	,7-9	,Y	,5-7:	,,,,,,50,100,200,300,1000,,,,,,11.800,9.900,8.800,7.990,4.990,,,,,,R	,R	,R	,R	,R	,,,,,,,one color one location imprint and shipping cost	,,1	,USD	,,List	,04/04/2027	,Active	,,N	,04/04/2026	,
9438010-556376167	,Clear Gift Bag	,FCSA0309	,,"Crafted from PVC plastic, our clear gift bags are water resistant and reusable. They can be applied for shopping, traveling, groceries, parties, and gift bags for Mother's Day, baby showers, or bridal showers. If you want other sizes or colors, please contact us.Large orders can be arranged by sea.	","Our Clear gift bag are with a nice robbon tied,its'a wonderful choice for wedding or daily use ,It's very cute and lovely	","https://media.asicdn.com/images/orig/360050000/360053955.jpg,https://media.asicdn.com/images/orig/360050000/360053956.png,https://media.asicdn.com/images/orig/360050000/360053957.png	",Gift Wrap-Bags	,,"Clear Gift Bag,gift packaging,Handle Gift Bag,Party Gift Bag,Plastic Gift Bag,Ribbon Tied Gift Bag,Transparent Gift Bag,Wedding Favor Bag	","Medium White=White,Dark Blue=Navy,Medium Pink=Pink,Medium Red=Red	",PVC=Pvc	,Dimension	,Length:7.8:in;Width:7.4:in	,,Silkscreen=Silkscreen	,"Custom Colors,PMS Colors,Standard Colors,up to full color	",Y	,5-7	,Y	,3-5:	,,,,,,100,300,500,1000,5000,,,,,,3.290,2.390,1.890,1.680,0.990,,,,,,R	,R	,R	,R	,R	,,,,,,,one color one location imprint and shipping cost	,,1	,USD	,,List	,04/04/2027	,Active	,,N	,04/04/2026	,
9438010-556376165	,Cartoon Bobblehead  Pen	,FCSA0308	,,"These bobblehead pens are all kinds of animal design, like Panda ,monkeys, loved by most people. Rubber grip is soft, ensure that each gel pen is convenient and comfortable to hold. Due to its soft cushioning effect, this helps to extend writing time by reducing finger fatigue and discomfort. Each  pen has a shake head doll, long and thin pen body, and the doll on the pen will swing, lively, lovely, can bring emotional relief in learning or work. Its lovely design makes people feel happy and Stress Relief	","This bobblehead pens are all kinds of animails ,it's very cute and lovely	","https://media.asicdn.com/images/orig/360050000/360053946.jpg,https://media.asicdn.com/images/orig/360050000/360053947.jpg,https://media.asicdn.com/images/orig/360050000/360053948.png	",Pens-General	,,"3D Animal Topper Pen,Cute Cartoon Head Pen,Kawaii Gel Pen,Novelty Wiggle Pen,Pen,School Stationery Pen,Shake Gel Pen,Silicone Head Gel Pen,Stress Relief Pen,Student Prize Pen	","Medium White=White,Medium Pink=Pink,Medium Green=Green,Medium Blue=Blue,Medium Yellow=Yellow,Medium Red=Red	",Plastic=Plastic	,Dimension	,Length:8.8:in	,,Silkscreen=Silkscreen	,"Custom Colors,PMS Colors,Standard Colors,up to full color	",Y	,5-7	,Y	,3-5:	,,,,,,300,500,1000,2000,5000,,,,,,1.280,0.990,0.680,0.580,0.390,,,,,,R	,R	,R	,R	,R	,,,,,,,one color one location imprint and shipping cost	,,1	,USD	,,List	,04/04/2027	,Active	,,N	,04/04/2026	,
9438010-556376162	,Screw Lock D Hung Carabiner Keyring	,FCSA0307	,,"This D-shape keyring is Made of high-quality lightweight aluminum alloy, this D-shaped carabiner is sturdy, durable, rust-resistant and not easy to deform, perfect for long-term daily use.
Ideal for outdoor activities like camping, hiking, traveling, as well as daily use for keys, purses, bags, gadgets and small equipment organization.	","Compact size and lightweight structure make it easy to carry. You can clip it on your backpack, belt, keychain or water bottle.	","https://media.asicdn.com/images/orig/360050000/360053941.png,https://media.asicdn.com/images/orig/360050000/360053942.png,https://media.asicdn.com/images/orig/360050000/360053943.png	",Key Chains-General	,,"aluminum d ring carabiner,D Carabiner Clip,d shape carabiner clip,D-Shape keyring,D-shaped Aluminum Carabiner,key chains,Keyholder,multicolor carabiner,Portable D-Ring Carabiner,spring loaded carabiner,Spring Snap Hook Keychain	","Medium Black=Black,Medium Red=Red,Medium Purple=Purple,Medium Blue=Blue,Medium Orange=Orange,Dark Yellow=Gold,Medium Gray=Silver,Light Blue=Sky Blue,Dark Blue=Navy Blue	",Aluminum=Aluminum	,Dimension	,Length:3.2:in;Width:2:in;Height:0.4:in	,,Laser Engraved=Laser Engraved	,"Custom Colors,PMS Colors,Standard Colors	",Y	,5-7	,Y	,3-5:	,,,,,,300,500,1000,1500,5000,,,,,,2.090,1.900,1.680,1.380,1.280,,,,,,R	,R	,R	,R	,R	,,,,,,,one color one location imprint and shipping cost	,,1	,USD	,,List	,04/04/2027	,Active	,,N	,04/04/2026	,
9438010-556376159	,Press On Nails	,FCSA006	,,"Press on fake nails artificial fingernails made of acrylic ABS,environmentally friendly,not hurting hands,not easy to break.False nails with designs just choose the nail piece that suits you,polish the nail bed,paste the jelly glue we give away,and press trendy nails for 30s to get the natural manicure that girls like.Due to the limited use of jelly glue,we recommend that you use your own glue,suitable for dance parties,weekend trips,weddings,parties,Christmas,Halloween,you will receive a lot of appreciation for this.Press on french fake nails is a perfect gift for girlfriend,wife,friends and relatives.If customization is needed,it can be done on the paperboard.Welcome to brand it	","24Pcs Press On Nails Full Cover False Nails Coffin Shape Artificial Nails for Women,it's for Daily Wear Natural False Nails	","https://media.asicdn.com/images/orig/360050000/360053921.jpg,https://media.asicdn.com/images/orig/360050000/360053922.jpg,https://media.asicdn.com/images/orig/360050000/360053923.jpg,https://media.asicdn.com/images/orig/360050000/360053924.jpg	",Beauty Aids-Nails	,,"Artificial Nails,DIY Nails,Fake Nails,False Nail Tips,False Nails,Full Cover Nail Tips,Glue on Nails,Press on Nails,Stick on Nails,Stiletto Nail Tips	",Medium Black=Black	,ABS=Abs	,Dimension	,Length:4.5:in;Width:2.7:in;Height:0.4:in	,,Printed=Printed	,"Custom Colors,PMS Colors,Standard Colors	",Y	,5-7	,Y	,3-5:	,,,,,,100,200,300,500,1000,,,,,,2.900,2.400,2.250,2.000,1.500,,,,,,R	,R	,R	,R	,R	,,,,,,,one color one location imprint and shipping cost	,,1	,USD	,,List	,04/04/2027	,Active	,,N	,04/04/2026	,
9438010-556376143	,Cheer Clapper	,FCSA005	,,"Our light-up hand clapper features vibrant multicolor LED lights, creating an eye-catching glow that makes you stand out at any event. Perfect for concerts, sports games, and parties!Our LED hand clappers are BPA-free and meet safety standards, making them a worry-free choice for family-friendly events and children's parties.	","Made of high-quality, non-toxic plastic, these hand clappers are built to last. Lightweight and easy to hold.	","https://media.asicdn.com/images/orig/360050000/360053909.jpg,https://media.asicdn.com/images/orig/360050000/360053910.png,https://media.asicdn.com/images/orig/360050000/360053911.jpg	","Lights-General,PARTY FAVORS	",,"Birthday Party Supply,Carnival Prize,Cheerleading Hand Clapper,Children's Glow Toy,Concert Accessories,Event Cheering Toy,Festival Glow Toy,Flashing Hand Clapper,Glow Hand Clapper,Kids Party Toy,LED Clapping Hands,LED Hand Clapper,LED Palm Clapper,LED Toy for Kids,Light Up Hand Clapper,Light Up Noisemaker,Night Event Glow Toy,Novelty LED Toy,Party Favors,Party Noise Maker,Plastic Hand Clapper,Promotional Giveaway Toy,Sports Event Cheering,Stadium Cheering Toy	","Medium Gray=Gray,Medium Pink=Pink,Medium Blue=Blue,Medium Yellow=Yellow,Medium Purple=Purple	",Plastic=Plastic	,Dimension	,Length:11:in	,,Other=Sticker	,"Custom Colors,PMS Colors,Standard Colors,up to full color	",Y	,5-7	,Y	,3-5:	,,,,,,100,400,1000,5000,20000,,,,,,1.700,1.600,1.500,1.400,0.985,,,,,,R	,R	,R	,R	,R	,,,,,,,one color one location imprint and shipping cost	,,1	,USD	,,List	,04/04/2027	,Active	,,N	,04/04/2026	,
9438010-556376061	,Mini Carabiner Flashlight	,FCSA003	,,"Whether you're fumbling for your keys in a dimly lit parking lot, navigating a late-night hike, or preparing for an unexpected power outage, having a reliable light source at your fingertips is non-negotiable. Our Mini Carabiner LED Flashlight is designed to be that essential companion-small enough to go anywhere, bright enough to light the way, and tough enough to keep up with your busy life.	","Ever Be Left in the Dark Again, Meet Your New Go-To EDC Flashlight	","https://media.asicdn.com/images/orig/359990000/359994956.jpg,https://media.asicdn.com/images/orig/359990000/359994957.jpg,https://media.asicdn.com/images/orig/359990000/359994963.jpg	","Flashlights-General,Key Chains-With Carabiner	",,"Aluminum Keychain Flashlight,Camping Keychain,Carabiner,carabiner keychain flashlight,Carabiner Keychain Torch,Columbia Mini Flashlight,edc mini torch,Hiking mini flahshlight,Mini LED Flashlight,small led flashlight with clip,Torch	","Medium Black=Black,Medium Gray=Silver,Medium Blue=Blue,Medium Red=Red,Medium Purple=Purple,Dark Yellow=Gold,Medium Green=Green	",Metal=Metal	,Dimension	,Length:0.55:in;Width:0.55:in;Height:0.28:in	,,Engraved=Engraved	,"Custom Colors,PMS Colors,Standard Colors	",Y	,5-7	,Y	,3-5:	,,,,,,100,300,500,1000,5000,,,,,,1.990,1.190,1.080,0.990,0.590,,,,,,R	,R	,R	,R	,R	,,,,,,,one color one location imprint and shipping cost	,,1	,USD	,,List	,04/04/2027	,Active	,,N	,04/04/2026	,
9438010-556376046	,Premium Travel Mugs	,FCSA002	,,"This double wall 304 stainless steel tumbler features a unique irregular shape and vacuum insulated design to keep drinks cold and hot for hours. Equipped with a lid and reusable straw, it is leakproof, durable, and perfect for home, office, travel, and outdoor use. A stylish and practical water cup for daily drinking,If the quantity is large, we can arrange sea shipment.	",Our gradient stainless steel tumbler isn't just pretty-it's built to perform.	,"https://media.asicdn.com/images/orig/359990000/359993860.jpg,https://media.asicdn.com/images/orig/359990000/359993867.jpg,https://media.asicdn.com/images/orig/359990000/359993868.jpg,https://media.asicdn.com/images/orig/359990000/359993869.jpg,https://media.asicdn.com/images/orig/359990000/359993870.jpg	","Cups-General,TRAVEL MUGS/CUPS	",,"304 stainless steel,304 stainless steel straw cup,Double wall,Irregular shape,irregular straw cup,straw cup,Straw cup Insulated,Straw Travel mug,Straw tumbler,tumbler with straw	","Medium Blue=Graduated Blue,Medium Pink:Combo:Medium Blue:secondary=Pink-Blue,Dark Yellow:Combo:Medium Blue:secondary=Gold-Blue	",Stainless Steel=Stainless Steel	,Volume/Weight	,16:oz	,,"Silkscreen=Silkscreen,Engraved=Engraved	","Custom Colors,PMS Colors,Standard Colors,up to full color	",Y	,8-10	,Y	,7-9:	,,,,,,25,50,150,300,1000,,,,,,19.000,15.000,10.000,9.000,7.500,,,,,,R	,R	,R	,R	,R	,,,,,,,one color one location imprint and shipping cost	,,1	,USD	,,List	,04/03/2027	,Active	,,N	,04/04/2026	,
9438010-556375079	,Sprots headbands	,FCSA001	,,"Crafted from luxuriously soft milk silk fabric, this headband is lightweight, breathable, and gentle on your skin and hair. The high-stretch elastic material conforms perfectly to all head sizes, from kids to adults, without causing pressure points or headaches. Say goodbye to scratchy, uncomfortable headbands-this one feels like a cloud on your head, making it ideal for all-day wear, whether you're running errands, hitting the gym, or lounging at home.	","Milk silk fabric provides unmatched comfort and a perfect fit for all ,It a good choice to ware for daily life or gym  ,yoga walk	","https://media.asicdn.com/images/orig/359990000/359992487.jpg,https://media.asicdn.com/images/orig/359990000/359992489.jpg,https://media.asicdn.com/images/orig/359990000/359992491.jpg,https://media.asicdn.com/images/orig/359990000/359992492.jpg	",HEADBANDS	,,"aesthetic dessert headband,casual,cute sports headband,daily wear,elastic headband,fun hair accessory,hair accessory,running,sports headband,Sprinkle hairband,stretchy hair tie,stretchy hairband,travel,trendy elastic hairband,wide headband,women girls hairband,workout,yoga headbands	",Other=Sprinkle	,Polyester=Polyester	,Dimension	,Width:5.1:in;Width:5.1:in;Height:0.4:in	,,Silkscreen=Silkscreen	,"Custom Colors,PMS Colors,Standard Colors,up to full color	",Y	,7-9	,Y	,5-7:	,,,,,,100,500,1000,1500,5000,,,,,,2.400,1.600,1.300,1.000,0.800,,,,,,R	,R	,R	,R	,R	,,,,,,,one color one location imprint and shipping cost	,,1	,USD	,,List	,04/03/2027	,Active	,,N	,04/03/2026	,
9438010-556352884	,Full Color Sublimation Bucket Hat	,FCSIH018	,,"This bucket hat is made of 100% polyester twill, durable and comfy to wear, foldable and packable, lightweight and not easy to deform, reliable material ensures that you can wear them for a long time. It is designed in solid color and with brim design, which can not only provide your head a nice protection, but also add more highlights to your outfit, holding both decorative and practical functions. These bucket hats can be worn for beach, park, pool, outdoor music festivals, traveling, running, boating, camping, hiking, biking, fishing, relaxing, doing yoga, working out or other occasions, which will show your charming fully. Brim/Visor measures approximately 2.3"". Custom logo is available. we have different shipping way, the price is different.	","This bucket hat is made of 100% polyester twill, durable and comfy to wear, foldable and packable, lightweight.	","https://media.asicdn.com/images/orig/358940000/358943121.jpg,https://media.asicdn.com/images/orig/358940000/358943122.jpg,https://media.asicdn.com/images/orig/358940000/358943123.jpg,https://media.asicdn.com/images/orig/358940000/358943129.jpg	","Caps & Hats-General,Caps & Hats-Pith Helmet	",,"Bucket Hat,Caps,Cotton Cap,Cotton Hat,Fisherman Hat,Outdoor Hat,Summer Hat	",Multi Color=Multi Color	,Polyester=Polyester Twill	,Dimension	,Width:22.8:in	,,Sublimation=Sublimation	,"Custom Colors,PMS Colors,Standard Colors	",Y	,10-12	,Y	,6-8:	,,,,,,100,200,300,500,1000,3000,5000,10000,,,4.630,4.350,3.790,3.500,3.110,2.760,2.600,2.430,,,R	,R	,R	,R	,R	,R	,R	,R	,,,,,,1	,USD	,,List	,03/21/2027	,Active	,,N	,03/21/2026	,
9438010-555900722	,Debossed Printed Silicone Wristbands Bracelets	,FCSIH015	,,"Go with a classic wearable item that's great for causes, promotional messages and more. These are 100% Latex free with highest quality. In debossed silicon wristband bracelet you can debossed your organization's name and logo to create a popular and cost-efficient advertising solution that you can count on for silicon wristband bracelet. These are engraved with your message to create the perfect gift or giveaway that's both popular and cost-effective.	","Featuring raised letters on wristbands, they are an extremely popular.	","https://media.asicdn.com/images/orig/332080000/332081613.jpg,https://media.asicdn.com/images/orig/332080000/332081614.jpg,https://media.asicdn.com/images/orig/332080000/332081615.jpg,https://media.asicdn.com/images/orig/332080000/332081616.jpg,https://media.asicdn.com/images/orig/332080000/332081617.jpg,https://media.asicdn.com/images/orig/332080000/332081618.jpg	",Wristbands-General	,,"Awards,Awareness,Branding Efforts,Celebrations,Church Groups,Comfortable,Custom,Customizable Bands,Debossed,Durable,Events,Everyday Wear,Fundraisers,Graduations,Long-Lasting,Marketing,Men & Women,Parties,Personalized,Promotions,Resistant,Rubber Bracelets,Schools,Silicone Wristbands,Sports Teams,Tradeshows,Waterproof,Weddings	","Medium Black=Black,Medium Blue=Blue,Medium Green=Green,Medium Orange=Orange,Medium Pink=Pink,Medium Purple=Purple,Medium Red=Red,Medium White=White,Medium Yellow=Yellow,Other=Custom	",Silicone=Silicone	,Dimension	,Length:7.95:in;Width:0.47:in;Thickness:0.08:in	,,"Debossed=Debossed,Printed=Printed	",Up to Full colors	,Y	,3-5	,Y	,2-3:	,,,,,,100,200,300,500,1000,5000,20000,,,,1.263,0.755,0.536,0.418,0.345,0.216,0.162,,,,R	,R	,R	,R	,R	,R	,R	,,,,,1 color 1 side imprint and shipping cost	,,1	,USD	,,List	,07/22/2026	,Active	,,N	,04/30/2025	,
9438010-555894411	,15oz Eco-Friendly Wheat Straw Coffee Mug	,FCSIH013	,,"The 15oz capacity is perfect for your daily coffee needs, providing ample volume without being bulky. The wheat straw construction not only makes these cups lightweight and durable but also environmentally responsible.Each tumbler comes with a secure lid, ensuring your drink stays hot and prevents any spills while you're on the move. Their ergonomic design ensures a comfortable grip, making them ideal for travel, office, or home use. Over 1000 pcs is by SEA.	","These stylish mugs offer a sustainable way to enjoy your favourite beverages, be it coffee, tea, or other drinks.	","https://media.asicdn.com/images/orig/331940000/331949700.png,https://media.asicdn.com/images/orig/331940000/331949747.jpg,https://media.asicdn.com/images/orig/331940000/331949702.jpg,https://media.asicdn.com/images/orig/331940000/331949706.png	","Cups-General,TRAVEL MUGS/CUPS	",,"Biodegradable,Cafe,Casual bar,Coffee Mugs,Cup,Cup With Lid,Eco-friendly,Gym,Home,Office,Outdoor Travel,Portable,Reusable,Tea Cup,Trip,Water Bottle,Wheat Straw	","Medium Blue=Blue,Medium Green=Green,Medium Pink=Pink,Other=Beige	",Other=Wheat Straw	,Volume/Weight	,15:oz	,,Silkscreen=Silkscreen	,"Custom Colors,PMS Colors,Standard Colors,Up to full color	",Y	,5	,Y	,3:	,,,,,,100,200,300,500,1000,5000,20000,,,,4.380,4.020,3.850,3.720,1.620,1.480,1.030,,,,R	,R	,R	,R	,R	,R	,R	,,,,,1 color 1 location imprint and shipping cost	,,1	,USD	,,List	,07/22/2026	,Active	,,N	,04/24/2025	,
9438010-555891992	,Flower Shape Ballpoint Pen	,FCEX007	,,"The ballpoint pen with flower shape on top, it is made of quality plastic material, light in weight and in fine workmanship. heart shape,star shape and butterfly shape are also available	",Butterfly Flower Star Love Heart Ballpoint Pen Nice Ballpoint Pen Novelty Pens for Student	,"https://media.asicdn.com/images/orig/331880000/331881991.jpg,https://media.asicdn.com/images/orig/331880000/331881992.jpg,https://media.asicdn.com/images/orig/331880000/331881993.jpg,https://media.asicdn.com/images/orig/331880000/331881995.jpg,https://media.asicdn.com/images/orig/331880000/331881996.jpg	",Pens-General	,,"advertise,advertising,ball pen,Ballpoint pen,butterfly shape pen,Creative Ballpoint Pen,custom logo pen,love heart shape pen,Luxury Pen,pen,plastic pen,promotional pen,star shape pen,stationery,writing pen	","Medium Black=Black,Medium Blue=Blue,Medium Gray=Gray,Medium Green=Green,Medium Orange=Orange,Medium Pink=Pink,Medium Purple=Purple,Medium Red=Red,Medium White=White,Medium Yellow=Yellow,Assorted=Assorted	",Plastic=Plastic	,Dimension	,Length:5.3:in;Width:0.86:in	,,"Laser Engraved=Laser Engraved,Silkscreen=Silkscreen	","Custom Colors,PMS Colors,Standard Colors	",,7	,Y	,5:	,,,,,,1000,2000,3000,5000,10000,20000,,,,,0.210,0.200,0.190,0.185,0.180,,,,,,R	,R	,R	,R	,R	,Z	,,,,,,,,1	,USD	,,List	,07/22/2026	,Active	,,N	,04/22/2025	,
9438010-555891838	,ballpoint Pen with stylus tip	,FCEX006	,,"This Aluminum Pen w/ Stylus features chrome trims, rubberized finish and pocket clip. Click action black ink ballpoint pen with stylus. With super soft touch, it is very suitable for office manager. Soft Touch Ballpoint Pen with Rose Gold or silver Accents, MOQ 100pcs can be with your logo on it. Golden tone and silver tone is also available	",Soft Grip Dual Ballpoint Stylus Pens	,"https://media.asicdn.com/images/orig/331880000/331881619.jpg,https://media.asicdn.com/images/orig/331880000/331881630.jpg,https://media.asicdn.com/images/orig/331880000/331881631.jpg,https://media.asicdn.com/images/orig/331880000/331881632.jpg	",Pens-General	,,"advertise,advertising,ball pen,Ballpoint pen,custom logo pen,Luxury Pen,Metal Pens,pen,promotional pen,stationery,Stylus Pen,writing pen	","Medium Black=Black,Medium Blue=Blue,Medium Gray=Gray,Medium Green=Green,Medium Orange=Orange,Medium Pink=Pink,Medium Purple=Purple,Medium Red=Red,Medium White=White,Medium Yellow=Yellow,Assorted=Assorted	",Metal=Metal	,Dimension	,Length:5.46:in;Width:0.39:in	,,"Laser Engraved=Laser Engraved,Silkscreen=Silkscreen	","Custom Colors,PMS Colors,Standard Colors	",,7	,Y	,5:	,,,,,,100,500,1000,2500,5000,10000,,,,,1.380,0.680,0.630,0.600,0.550,0.460,,,,,R	,R	,R	,R	,R	,R	,,,,,,1 color 1 location imprint and shipping cost	,,1	,USD	,,List	,07/22/2026	,Active	,,N	,04/22/2025	,
9438010-555890214	,Reusable Travel Wheat Utensil Set	,FCSIH012	,,"This eco-friendly utensil set is made from wheat straw polypropylene. This lightweight set includes a fork, spoon, and knife. It's perfect for bringing to the office, school, or on any adventure, making mealtime easy wherever you go.Lightweight and dishwasher-safe, it combines convenience with sustainability.Over 5000 pcs is shipping by OCEAN.	",This eco-friendly utensil set is built for portability and convenience!	,"https://media.asicdn.com/images/orig/331860000/331861953.png,https://media.asicdn.com/images/orig/331860000/331861954.png,https://media.asicdn.com/images/orig/331860000/331861955.png,https://media.asicdn.com/images/orig/331860000/331861956.jpg,https://media.asicdn.com/images/orig/331860000/331861957.jpg	","Tools-Kitchen-Sets,Tools-Kitchen-Utensil Rest	",,"4 Sets,Adults,BPA Free,Camping,Case,Cutlery,Daily Use,Eco-Friendly,for Kids,Fork,Knife,Lightweight,Modern design,Picnic,Portable,Reusable,Simple,Smooth Texture,Spoons,Tableware,Travel,Utensils,Utensils Set,Wheat Straw,Working lunch	","Medium Blue=Blue,Medium Green=Green,Medium Pink=Pink,Other=Beige	",Other=Wheat Straw	,Dimension	,Length:8.3:in;Width:2.17:in	,,Silkscreen=Silkscreen	,"Custom Colors,PMS Colors,Standard Colors,Up to full color	",Y	,7	,Y	,5:	,,,,,,100,200,300,500,1000,5000,20000,,,,2.450,2.280,2.060,1.760,1.520,1.050,0.890,,,,R	,R	,R	,R	,R	,R	,R	,,,,,1 color 1 location imprint and shipping cost	,,1	,USD	,,List	,07/22/2026	,Active	,,N	,04/21/2025	,
9438010-555890176	,Eco Friendly Spiral Notebook with pen	,FCSIH011	,,"Designed with a hardcover, this spiral notebook includes 70 lined pages, elastic band closure and a matching pen with a paper barrel. Your price includes a one color, one location imprint. Add a brand name, logo or message to create a wonderful promotional gift or giveaway! Over 5000 pcs is by OCEAN.	",Keep your best ideas inside this eco-inspired notebook!	,"https://media.asicdn.com/images/orig/331860000/331861599.png,https://media.asicdn.com/images/orig/331860000/331861623.png,https://media.asicdn.com/images/orig/331860000/331861624.png,https://media.asicdn.com/images/orig/331860000/331861625.jpg,https://media.asicdn.com/images/orig/331860000/331861626.jpg	","JOURNALS & DIARIES,NOTEBOOKS	",,"A5 notebook,Business,Cardboard,Conferences,Eco Friendly,Home,Journal,Kraft Paper,Lined,Notebook,Notepad with Pen,Office,Paper,Pen Holder,Recycled,Ring Binder,School,Spiral Notebook,Taking note,Writing	","Medium Black=Black,Medium Blue=Blue,Medium Green=Green,Medium Orange=Orange,Medium Red=Red	",Paper=Paper	,Dimension	,Length:7:in;Width:5:in	,,Silkscreen=Silkscreen	,"Custom Colors,PMS Colors,Standard Colors,Up to full color	",Y	,9	,Y	,7:	,,,,,,100,200,300,500,1000,5000,20000,,,,3.950,3.720,3.380,2.920,2.020,1.830,1.350,,,,R	,R	,R	,R	,R	,R	,R	,,,,,1 color 1 location imprint and shipping cost	,,1	,USD	,,List	,07/22/2026	,Active	,,N	,04/21/2025	,
9438010-555889584	,Handheld Mini Led Light Up Fan	,FCSIH008	,,"This LED mini fan starts with the press of a button, and the LED lights on the rotating blades will show any words you want. It's small and easy to use in your hand. When you're hot, cool down a little with the Handheld LED Light Up Fan. With the simple press of a switch, the fan blades produce a colorful LED pattern light show that is absolutely amazing. Perfect for concerts, festivals, and beach parties. Our pricing is included batteries.Over 5000 pcs is by SEA.	",This is an LED luminous hand-held mini fan with flash words.	,"https://media.asicdn.com/images/orig/331830000/331831479.jpg,https://media.asicdn.com/images/orig/331830000/331831480.jpg,https://media.asicdn.com/images/orig/331830000/331831481.jpg,https://media.asicdn.com/images/orig/331830000/331831482.jpg,https://media.asicdn.com/images/orig/331830000/331831483.jpg	","Fans-General,Light Up Novelties-General	",,"Battery Powerful,Bridal Shower,Bridesmaid Gifts,Camping,Cool Down,Fan,Handheld,LED Glow,LED Neon Glow,Light up,Message Fan,Mini Fans,Party Favor,Personal Fans,Summer,Wedding Fan,Wedding Gifts	","Medium Black=Black,Medium Pink=Pink,Medium White=White,Medium Blue=Blue,Medium Green=Green,Medium Purple=Purple,Medium Yellow=Yellow,Medium Orange=Orange,Medium Red=Red	",Plastic=Plastic	,Dimension	,Length:4.23:in;Width:1.38:in;Height:1.25:in	,,Silkscreen=Silkscreen	,"Custom Colors,PMS Colors,Standard Colors,Up to full color	",Y	,5	,Y	,3:	,,,,,,100,200,300,500,1000,5000,20000,,,,3.480,3.250,3.060,2.870,2.650,1.820,1.530,,,,R	,R	,R	,R	,R	,R	,R	,,,,,1 color 1 location imprint and including shipping cost	,,1	,USD	,,List	,07/22/2026	,Active	,,N	,04/19/2025	,
9438010-555889550	,LED Selfie Ring Light	,FCSIH009	,,"Be the bright face of your brand when your next promotional giveaway is this selfie ring light for your phone! This ring light features a diffused lighting panel for soft, even illumination. Choose from 3 white light brightness modes for the perfect touch. Mount it on your phone, visor, backpack, or more! It's perfect for selfies, makeup application, reading, camping, and even cycling. Include an imprinted company name or logo for added brand awareness!	",Take your selfie game to the next level and stand out at those virtual meetings with this flattering light that works behind scren	,"https://media.asicdn.com/images/orig/331830000/331831201.jpg,https://media.asicdn.com/images/orig/331830000/331831202.jpg,https://media.asicdn.com/images/orig/331830000/331831203.jpg,https://media.asicdn.com/images/orig/331830000/331831204.jpg,https://media.asicdn.com/images/orig/331830000/331831205.jpg	","LED PRODUCTS,Mobile Accessories-Selfie Lights	",,"3 Light,Adjustable,Camera,Cell Phone,Clip-on,Facetime Calls,Laptop,LED Light,Lighting,Mini,Phone Tablet,Professional Headshots,Rechargeable,Ring Light,Selfie,Video,Video Conferences,Zoom Meetings	","Medium Black=Black,Medium Pink=Pink,Medium White=White,Medium Blue=Blue	",Plastic=Plastic	,Dimension	,Dia:3.35:in	,,Silkscreen=Silkscreen	,"Custom Colors,PMS Colors,Standard Colors,Up to full color	",Y	,5	,Y	,3:	,,,,,,100,200,300,500,1000,5000,20000,,,,2.780,2.550,2.420,2.180,1.950,1.580,1.230,,,,R	,R	,R	,R	,R	,R	,R	,,,,,1 color 1 location mprint and including shipping cost	,,1	,USD	,,List	,07/22/2026	,Active	,,N	,04/19/2025	,
9438010-555885310	,Leather Folder Portfolio	,FCEX005	,,"Perfect for business travel and executive meetings, it features a versatile design with an 8-bit calculator (12-bit is also available) and an A4 conference folder for seamless preparation. Crafted from durable, waterproof PU leather, it ensures your documents are protected while showcasing your professionalism. With a metal clipboard, central pen holder,	","Multicolor Folding Paper Bamboo Hand Fan for Wedding, Party, Trade show and Event	","https://media.asicdn.com/images/orig/331730000/331731325.jpg,https://media.asicdn.com/images/orig/331730000/331731363.jpg,https://media.asicdn.com/images/orig/331730000/331731364.jpg,https://media.asicdn.com/images/orig/331730000/331731366.jpg	",Portfolios-General	,,"Clipboard,Ideal Organizer,Leather Portfolio Folder,Padfolio,Portfolio Folder,Portfolio Organizer,Writting Pad	","Medium Blue=Blue,Medium Black=Black,Medium Brown=Brown	",Polyurethane (PUR or PU)=Pu Leather	,Dimension	,Length:13.19:in;Width:9.65:in	,,Silkscreen=Silkscreen	,Up to Full colors	,,7	,Y	,5:	,,,,,,50,100,400,1000,,,,,,,13.830,12.680,12.170,10.850,,,,,,,R	,R	,R	,R	,,,,,,,,,,1	,USD	,,List	,07/22/2026	,Active	,,N	,04/16/2025	,
9438010-555884817	,Folding Paper hand Fan	,FCEX004	,,"Folding fans made of bamboo, very light weight, these fans suit for kids diy painting, artist drawing projects suit for decorating wedding, house, office, stages, best choice for party and various festivals.	","Multicolor Folding Paper Bamboo Hand Fan for Wedding, Party, Trade show and Event	","https://media.asicdn.com/images/orig/331720000/331724453.jpg,https://media.asicdn.com/images/orig/331720000/331724454.jpg,https://media.asicdn.com/images/orig/331720000/331724455.jpg,https://media.asicdn.com/images/orig/331720000/331724456.jpg	",Fans-General	,,"Advertising Fan,Bamboo Fans,DIY Paper Fan,Foldable Fan,Home Decoration,Paper Fan,Paper Folding Fan,Party,Portable Hand Fan,Promotional Fan,Wedding Gift	","Medium Blue=Blue,Medium Green=Green,Medium Orange=Orange,Medium Yellow=Yellow,Medium Pink=Pink,Medium Purple=Purple,Medium White=White,Medium Red=Red,Assorted=Assorted	","Paper=Paper,Bamboo=Bamboo	",Dimension	,Length:9:in;Width:3.8:in;Height:17:in	,,Silkscreen=Silkscreen	,Up to Full colors	,,7	,Y	,5:	,,,,,,100,500,1000,2000,3000,5000,,,,,2.350,2.080,1.580,1.070,1.050,0.970,,,,,R	,R	,R	,R	,R	,R	,,,,,,,,1	,USD	,,List	,07/22/2026	,Active	,,N	,04/16/2025	,
9438010-555884730	,Mini USB Fan	,FCEX003	,,"Stay cool and connected with our USB FAN for iPhone, Micro and Type C supported phones - 3in1! This versatile and portable fan is the perfect way to beat the heat while on-the-go or at your desk. With its triple compatibility and customizable branding options, this fan is a great way to promote your brand and make a lasting impression. Ideal for trade shows, conferences, and other events, this fan is a must-have accessory for staying cool and connected.	","Mini Cell Phone Fan 3-in-1 Fan Compatible for iPhone, iPad, Android Smartphone,Tablet	","https://media.asicdn.com/images/orig/331720000/331724221.jpg,https://media.asicdn.com/images/orig/331720000/331724241.jpg,https://media.asicdn.com/images/orig/331720000/331724242.jpg,https://media.asicdn.com/images/orig/331720000/331724243.jpg	",Fans-USB	,,"3-in-1 fan,mini cell phone fan,Mini Fan,mini phone fan,mini usb fan,Muntilfuction Fan,pocket fan,portable fan,small pocket fan,summer essential,Summer Fan,Usb fan	","Medium Black=Black,Medium White=White,Medium Blue=Blue,Medium Orange=Orange,Medium Pink=Pink,Medium Green=Green	",Plastic=Plastic	,Dimension	,Length:3.5:in;Width:1.1:in;Height:0.75:in	,,Silkscreen=Silkscreen	,Up to Full colors	,,7	,Y	,5:	,,,,,,250,500,1000,2000,5000,,,,,,1.420,1.250,1.160,1.110,1.050,,,,,,R	,R	,R	,R	,R	,,,,,,,1 color 1 location imprint and shipping cost	,,1	,USD	,,List	,07/22/2026	,Active	,,N	,04/16/2025	,
9438010-555871574	,Mini Push Pop Bubble Fidget Sensory Toys	,FCEX002	,,"Made Of Silicone . Press Bubbles Down To Relieve Stress . Encourages Focus And Self-Soothing For Users With Anxiety, Attention Disorders And More . Fun Stress Reliever . Make Your Own Pattern By Pressing On Different Bubbles Or Just Press For Fun .	","Mini Pop Push It Fidget Toy Keychain,Stress Reliever Toy Anxiety Squeeze Sensory Toy for Kids Adults	","https://media.asicdn.com/images/orig/331490000/331499834.jpg,https://media.asicdn.com/images/orig/331490000/331499854.jpg,https://media.asicdn.com/images/orig/331490000/331499855.jpg,https://media.asicdn.com/images/orig/331490000/331499856.jpg	","Key Chains-General,Stress Relievers-General	",,"Custom Keychain,Fidget Buttons Keychain,Mini Pop It Keychain,Push It Sensory Fidget Toy,Rubber Band Keychain,Rubber Key Ring,Silicone Key Chain,Silicone Keychain,Silicone Keyholder,Silicone Keyring	","Medium Black=Black,Medium Green=Green,Medium Blue=Blue,Medium Orange=Orange,Medium Red=Red,Medium Purple=Purple,Medium Gray=Silver,Medium Brown=Brown,Medium Pink=Pink,Medium Yellow=Yellow,Medium White=White,Light Blue=Light Blue	",Silicone=Silicone	,Dimension	,Length:2:in;Width:2:in	,,Silkscreen=Silkscreen	,"Custom Colors,PMS Colors,Standard Colors,up to full color	",,7	,Y	,3:	,,,,,,100,500,1000,3000,5000,10000,,,,,1.240,0.660,0.540,0.510,0.470,0.420,,,,,R	,R	,R	,R	,R	,R	,,,,,,1 color 1 location imprint and shipping cost	,,1	,USD	,,List	,07/22/2026	,Active	,,N	,04/08/2025	,
9438010-555871076	,Push Pop Stress Reliever Keychain	,FCEX001	,,"Made Of Silicone . Press Bubbles Down To Relieve Stress . Encourages Focus And Self-Soothing For Users With Anxiety, Attention Disorders And More . Fun Stress Reliever . Make Your Own Pattern By Pressing On Different Bubbles Or Just Press For Fun .	","Anti-Stress Sensory Pop Fidget Toys with Key Ring,Mini Silicone Keychain Toys, Pop Push It Fidget Toy,	","https://media.asicdn.com/images/orig/331490000/331492810.jpg,https://media.asicdn.com/images/orig/331490000/331492832.jpg,https://media.asicdn.com/images/orig/331490000/331492833.jpg,https://media.asicdn.com/images/orig/331490000/331492852.jpg	","Key Chains-General,Stress Relievers-General	",,"Anti Stress Reliever Key Chain,Bracelet Wristlet Keychain,Custom Keychain,Events gifts,Keychain,Push Pop Sensory Keychain,Rubber Band Keychain,Rubber Key Ring,Silicone Key Chain,Silicone Keychain,Silicone Keyholder,Silicone Keyring,Wedding Favors,Wristband Keychain,Wristlet Keychain	","Medium Black=Black,Medium Green=Green,Medium Blue=Blue,Medium Orange=Orange,Medium Red=Red,Medium Purple=Purple,Medium Gray=Silver,Medium Brown=Brown,Medium Pink=Pink,Medium Yellow=Yellow,Medium White=White,Light Blue=Light Blue	",Silicone=Silicone	,Dimension	,Length:5.7:in;Width:0.7:in	,,Silkscreen=Silkscreen	,"Custom Colors,PMS Colors,Standard Colors,up to full color	",,7	,Y	,3:	,,,,,,500,1000,2000,5000,10000,,,,,,1.310,0.910,0.830,0.810,0.780,,,,,,R	,R	,R	,R	,R	,,,,,,,1 color 1 location imprint and shipping cost	,,1	,USD	,,List	,07/22/2026	,Active	,,N	,04/08/2025	,
9438010-555815300	,Classic UV400 Sunglass	,FCSIH017	,,"These sunglasses feature Optical Glasses UV . double-layer lens technology and anti-fog coated inner lens provide you with a fog-free skiing experience. Safe and UV  400 protection.  Effective ventilation reduce fogging, brings fresh air, exhaust hot air & moisture quickly. Better anti-fog performance than others when skiing snowboarding, skating, motorcycling riding and more.	",These sports cycling sunglasses have a novel design and a sense of sportiness.	,"https://media.asicdn.com/images/orig/340820000/340826259.png,https://media.asicdn.com/images/orig/340820000/340826265.png,https://media.asicdn.com/images/orig/340820000/340826274.png,https://media.asicdn.com/images/orig/340820000/340826275.png,https://media.asicdn.com/images/orig/340820000/340826276.png	",SUNGLASSES	,,"Beach,Climbing,Company Picnics,Driving,Fishing,Golf,Hiking,Huntingg,Lens,Men,Optical,Outdoor,Park,Running,Skiing,Sport Sunglasses,Summer,Sun Glasses,Sunglasses,UV400,Women	","Medium Blue=Blue,Medium Red=Red,Medium Orange=Orange,Medium Green=Green,Medium Black=Black,Medium Yellow=Yellow,Other=Black&Pink,Other=Black&Purple,Medium Black=Black&Teal,Other=Black&White,Other=Custom	",Plastic=Pp	,Dimension	,Length:5.4:in;Width:5.5:in	,,Silkscreen=Silkscreen	,"Custom Colors,PMS Colors,Standard Colors,up to full color	",Y	,7-9	,Y	,5-7:	,,,,,,100,200,500,1000,2000,5000,20000,,,,1.560,1.420,1.310,1.180,0.970,0.850,0.620,,,,R	,R	,R	,R	,R	,R	,R	,,,,,1 color 2 location and shipping cost	,,1	,USD	,,List	,07/22/2026	,Active	,,N	,03/10/2025	,
9438010-555815149	,2 Bottles Felt Wine Bag	,FCSIH006	,,"The 2 bottles wine bag is made of high-quality felt, equipped with PU handle, exquisite craftsmanship, tight stitching, not easy to break or deform, can bring good protection to your wine bottles, and can be used for a long time. Felt wine bags protect your wine bottles from external impacts and are perfect for taking to the beach, park, parties, picnics, weddings, concerts and sporting events, these wine tote bags are the ideal way to transport and chill your wine.profound impact on everyone.	","Our 2-bottle wine bags are crafted from high-quality, thick felt, ensuring durability and protection for your wine bottles.	","https://media.asicdn.com/images/orig/330670000/330672542.png,https://media.asicdn.com/images/orig/330670000/330672543.jpg,https://media.asicdn.com/images/orig/330670000/330672544.jpg,https://media.asicdn.com/images/orig/330670000/330672546.jpg,https://media.asicdn.com/images/orig/330670000/330672548.jpg	","Bags-Bottle,Tote Bags-General	",,"2 Bottles,Birthday,Carrier,Dinner,Favors,Felt Bags,Felt Wine,Festival,Gift Bags,Glass Bottle,Handle,Party,PU leather,Storage,Tote Bag,Wedding,Wine Bottle	","Medium Black=Black,Medium Red=Red,Medium Gray=Gray,Other=Custom	",Felt=Felt	,Dimension	,Length:11.22:in;Width:5.61:in;Height:9.84:in	,,"Heat Transfer=Heat Transfer,Embossed=Embossed,Silkscreen=Silkscreen	","Up to full color,Standard Colors,Custom Colors,PMS Colors	",Y	,5-7	,Y	,3-5:	,,,,,,100,200,300,500,1000,5000,10000,,,,4.480,4.320,4.180,3.920,3.780,2.580,2.350,,,,R	,R	,R	,R	,R	,R	,R	,,,,,one color one location imprint and shipping cost	,,1	,USD	,,List	,07/22/2026	,Active	,,N	,03/10/2025	,
9438010-555811771	,60W Fast Charging Adapter Kit data cable	,FCSIH005	,,"60W USB C Adapter, Micro USB Charging Cable with USB C Lighting Cable Adapter, Lighting to USB C Adapter, Car Charger Cord for iPhone, Google Pixel, Samsung Galaxy.It is not just a USB Adapter converter, you can also use it to charge your phone, transfer data(480Mbps), store your SIM card, and remove your phone SIM card. And, it is a phone holder. At the same time, it is convenient to carry.	",This multi charging cable works with most common flash drives and has a cable storage box that protects the cable ends	,"https://media.asicdn.com/images/orig/330590000/330592564.png,https://media.asicdn.com/images/orig/330590000/330592588.png,https://media.asicdn.com/images/orig/330590000/330592589.png,https://media.asicdn.com/images/orig/330590000/330592590.png	","Battery Rechargers & Adaptors-Wireless QI Charger,Mobile Accessories-Cables & Cords	",,"60W,9 in 1,A Adapter,Adapter,Cable Case,Cable Kit,Card Slot,Convertor,Data Transfer,Ejector Pin,Fast Charging,iOS Device,Laptop,Micro USB,Multi Charging,OTG,Phone Holder,Smartphone,Tablet,Traveling,Type C,USB C	","Medium Black=Black,Medium White=White	",Plastic=Plastic	,Dimension	,Length:5:in	,,Silkscreen=Silkscreen	,"Custom Colors,PMS Colors,Standard Colors,Up to full color	",Y	,3-5	,Y	,2-3:	,,,,,,100,200,300,500,1000,5000,10000,,,,2.580,2.220,1.990,1.870,1.380,1.120,1.030,,,,R	,R	,R	,R	,R	,R	,R	,,,,,1 color 1 location imprint and shipping cost	,,1	,USD	,,List	,07/22/2026	,Active	,,N	,03/07/2025	,
9438010-555799635	,Beach Ball Stress Reliever	,FCSIH004	,,"Made of soft and pliable foam, these 2.5"" round balls have fun multi-colored beach ball looks and lines that will have you in a vacation mindset after just a few squeezes. They're great for throwing, tossing and catching. Multicolor design. Add your school, sports team, organizational or company logo or message through our pad print process to customize.	","Don't suffer from the summer blues, invest in a Beach Ball Stress Reliever!	","https://media.asicdn.com/images/orig/330610000/330614077.png,https://media.asicdn.com/images/orig/330610000/330614071.png,https://media.asicdn.com/images/orig/330310000/330313323.png,https://media.asicdn.com/images/orig/330310000/330313324.png,https://media.asicdn.com/images/orig/330310000/330313325.png	","Stress Relievers-Balls,Toys-Fidget	",,"Beach,Beach Ball,Birthday Party,Entertainment,Favor,Games,Hawaiian,Office,Pool Game,PU Balls,Rainbow,Relief,Reliever,Round Ball,Stree Reliever,Stress Ball,Swimming,Toy,Toy Foam	",Multi Color=Multi Color	,Polyurethane (PUR or PU)=Pu	,Dimension	,Length:2.5:in	,,Silkscreen=Silkscreen	,up to full color	,Y	,5-7	,Y	,3-5:	,,,,,,100,300,500,1000,2000,5000,10000,,,,1.852,1.735,1.506,1.311,1.182,0.905,0.855,,,,R	,R	,R	,R	,R	,R	,R	,,,,,1 color 1 location imprint and shipping cost	,,1	,USD	,,List	,07/22/2026	,Active	,,N	,02/28/2025	,
9438010-555799524	,Custom Unisex Polo Shirt	,FCSIH003	,,"This top is crafted of 60% cotton and 40% polyester.Perfect for employee apparel.  Features include a ribbed collar and cuffs with contrast striped tipping, striped neck tape, branded three button placket, short sleeves with ribbed trim. This exclusive product is sold unimprinted, comes in a assortment of colors and sizes ranging from S-3XL.	",This men's and ladies' Polo is a top that everyone needs as part of their wardrobe!	,"https://media.asicdn.com/images/orig/330310000/330312623.png,https://media.asicdn.com/images/orig/330310000/330312626.png,https://media.asicdn.com/images/orig/330310000/330312627.png,https://media.asicdn.com/images/orig/330310000/330312628.png	","Clothing-General,Golf/Polo Shirts-Unisex	",,"Boyfriend,Brother,Business meeting,Business Shirts,Custom Polo,Dad,Design,Employees,Golf Shirt,Grandpa,Husband,Lawyer,Leisure activities,Men,Mesh Breathable,Nephew,Papa,Personalized,Polo Shirts,Quick-drying,Realtor,Short Sleeve,Son,Sports,Sweat-wicking,Team,Unisex,Women,Your Logo	","Medium Black=Black,Medium Gray=Gray,Medium Yellow=Yellow,Dark Blue=Navy,Medium Green=Olive,Medium Pink=Pink,Medium Orange=Orange,Medium White=White,Other=Custom	",Cotton=Cotton	,Apparel-Mens	,"S,M,L,XL,2XL,3XL	",,"Silkscreen=Silkscreen,Embroidered=Embroidered,Heat Transfer=Heat Transfer	","Custom Colors,PMS Colors,Standard Colors,Up to full color	",Y	,7-9	,Y	,5-7:	,,,,,,100,200,300,500,1000,5000,10000,,,,7.800,7.630,7.480,7.020,6.020,5.530,5.060,,,,R	,R	,R	,R	,R	,R	,R	,,,,,1 color l location imprint and shipping cost	,,1	,USD	,,List	,07/22/2026	,Active	,,N	,02/28/2025	,
9438010-555799468	,Custom Premium Unisex Polo Shirt	,FCSIH002	,,"This Custom Unisex Polo Shirt is made of High Quality material.Use soft smooth fabric wicks moisture quickly, keep you dry. Perfect for sports such as golf and tennis, wearing to the office, or lounging around home.Perfect for office, school or other team activities. LOGO and print patterns, Size measurement and color can be customized.	","This is a Summer polo advertising shirt, it's short-sleeved, lapel deisgn for men and women. Breathable, quick dry, and Sustainabl	","https://media.asicdn.com/images/orig/330310000/330312550.jpg,https://media.asicdn.com/images/orig/330310000/330312551.png,https://media.asicdn.com/images/orig/330310000/330312552.png,https://media.asicdn.com/images/orig/330310000/330312553.png	","Clothing-General,Golf/Polo Shirts-Unisex	",,"Boyfriend,Brother,Business meeting,Business Shirts,Custom Polo,Dad,Design,Employees,Golf Shirt,Grandpa,Husband,Lawyer,Leisure activities,Men,Mesh Breathable,Nephew,Papa,Personalized,Polo Shirts,Quick-drying,Realtor,Short Sleeve,Son,Sports,Sweat-wicking,Team,Unisex,Women,Your Logo	","Medium Black=Black,Medium Gray=Gray,Medium Yellow=Yellow,Dark Blue=Navy,Medium Green=Olive,Medium Pink=Pink,Medium Orange=Orange,Medium White=White,Other=Custom	",Cotton=Cotton	,Apparel-Mens	,"S,M,L,XL,2XL,3XL	",,"Silkscreen=Silkscreen,Embroidered=Embroidered,Heat Transfer=Heat Transfer	","Custom Colors,PMS Colors,Standard Colors,Up to full color	",Y	,7-9	,Y	,5-7:	,,,,,,100,200,300,500,1000,5000,10000,,,,19.050,18.870,18.250,17.760,15.720,12.030,11.580,,,,R	,R	,R	,R	,R	,R	,R	,,,,,1 color 1 location imprint and shipping cost	,,1	,USD	,,List	,07/22/2026	,Active	,,N	,02/28/2025	,
9438010-555796595	,100% Cotton Turkish Beach Towel	,FCSIH001	,,"This Turkish Beach Towel is made of 100% cotton and are lightweight, quick drying, and space-efficient.Towel rolls up neatly to pack & go. Perfect for beach, pool, spa, sauna, gym, yoga, travel, camping and picnics. Towel takes about a quarter of the space of a traditional plush towel. Easily stack on small bathroom display shelves or hang on wall-hooks. Completely logo and color customizable. Embroider or heat transfer either side of the towel and pick a custom Pantone color for the stripes from 200+ units. Over 1000 pcs is by SEA.	","100% Cotton Turkish Towels are lightweight, quick drying, and space-efficient.	","https://media.asicdn.com/images/orig/330290000/330294213.png,https://media.asicdn.com/images/orig/330290000/330294215.png,https://media.asicdn.com/images/orig/330290000/330294217.png,https://media.asicdn.com/images/orig/330290000/330294218.png,https://media.asicdn.com/images/orig/330290000/330294219.png	","Towels-Bath,Towels-Beach	",,"100% Cotton,Absorbent,Bath Towels,Beach,Beach Blanket,Beach Towel,Camping,Compact,Extra Large,Gym,High Quality,Lightweight,Luxurious,Oversized,Pool,Premium Cotton,Quick-Dry,Sand Free,Soft,Spa,Stylish,Travel,Turkish Towel,Yoga	","Medium Pink=Pink,Medium Purple=Purple,Medium Blue=Blue,Medium Gray=Other,Medium Brown=Brown,Medium Orange=Orange,Other=Custom	",Cotton=100% 200Gsm Cotton	,Dimension	,Length:72:in;Width:40:in	,,"Embroidered=Embroidered,Heat Transfer=Heat Transfer	","Up to full color,Custom Colors	",Y	,5-7	,Y	,3-5:	,,,,,,100,200,300,500,1000,5000,10000,,,,9.720,9.350,9.020,8.750,5.850,5.620,4.880,,,,R	,R	,R	,R	,R	,R	,R	,,,,,1 color 1 location imprint and shipping cost	,,1	,USD	,,List	,07/22/2026	,Active	,,N	,02/27/2025	,
9438010-555678558	,Small Wireless Portable Bluetooth Speaker	,FCSM66	,,"Our mini speaker boasts a sleek and compact design, bluetooth5.0 transmission technology, high-speed and stable wireless data transmission, strong anti-interference, can be easily used indoors or outdoors.making it a portable companion for your adventures. Slip it into your backpack or pocket and enjoy your favorite tunes on the go.Experience crystal-clear audio with our advanced speaker system, equipped with powerful drivers and a passive bass radiator, this speaker delivers rich, well-balanced sound, enhancing your music, podcasts, and audiobooks.Stay connected with the latest Bluetooth 5.0 technology, ensuring a stable and seamless wireless connection to your smartphones, tablets, or other Bluetooth-enabled devices. Enjoy uninterrupted music streaming and hands-free calling.	","In addition to Bluetooth connectivity, our speaker offers multiple playback options.	","https://media.asicdn.com/images/orig/328410000/328410939.jpg,https://media.asicdn.com/images/orig/328410000/328410940.jpg,https://media.asicdn.com/images/orig/328410000/328410941.jpg,https://media.asicdn.com/images/orig/328410000/328410942.jpg,https://media.asicdn.com/images/orig/328410000/328410943.jpg,https://media.asicdn.com/images/orig/328410000/328410944.jpg,https://media.asicdn.com/images/orig/328410000/328410945.jpg,https://media.asicdn.com/images/orig/328410000/328410946.jpg	","Electronic Devices-General,Speakers-Wireless	",,"Active Speaker,Bass Bluetooth Speaker,Bluetooth Mini Speaker,Bluetooth Speaker,Outdoor Speaker,Premium Enterainment,Subwoofer Bluetooth Speaker,Travel Mini Speaker,Wireless Mini Speaker,Wireless Speaker	","Medium Black=Black,Medium Gray=Gray,Medium Blue=Blue,Medium Red=Red,Medium Pink=Pink,Dark Blue=Navy Blue	",ABS=Abs	,Dimension	,Length:3.4:in;Width:3.4:in;Height:3.5:in	,,Silkscreen=Silkscreen	,Up to full color	,,8-10	,Y	,7-9:	,,,,,,100,200,500,1000,2000,5000,10000,,,,12.236,11.652,10.382,9.675,9.041,8.725,8.216,,,,R	,R	,R	,R	,R	,R	,R	,,,,,one color one location imprint and shipping cost	,,1	,USD	,,List	,07/22/2026	,Active	,,N	,12/09/2024	,
9438010-555678539	,Multi-Size Drawstring  Organza Gift Bags	,FCSM65	,,"This Organza Gift Bags Light weight, easy to take, the small jewelry pouches can store things more safely, can be reused for long time,Drawstring design enables this small bag to be easy to open or close, can better avoid your items from falling off, not only can be used as a simple storage bag for your jewelry or small gift, but also a nice gift option for friends or family members.Many sizes and colors are available.	","The jewelry pouch can help protect your items,proper for jewelry, necklaces, rings, chargers, cables, watches and other small item	","https://media.asicdn.com/images/orig/328410000/328410573.jpg,https://media.asicdn.com/images/orig/328410000/328410574.jpg,https://media.asicdn.com/images/orig/328410000/328410575.jpg,https://media.asicdn.com/images/orig/328410000/328410576.jpg	",Gift Wrap-Bags	,,"Birthday Gift Bag Party Favors,Bundle Pocket,Candy Pouches,Christmas,Cosmetic Bag,Dice Bags,Drawstring Bag,Drawstring Organza  Bags,Drawstring Pouches,Flocking Drawstring Pouch,Jewelry Bags,Jewelry Packaging Bag,Mesh Bags,Mobile Phone Bag,Organza Bags,Party Gift Bag,Sheer Organza Bag,Small Business Supplies,Small Drawstrings Pouches,Small Fabric Pouch,Small Gift Pouches,Small Mesh Bags,Storage Bag,Sundries Bags,Wedding Decor,Wedding Favor Bags,Wedding Gift Bag,Wedding Party	","Medium White=White,Medium Black=Black,Medium Gray=Gray,Dark Yellow=Gold,Medium Green=Green,Medium Red=Red,Dark Red=Maroon,Medium Purple=Purple,Medium Pink=Pink,Medium Orange=Orange,Medium Yellow=Yellow,Medium Brown=Brown,Bright Blue=Royal Blue,Dark Blue=Navy Blue,Light Blue=Light Blue,Other=Olive	",Mesh=Mesh	,Dimension	,Length:3.9:in;Width:5.9:in	,,Silkscreen=Silkscreen	,Up to full color	,,8-10	,Y	,7-9:	,,,,,,200,300,500,1000,2000,5000,10000,,,,0.748,0.611,0.385,0.269,0.216,0.171,0.149,,,,R	,R	,R	,R	,R	,R	,R	,,,,,one color one location imprint and shipping cost	,,1	,USD	,,List	,07/22/2026	,Active	,,N	,12/09/2024	,
9438010-555678517	,Velvet Drawstring Gift Bags	,FCSM64	,,"These velvet gift bags are made of high quality flannelette,exquisite workmanship,beautiful and practical,classic color,simple fashion,support you to use many times. They are easy to use and are designed to open and close easily, Ideal for storing Christmas tree ornaments, guardian angel coin, Advent Calendar treasures, game pieces, marbles, money, change, coin tokens, figures, mini bottles, business cards, make watch cushions and more.protecting your items and avoiding loss of your items.These drawstring gift bags are widely used,such as daily use,birthday parties,Christmas,weddings,formal dinners,Valentine's Day,etc;Other regular sizes are available like 2"" x 2.7"", 2.7"" x 3.5"", 3.9"" x 4.7"", 3.9"" x 5.9"", 4.7"" x 5.9"",5"" x 7"",5.9"" x 7.9"",6.7"" x 9"",7.9"" x 9"",11.8"" x 15.7"" and we can also cus	","The jewelry pouch has a drawstring, which can greatly protect the contents in it and avoid the items leaking out and getting lost	","https://media.asicdn.com/images/orig/328410000/328410442.jpg,https://media.asicdn.com/images/orig/328410000/328410443.jpg,https://media.asicdn.com/images/orig/328410000/328410444.jpg	","Bags-Drawstring,Gift Wrap-Bags	",,"Birthday Gift Bag Party Favors,Bundle Pocket,Candy Bags,Christmas,Cosmetic Bag,Dice Bags,Display Drawstring,Flannel Gifting Pouches,Flocking Drawstring Pouch,Gift Bag,Item Storage Bag,Jewelry Bag,Jewelry Package,Jewelry Packaging Bag,Mobile Phone Bag,Party Favor,Party Gift Bag,Portable Velvet Drawstring,Small Business Supplies,Small Drawstrings Pouches,Storage Bag,Velvet Bag,Velvet Drawstring Bags,Velvet Gift Bags,Wedding Decor,Wedding Favors,Wedding Gift Bag,Wedding Party,Wedding Small Bags	","Medium Black=Black,Medium Gray=Gray,Bright Blue=Royal Blue,Medium White=White,Medium Green=Green,Medium Pink=Pink,Medium Purple=Purple,Medium Brown=Brown,Medium Blue=Blue,Light Blue=Light Blue,Medium Orange=Orange,Dark Yellow=Gold,Other=Beige	",Other Fabric=Flannel	,Dimension	,Length:3.1:in;Width:3.9:in	,,Silkscreen=Silkscreen	,Up to full color	,,7-9	,Y	,5-7:	,,,,,,100,200,500,1000,2000,5000,10000,,,,1.775,1.038,0.534,0.452,0.368,0.307,0.254,,,,R	,R	,R	,R	,R	,R	,R	,,,,,one color one location imprint and shipping cost	,,1	,USD	,,List	,07/22/2026	,Active	,,N	,12/09/2024	,
9438010-555678504	,Small Eco-Friendly Burlap Packing Drawstring Pouch	,FCSM63	,,"These burlap drawstring jute bags with various color options are ideal promotional giveaway bag for carrying small stuffs, like jewelries, candies, coffee beans and coffee powder, seeds, tea, perfume and any other small gifts on a ceremony, wedding or parties. It can be specially used in packing nuts and seeds as well. With double drawstrings at top of the bag, you can put your items into the bag cinch up it easily. We can print your brand, logo, contact information on the bag.Other regular sizes are available like 3 1/2"" x 4 3/4"", 4"" x 6"", 4 3/4"" x 6 11/16"", 6"" x 8"", 7"" x 10"" and we can also customize any sizes.10000pcs shipping by sea.	",This practical bag will definitely gain your clients' attention and get connect with your customer well.	,"https://media.asicdn.com/images/orig/328410000/328410301.jpg,https://media.asicdn.com/images/orig/328410000/328410302.jpg,https://media.asicdn.com/images/orig/328410000/328410303.jpg,https://media.asicdn.com/images/orig/328410000/328410304.jpg,https://media.asicdn.com/images/orig/328410000/328410305.jpg,https://media.asicdn.com/images/orig/328410000/328410306.jpg,https://media.asicdn.com/images/orig/328410000/328410307.jpg	","Bags-Drawstring,Pouches-Jewelry	",,"Bundle Pocket,Burlap Gift Bag,Burlap Linen Bag,Coffee Bag,Colored Burlap Drawstring,Cosmetic Bag,Cotton Drawstring Bags,Drawstring Gift Bag,Drawstring Linen Bag,Drawstring Pouch Bag,Drawstring Storage Bag,Drawstring Tote Bags,Gift Jute Bags,Gift Wrapping Bags,Home Supplies,Jewelry Bag,Jewelry Pouches,Jute Pouch,Linen,Linen Storage Bag,Muslin Bag,Natural Burlap Bags,Natural Jute Bag,Party,Reusable Sachet Bag,Rustic Gift Bag,Small Burlap,Storage Bag,Wedding,Wedding Favors	","Medium Black=Black,Medium Blue=Blue,Medium Brown=Brown,Medium Gray=Gray,Medium Green=Green,Medium Pink=Pink,Medium Orange=Orange,Medium Red=Red,Medium White=White,Medium Yellow=Yellow,Dark Yellow=Gold,Other=Natrual	",Other Fabric=Linen	,Dimension	,Length:2.75:in;Width:3.54:in	,,Silkscreen=Silkscreen	,Up to full color	,,7-9	,Y	,5-7:	,,,,,,500,1000,2000,3000,5000,10000,,,,,0.475,0.338,0.307,0.287,0.265,0.248,,,,,R	,R	,R	,R	,R	,R	,,,,,,one color one location imprint and shipping cost	,,1	,USD	,,List	,07/22/2026	,Active	,,N	,12/09/2024	,
9438010-555678493	,Durable Cotton Linen Drawstring Gift Bag	,FCSM62	,,"The seams are sewn well and it is durable for long time use, and do not tear and break easily. Which has fine workmanship, soft and lightweight, support you to use for many times.Each bag comes with a drawstring for making the bags easy to close or open. And also it's safe for the things in the bags. Avoid the loss of small items, preventing things from leaking.The drawstring bags are perfect for storage little things. Widely used to fill with candies, chocolates, cosmetics, dried flowers, coffee beans, scented candles, crafts, stones, jewelry, earrings, necklace, bracelet and other small items. Also ideal for use as party wedding favors pouches and sachet bags.Other regular sizes are available like 3 1/2"" x 4 3/4"", 4"" x 6"", 4 3/4"" x 6 11/16"", 6"" x 8"", 7"" x 10"" and we can also customize an	","This is not just a simple burlap bag, it creates a glamorous effect that will enhance the elegance of your weddings and other even	","https://media.asicdn.com/images/orig/328410000/328410222.jpg,https://media.asicdn.com/images/orig/328410000/328410223.jpg,https://media.asicdn.com/images/orig/328410000/328410224.jpg,https://media.asicdn.com/images/orig/328410000/328410225.jpg,https://media.asicdn.com/images/orig/328410000/328410226.jpg	","Bags-Drawstring,Pouches-Jewelry	",,"Bundle Pocket,Burlap Gift Bag,Burlap Linen Bag,Coffee Bag,Colored Burlap Drawstring,Cosmetic Bag,Cotton Drawstring Bags,Drawstring Gift Bag,Drawstring Linen Bag,Drawstring Pouch Bag,Drawstring Storage Bag,Drawstring Tote Bags,Gift Jute Bags,Gift Wrapping Bags,Home Supplies,Jewelry Bag,Jewelry Pouches,Jute Pouch,Linen,Linen Storage Bag,Muslin Bag,Natural Burlap Bags,Natural Jute Bag,Party,Reusable Sachet Bag,Rustic Gift Bag,Small Burlap,Storage Bag,Wedding,Wedding Favors	","Medium Black=Black,Medium Blue=Blue,Medium Brown=Brown,Medium Gray=Gray,Medium Green=Green,Medium Pink=Pink,Medium Orange=Orange,Medium Red=Red,Medium White=White,Medium Yellow=Yellow,Dark Yellow=Gold,Other=Natrual	",Other Fabric=Linen	,Dimension	,Length:5:in;Width:7:in	,,Silkscreen=Silkscreen	,Up to full color	,,7-9	,Y	,5-7:	,,,,,,500,1000,2000,3000,5000,10000,,,,,0.709,0.613,0.578,0.522,0.495,0.353,,,,,R	,R	,R	,R	,R	,R	,,,,,,one color one location imprint and shipping cost	,,1	,USD	,,List	,07/22/2026	,Active	,,N	,12/09/2024	,
9438010-555678479	,Travel Electronic Organizer Cord Pouch	,FCSM61	,,"17""X 9"" while open and 4.5""X 9"" rolled up. The most versatile and lightweight electronics accessories organizer in market. Easily tuck in your purse, backpack, laptop case, briefcase, or suitcase.practical design provides great flexibility for organising your accessories. elastic loops for cables, pens, brushes and tools, etc;mesh pockets for USB, SD card, SIM card or other small items ; open pockets for charger, mouse, power adapter and etc;zipper pocket for external hard drive, power bank, cellphone or other items. small zipper pockets of equal size for secure storing of small items it also can be used as a healthcare kit, a grooming kit or a cosmetics bag.3000pcs and above shipping by sea.	",Durable and lightweight construction makes it a practical choice for travel or everyday use	,"https://media.asicdn.com/images/orig/328410000/328410169.jpg,https://media.asicdn.com/images/orig/328410000/328410170.jpg,https://media.asicdn.com/images/orig/328410000/328410171.jpg	",Organizers-Cord	,,"Cable Organizer Bag,Carrying Pouch Bag,Charger,Earphone Case,Earphones,Electronic Accessories,Electronic Organizer,Electronic Organizer Bag,Electronics Travel Organizer,Headphone Carrying Pouch,Portable Storage Bag,Pouch Headset Case,Protective Case,Storage Case Bag,Tech Organizer,Travel Cable Organiser,Travel Case Bag,Travel Mini Case,USB Cable	",Medium Black=Black	,Polyester=Polyester	,Dimension	,Length:17:in;Width:9:in	,,Silkscreen=Silkscreen	,Up to full color	,,8-12	,Y	,7-9:	,,,,,,500,1000,2000,3000,5000,10000,,,,,6.128,5.973,5.832,4.731,4.082,3.823,,,,,R	,R	,R	,R	,R	,R	,,,,,,one color one location imprint and shipping cost	,,1	,USD	,,List	,07/22/2026	,Active	,,N	,12/09/2024	,
9438010-555673921	,Non-Woven Reusable Insulated Lunch Bag With Handle	,FCSM59	,,"The high-quality aluminum film used in the inside of the meal bag has a good heat insulation effect and does not account for oil pollution. The surface is in nonwoven fabric, ensuring their durability and longevity, safe and odorless, insulated and foldable, fade and wear resistant; The quality fabric gives these bags a robustness that makes them ideal for repeated use, offering confident, sturdy support for your items, ideal for dinner at work, a picnic, a BBQ outside, managing your diet, traveling, or going shopping.	","The tote bag hold lunch boxes, fruits, drinks, snacks, ideal for use at work, outdoors and travel.	","https://media.asicdn.com/images/orig/328410000/328410022.jpg,https://media.asicdn.com/images/orig/328410000/328410023.jpg,https://media.asicdn.com/images/orig/328410000/328410024.jpg,https://media.asicdn.com/images/orig/328410000/328410025.jpg,https://media.asicdn.com/images/orig/328410000/328410027.jpg,https://media.asicdn.com/images/orig/328410000/328410028.jpg	","Bags-Lunch,Tote Bags-Insulated	",,"Box Thermal Insulated,Cooler Bag,Cooler Bag Picnic,Cooler Lunch Bag,Foldable Tote Bag,Grocery Tote Bag,Insulated Cooler Bag,Insulated Lunch Bag,Insulated Lunch Box,Lunch Bag,Non-Woven Cooler Bag,Non-Woven Ice Pack,Non-Woven Insulated Bag,Portable Cooler Bag,Reusable Lunch Bag	","Medium Black=Black,Medium White=White,Medium Orange=Orange,Medium Pink=Pink,Medium Red=Red,Other=Beige	","Aluminum=Aluminum Film,Non-Woven Fabric=Non Woven	",Dimension	,Length:8.27:in;Width:8.27:in;Height:11:in	,,Silkscreen=Silkscreen	,Up to full color	,,7-9	,Y	,5-7:	,,,,,,100,200,500,1000,2000,5000,10000,,,,3.430,2.580,2.050,1.450,1.280,1.220,1.060,,,,R	,R	,R	,R	,R	,R	,R	,,,,,one color one location imprint and shipping cost	,,1	,USD	,,List	,07/22/2026	,Active	,,N	,12/05/2024	,
9438010-555662149	,20W Usb C Wall Charger Block	,FCSM58	,,"The C+A Dual-Use Charging Head is a versatile and convenient tool that allows you to charge multiple devices with ease. This charging head features two ports, this means you can use it to charge both Android and iOS devices without the need for multiple charging cords. The compact size of the charging head makes it easy to take with you on the go, whether you're traveling or simply moving from room to room. The durable construction ensures that the charging head will last for years to come, even with frequent use.5000pcs and above shipping by sea.	",USB C plus USB A dual port output meets the charging requirements of all your mobile phone models.	,"https://media.asicdn.com/images/orig/328010000/328013762.jpg,https://media.asicdn.com/images/orig/328010000/328013763.jpg,https://media.asicdn.com/images/orig/328010000/328013764.jpg	","Battery Rechargers & Adaptors-Wireless QI Charger,Mobile Accessories-General	",,"20W Wall Charger,Charger Block,Charger Brick,Charger Cube,Dual Port Plug,Fast Charger Adapter,iPhone Adapter,PD Wall Charger block,Plug Adapter,Power Adapter,Type C Charger,USB A port,USB C port,USB C Wall Charger	","Medium Black=Black,Medium White=White	",Polycarbonate (PC)=Pc	,Dimension	,Length:2.32:in;Width:1.61:in;Height:1.14:in	,,"Silkscreen=Silkscreen,Laser Engraved=Laser Engraved	","Custom Colors,PMS Colors,Standard Colors,up to full color	",,7-9	,Y	,5-7:	,,,,,,100,200,500,1000,2000,5000,10000,,,,3.789,3.356,2.843,2.564,2.272,2.055,1.991,,,,R	,R	,R	,R	,R	,R	,R	,,,,,1 color 1 location imprint and shipping cost	,,1	,USD	,,List	,07/22/2026	,Active	,,N	,11/27/2024	,
9438010-555662145	,Apple 20W PD FAST Usb C Charger Block	,FCSM57	,,"Fast charging wall adapter that delivers a sturdy full 20W power for efficient fast charging. Allowing you to quickly charge your devices especially when people in a hurry.When both charging ports of this charge Cube are used simultaneously, the output power of each port is less than 20W to ensure your safety.This USB C Charger Block and USB C Power Adapter which compatible for Apple Watch Series 8 and iPhone 14 Pro Max Charger Block.5000pcs and above shipping by sea.	","The charging station for iPhone is foldable, light and portable, and can be put in a bag or suitcase.	","https://media.asicdn.com/images/orig/328010000/328013738.jpg,https://media.asicdn.com/images/orig/328010000/328013739.jpg	","Battery Rechargers & Adaptors-Wireless QI Charger,Mobile Accessories-General	",,"20W Wall Charger,Charger Block,Charger Brick,Charger Cube,Dual Port Plug,Fast Charger Adapter,iPhone Adapter,PD Wall Charger block,Plug Adapter,Power Adapter,Type C Charger,USB A port,USB C port,USB C Wall Charger	","Medium Black=Black,Medium White=White	",Polycarbonate (PC)=Pc	,Dimension	,Length:2.32:in;Width:1.61:in;Height:1.14:in	,,"Silkscreen=Silkscreen,Laser Engraved=Laser Engraved	","Custom Colors,PMS Colors,Standard Colors,up to full color	",,7-9	,Y	,5-7:	,,,,,,100,200,500,1000,2000,5000,10000,,,,4.675,4.339,3.921,3.801,3.685,3.342,3.264,,,,R	,R	,R	,R	,R	,R	,R	,,,,,1 color 1 location imprint and shipping cost	,,1	,USD	,,List	,07/22/2026	,Active	,,N	,11/27/2024	,
9438010-555662134	,3-in-1 Folding Magnetic Wireless Charging Stand	,FCSM56	,,"Say goodbye to tangled wires and hello to convenience with this  3-in-1 wireless charger. Keep your Apple devices powered up on the go with this compact and customizable 3-in-1 wireless charger. Enjoy a clutter-free charging experience with this sleek and stylish 3-in-1 wireless charger for your Apple Magsafe mobile phone, Apple Watch,and AirPods.This wireless charging pad is not only suitable for your home, office, if you are traveling or on a business trip, bring this 3in1 charger, which can charge multiple devices at once. To customize LOGO is available.2000pcs and over shipping by sea.	","The charging station for iPhone is foldable, light and portable, and can be put in a bag or suitcase.	","https://media.asicdn.com/images/orig/328010000/328013616.jpg,https://media.asicdn.com/images/orig/328010000/328013617.jpg,https://media.asicdn.com/images/orig/328010000/328013618.jpg	","Battery Rechargers & Adaptors-Wireless QI Charger,Mobile Accessories-Stands & Holders	",,"Charging Stand,Collapsible Wireless Charger,Fast Charging Stand,Foldable Magnetic Stand,Foldable Phone Charger,Folding Magnetic Wireless,Portable Phone Holder,Wireless Charger,Wireless Charger Holder,Wireless Charging,Wireless Charging Cradle,Wireless Charging Station	","Medium Black=Black,Medium Gray=Gray,Medium Blue=Blue	",Polyurethane (PUR or PU)=Pu	,Dimension	,Length:6.1:in;Width:2.95:in	,,Silkscreen=Silkscreen	,"Custom Colors,PMS Colors,Standard Colors,up to full color	",,10-15	,Y	,10-12:	,,,,,,100,200,500,1000,2000,5000,10000,,,,19.930,18.861,18.289,17.953,17.055,16.901,15.938,,,,R	,R	,R	,R	,R	,R	,R	,,,,,1 color 1 location imprint and shipping cost	,,1	,USD	,,List	,07/22/2026	,Active	,,N	,11/27/2024	,
9438010-555661524	,Reusable Shopping Bags with Box Shape to Stand Up	,FCSM43	,,"With a rigid box structure, our reusable grocery bags are super easy to load and unload compared to ordinary floppy reusable bags, folds up flat for easy storage when not in use. Cardboard bottom ensures that storage box will not shift when in use and will remain open and upright in car.he reusable grocery bag is very suitable for storing food, agricultural products, flowers, toiletries, laundry, books, toys, school supplies, cleaning supplies, etc. It can also be used for grocery shopping, farmers' markets, picnics, camping, boating, travel, or as a luggage organizer or elegant storage box at home, offices, and schools.	","Easy to clean and foldable for convenient storage, our reusable tote is the perfect eco-friendly and practical choice for you.	","https://media.asicdn.com/images/orig/328000000/328002832.jpg,https://media.asicdn.com/images/orig/328000000/328002833.jpg,https://media.asicdn.com/images/orig/328000000/328002834.jpg,https://media.asicdn.com/images/orig/328000000/328002835.jpg,https://media.asicdn.com/images/orig/328000000/328002836.jpg	","Bags-Shopping,Tote Bags-Grocery	",,"Grocery Bags,Reinforced Bottom,Reusable Grocery Bags,Shopping,Tote Bag,Woven Grocery Bag,WovenTote Bag	","Medium Black=Black,Medium Gray=Gray	",Non-Woven Fabric=Non-Woven	,Dimension	,Length:13:in;Width:9.8:in;Height:10.6:in	,,Silkscreen=Silkscreen	,"Custom Colors,PMS Colors,Standard Colors,up to full color	",,7-9	,Y	,5-7:	,,,,,,100,200,500,1000,2000,5000,10000,,,,12.883,12.655,11.288,7.320,7.012,6.783,6.554,,,,R	,R	,R	,R	,R	,R	,R	,,,,,1 color 1 location imprint and shipping cost	,,1	,USD	,,List	,07/22/2026	,Active	,,N	,11/27/2024	,
9438010-555661506	,12-40OZ Silicone Water Bottle Boot Sleeve Cover	,FCSM42	,,"It made from durable, high-quality silicone, water bottle boot is designed to last, resistant to fading, cracking, and peeling, even with daily use. Also easy to clean and maintain.Protect your glass water bottles from accidental drops and scratches with these protective silicone sleeves for glass bottles. The anti-slip bottom design prevents your bottle from slipping on surfaces, making them perfect for use at home or on the go.The tumbler boot is lightweight and easy to carry, so you can take with you wherever you go, perfect for outdoor activities like hiking, camping, and biking. Also make it easy to grip your bottle, even with sweaty or wet hands.5000pcs and above shipping by sea.	",The silicone boot for water bottle is designed to fit 12-40oz glass bottles and stainless steel tumblers.	,"https://media.asicdn.com/images/orig/328000000/328002723.jpg,https://media.asicdn.com/images/orig/328000000/328002724.jpg,https://media.asicdn.com/images/orig/328000000/328002725.jpg	","Beverage Holders-Sleeve,Covers-General	",,"Anti-Slip Bottom Bumpers,Anti-Slip Bottom Sleeve,Boot Bottom Protector,Boot Sleeve,Bottle Sleeve Boot,Cups Cover,Protective Silicone Sleeves,Silicone Coasters,Silicone Sleeve Holder,Tumbler Cover Holder,Water Bottle Boot	","Medium Blue=Blue,Medium Gray=Gray,Medium Green=Green,Light Blue=Light Blue,Dark Blue=Navy Blue,Medium Orange=Orange,Medium Pink=Pink,Medium Purple=Purple,Medium Red=Red,Medium White=White,Medium Yellow=Yellow,Other=Custom	",Silicone=Silicone	,Dimension	,Length:2.95:in;Width:1.73:in	,,Silkscreen=Silkscreen	,"Custom Colors,PMS Colors,Standard Colors,up to full color	",,5-7	,Y	,3-5:	,,,,,,100,200,500,1000,2000,5000,10000,,,,2.503,2.045,1.506,1.405,1.341,0.820,0.745,,,,R	,R	,R	,R	,R	,R	,R	,,,,,1 color 1 location imprint and shipping cost	,,1	,USD	,,List	,07/22/2026	,Active	,,N	,11/27/2024	,
9438010-555661494	,Construction Safety Helmet V-Shape	,FCSM41	,,"Stay safe on the job with this construction helmet,featuring a cushioned cup lining for superior comfort. Designed to ensure worker safety on construction sites, it provides a comfortable and secure fit. Made from durable, impact-resistant materials, the helmet offers reliable head protection against falling objects and hazards. The surface is fully customizable, allowing logos to be printed in any color, making it a great promotional tool for construction companies and safety equipment suppliers. This helmet promotes brand visibility while emphasizing safety and compliance.500pcs and over shipping by sea.	","It is trusted by professionals with experience in construction, masonry, and general industries.	","https://media.asicdn.com/images/orig/328000000/328002634.jpg,https://media.asicdn.com/images/orig/328000000/328002635.jpg,https://media.asicdn.com/images/orig/328000000/328002636.jpg,https://media.asicdn.com/images/orig/328000000/328002637.jpg	",Caps & Hats-Construction	,,"Adjustable Ratchet Suspension,cleaners,Construction Hard Hat,Construction Hardhats,Construction Helmets,construction workers,engineers,Full Brim Hard Hat,Hard Hat,HDPE Safety Helmet,Industrial Safety Helmet,Ratchet Cap Style,Safety Helmet,Safety Helmet Hat,Suspension Hard Hat,Work Hat	","Medium Red=Red,Medium Yellow=Yellow,Medium Blue=Blue,Medium White=White	",Polyethylene (PE)=Hdpe	,Dimension	,Length:11.4:in;Width:9.44:in	,,Silkscreen=Silkscreen	,"Custom Colors,PMS Colors,Standard Colors,up to full color	",,5-7	,Y	,3-5:	,,,,,,50,100,300,500,1000,3000,5000,,,,9.242,8.836,8.430,5.321,4.927,4.532,4.269,,,,R	,R	,R	,R	,R	,R	,R	,,,,,1 color 1 location imprint and shipping cost	,,1	,USD	,,List	,07/22/2026	,Active	,,N	,11/27/2024	,
9438010-555661478	,Metal Cowbell With Handle Call	,FCSM40	,,"This fun party cowbell noisemaker makes delightful cow bell sounds. Featuring a sturdy metal body. Noisemakers are available in bright fashionable colors. The fun never stop with these cowbell with handle. They are a great way to get the crowd cheering at sporting events, pep rallies, tailgates, competitions, weddings and more. The possibilities are virtually endless. Got a wedding to go to? Then wish them well and ring the bellalso ideal for party and school promotions.5000pcs or above shipping by sea.	",They're easily heard from long distances to catch anyone's attention.	,"https://media.asicdn.com/images/orig/328000000/328002568.jpg,https://media.asicdn.com/images/orig/328000000/328002569.jpg,https://media.asicdn.com/images/orig/328000000/328002570.jpg,https://media.asicdn.com/images/orig/328000000/328002571.jpg	","BELLS,Cheering Accessories-General	",,"3"" Cowbells,Christmas Bell,Classic Cowbell,Cow Bell Noisemakers,Cowbell Party Noisemaker,Cowbells,Metal Cowbell NoiseMaker,Metal Cowbells,Noise Makers,Sport Cowbell,Toy Cowbells	","Medium Black=Black,Medium White=White,Medium Red=Red,Medium Yellow=Yellow,Medium Green=Green,Medium Orange=Orange,Medium Pink=Pink,Medium Blue=Blue,Medium Purple=Purple	",Metal=Metal	,Dimension	,Length:3:in	,,Silkscreen=Silkscreen	,"Custom Colors,PMS Colors,Standard Colors,up to full color	",,5-7	,Y	,3-5:	,,,,,,100,300,500,1000,3000,5000,10000,,,,3.341,2.086,1.972,1.843,1.791,1.178,1.031,,,,R	,R	,R	,R	,R	,R	,R	,,,,,1 color 1 location imprint and shipping cost	,,1	,USD	,,List	,07/22/2026	,Active	,,N	,11/27/2024	,
9438010-555661459	,3 in 1 Long Retractable USB Charging Data Cable	,FCSM39	,,"This wheeled 3-in-1 charging cable is compact and lightweight,easy to hook up and charge Android and other devices. This retractable multi-charger can be extended up to 1 meter, allowing you to charge multiple devices at the same time. Universal and versatile, this charging cable eliminates the need to carry any extra charging cables in the car, office or on the go, providing a convenient all-in-one charging option for those who often travel. It's an essential tool for getting out and about. Small and easy to carry, you can put it in your bag to carry around. With this charging cable, you won't be able to lose power!Suitable as a promotional gift for mobile phones.5000pcs and above shipping by sea.	",Charge any device on the go or at home - no need for multiple cables!	,"https://media.asicdn.com/images/orig/328000000/328002471.jpg,https://media.asicdn.com/images/orig/328000000/328002472.jpg,https://media.asicdn.com/images/orig/328000000/328002473.jpg,https://media.asicdn.com/images/orig/328000000/328002474.jpg	","Battery Rechargers & Adaptors-Wireless QI Charger,Mobile Accessories-Cables & Cords	",,"3 in 1,Charger Cord,Charging Cable,Data Cable,iPhone,Long Charging Cable,Micro USB Ports,Multi Charger Adapter,Multi Charging Cable,Phones,Retractable Charging Cord,Tablets	","Medium Black=Black,Medium Green=Green,Medium Blue=Blue,Medium Pink=Pink,Medium Red=Red,Gold Metal=Gold	",PVC=Alloy	,Dimension	,Length:39.4:in	,,Other=Sticker	,"Custom Colors,PMS Colors,Standard Colors,one color	",,3-5	,Y	,2-3:	,,,,,,100,200,300,500,1000,5000,10000,,,,2.389,2.090,1.970,1.629,1.572,1.113,1.054,,,,R	,R	,R	,R	,R	,R	,R	,,,,,1 color 1 location imprint and shipping cost	,,1	,USD	,,List	,07/22/2026	,Active	,,N	,11/27/2024	,
9438010-555646163	,Silicone Lip Phone Card Holder	,FCSM38	,,"The material is silicone , so it's very durable and sticky, you don't need to worry it will fall off easily. The lip holder has a card sticker, which can hold up bank cards or credit cards, as well as cash, and it is easy to take in and take out, so that you could walk out with your cell phone, and don't need to bring the wallet, so it's convenient.The Lip holder offers convenience and organization for your beauty routine.5000pcs and above shipping by sea.	","Novel design, colorful, eye-catching and stylish; lightweight and chic, keeping you beautiful and elegant at all times	","https://media.asicdn.com/images/orig/327630000/327636910.jpg,https://media.asicdn.com/images/orig/327630000/327636911.jpg,https://media.asicdn.com/images/orig/327630000/327636912.jpg	","Mobile Accessories-Cell Phone Cases,Mobile Accessories-Cell Phone Wallets	",,"Android,Card Case,Card Holder,Credit Card,iPhone,Lip balm,Lip glaze,Lip gloss,Lip Holder,Lip oil,Lipgloss Holder,Lipstick,Make up,Phone Case,Phone Stander,Portable,Silicone	","Medium Green=Army Green,Medium Red=Red,Other=Wine,Medium Black=Black,Medium Red=Rose Red,Medium Green=Mint Green,Medium White=White,Medium Pink=Pink,Medium Gray=Gray,Medium Orange=Orange,Medium Blue=Blue	",Silicone=Silicone	,Dimension	,Length:3.4:in;Width:2.2:in;Height:0.8:in	,,Silkscreen=Silkscreen	,"Custom Colors,PMS Colors,Standard Colors,Up to full color	",,5-7	,Y	,3-5:	,,,,,,200,500,1000,3000,5000,10000,,,,,2.706,2.341,2.020,1.949,1.599,1.484,,,,,R	,R	,R	,R	,R	,R	,,,,,,1 color 1 location imprint and shipping cost	,,1	,USD	,,List	,07/22/2026	,Active	,,N	,11/15/2024	,
9438010-555646144	,Metal Wine Stopper	,FCSM37	,,"Wine Stopper is made of Alloy material, the middle part is made of silicone, which is easy to insert and remove from the bottle. Just press the stopper into the bottleneck. The wine bottle stopper can keep your wine fresh, safe to use and leak-proof. Suitable for decorating your wine bottle, adding more winter flavor.you can enjoy the broad application of these beautiful wine stoppers; They are ideal for an array of occasions from holiday celebrations, wine tasting parties, wedding, bridal parties, birthdays, family gatherings, or even everyday use	","The stoppers are easy to insert and remove without undue pressure, offering a user friendly experience.	","https://media.asicdn.com/images/orig/327630000/327636645.jpg,https://media.asicdn.com/images/orig/327630000/327636646.jpg,https://media.asicdn.com/images/orig/327630000/327636647.jpg,https://media.asicdn.com/images/orig/327630000/327636648.jpg	",WINE ACCESSORIES	,,"Alloy Stopper,Birthday Parties,Bourbon,Champagne Corks,Christmas,Cognac,Decorative Xmas,Glass Decoration,Graduation Ceremonies,Holiday Parties,Housewarming,Metal,Olive oil,Preservation,Protection Plug,Rum,Thanksgiving,Valentine's Day,Vodka,Weddings,Whiskey,Wine Corks,Wine Saver,Wine Stoppers	",Medium Gray=Silver	,Alloy=Alloy	,Dimension	,Length:4.52:in;Width:1.38:in	,,Laser Engraved=Laser Engraved	,"Custom Colors,PMS Colors,Standard Colors,one color	",,5-7	,Y	,3-5:	,,,,,,100,200,500,1000,3000,5000,10000,,,,2.570,2.350,1.980,1.680,1.480,1.150,1.030,,,,R	,R	,R	,R	,R	,R	,R	,,,,,1 color 1 location imprint and shipping cost	,,1	,USD	,,List	,07/22/2026	,Active	,,N	,11/15/2024	,
9438010-555646133	,Fried hair boxing pen	,FCSM36	,,"Use this interactive pen to alleviate stress and tension as you fidget with the robot's arms during long workdays.For primary school students, it not only meets the needs of writing but also brings some additional entertainment and interactive elements.Explosive boxing pens are available in: black/blue/green, three bright colors to choose from, a cool boxing gift for any holiday.Give your guests an unforgettable memento with this interactive pen that is sure to leave a lasting impression.5000pcs and above shipping by sea.	","The ballpoint pen, a fun and creative stationery supply that will bring a to your face every time you use it.	","https://media.asicdn.com/images/orig/327630000/327636434.jpg,https://media.asicdn.com/images/orig/327630000/327636435.jpg,https://media.asicdn.com/images/orig/327630000/327636436.jpg,https://media.asicdn.com/images/orig/327630000/327636437.jpg	","Pens-Ballpoint-General,Toys-General	",,"Ballpoint Pens,Birthday Present,Boxing Pen,Fantastic,Funny Pens,Goodbye stress,Holiday Gift,Party Favor,Stress Reduce,Toy Pen	","Medium Blue=Blue,Medium Green=Green,Medium Black=Black	",Plastic=Plastic	,Dimension	,Length:7.1:in	,,Silkscreen=Silkscreen	,"Custom Colors,PMS Colors,Standard Colors,Up to full color	",,5-7	,Y	,3-5:	,,,,,,100,300,500,1000,3000,5000,10000,,,,3.215,2.404,1.981,1.861,1.776,1.290,1.165,,,,R	,R	,R	,R	,R	,R	,R	,,,,,1 color 1 location imprint and shipping cost	,,1	,USD	,,List	,07/22/2026	,Active	,,N	,11/15/2024	,
9438010-555646113	,Disposable Raincoat Ball	,FCSM35	,,"The disposable foldable raincoat is packed in a plastic key chain,it is light and beautiful, and the ball shape is very creative. It is easy to carry. There are hooks on the ball, which can be hung in the bag or anywhere. The raincoat can be folded into a very small size and stored in the ball, which can be put in the backpack or hung on the backpack, which is convenient to carry and respond to sudden rainy days.This emergency raincoats are suitable for hiking, cycling, outdoor activities or going out on rainy days, etc. A foldable outdoor must-have for your travels and a great gift for friends, family and colleagues.	",The raincoat ball packed with the portable disposable raincoat light in weight and easy-to-use hanging.	,"https://media.asicdn.com/images/orig/327630000/327636187.jpg,https://media.asicdn.com/images/orig/327630000/327636189.jpg	",OUTERWEAR-RAINWEAR	,,"Adult Rainwear,Adults,Camping,Cycling,Disposable,Disposable Poncho,Emergency Raincoats,Portable,Rain Ponchos,Raincoat Ball,Raincoats,Travel,Unisex,Waterproof Raincoats	","Medium White=White,Medium Orange=Orange,Medium Red=Red,Medium Blue=Blue,Light Blue=Light Blue,Medium Yellow=Yellow,Medium Pink=Pink	",Plastic=Plastic	,Dimension	,Length:2.55:in;Width:2.55:in	,,Silkscreen=Silkscreen	,"Custom Colors,PMS Colors,Standard Colors,Up to full color	",,5-7	,Y	,3-5:	,,,,,,100,500,1000,3000,5000,10000,50000,,,,1.967,1.763,1.670,1.577,0.914,0.712,0.686,,,,R	,R	,R	,R	,R	,R	,R	,,,,,1 color 1 location imprint and shipping cost	,,1	,USD	,,List	,07/22/2026	,Active	,,N	,11/15/2024	,
9438010-555646096	,Custom Flip flops	,FCSM34	,,"Classic flip-flop,  Easy to slip on and off, and they dry quickly when they get wet. Use for combing the beach, hitting in the locker room, or hanging out at home. hese shower flip flops are the best leisure sandals for any casual occasion no matter indoor or outdoor,especially for sunny days in the sand or on the pool deck which make fantastic summer giveawaysSuitable for men and women.Associate your BRAND with comfort and great style when you make these beach flip flops your next promotion! 1000pairs and over shipping by sea.	",They can be a great promotional product for beach visitors or travelers.	,"https://media.asicdn.com/images/orig/327630000/327636056.jpg,https://media.asicdn.com/images/orig/327630000/327636057.jpg,https://media.asicdn.com/images/orig/327630000/327636058.jpg,https://media.asicdn.com/images/orig/327630000/327636059.jpg,https://media.asicdn.com/images/orig/327630000/327636060.jpg	","FLIP FLOPS,SHOES	",,"Adult,Beach,Beach Slippers,Casual,Custom,Cute Sandals,Flip Flops,Men's Sandals,Sandal,Sublimation,Summer,Women's	","Medium Black=Black,Medium White=White	",PVC=Pvc	,Standard & Numbered	,"S,M,L,XL,2XL	",,Silkscreen=Silkscreen	,"Custom Colors,PMS Colors,Standard Colors,Up to full color	",,5-7	,Y	,3-5:	,,,,,,50,100,300,500,1000,2000,5000,,,,11.520,9.050,8.580,8.030,5.260,5.050,4.750,,,,R	,R	,R	,R	,R	,R	,R	,,,,,,,1	,USD	,,List	,07/22/2026	,Active	,,N	,11/15/2024	,
9438010-555646079	,Pet Bath Brush	,FCSM33	,,"A convenient pet bath brush quickly removes stains, mud and hair, making it a great product for pet bathing and grooming.A great pet bath brush that makes bathing a treat! Made of high quality Tpr soft and comfortable, durable. Use this brush to comb and clean pet hair without damaging your pet's skin. Adjustable wrist strap design, suitable for various handmade models. Pet shops, pet beauty salons, and pet clinics can customize brands and logos to enhance the company's popularity!qty 2000pcs and above shipping by sea.	",The super popular pet bathing grooming brush will add points to your next sale!	,"https://media.asicdn.com/images/orig/327630000/327635795.jpg,https://media.asicdn.com/images/orig/327630000/327635796.jpg,https://media.asicdn.com/images/orig/327630000/327635797.jpg,https://media.asicdn.com/images/orig/327630000/327635798.jpg	","BRUSHES,Pet Items-General	",,"Bath Brush,Bath Scrubber,Cat Grooming,Dog,Grooming Supplies,Massage Comb,Pet,Pet Grooming Brush,Pet Massage,Pet Shampoo,Puppy,Puppy Brushes,Shampoo Brushes,Shower Brush,Soothing Massage	","Medium Blue=Blue,Medium Green=Green,Medium Red=Red,Medium Yellow=Yellow,Medium Black=Black,Medium Gray=Gray	",Plastic=Tpr	,Dimension	,Length:10.3:in;Width:4.9:in	,,Silkscreen=Silkscreen	,"Custom Colors,PMS Colors,Standard Colors,Up to full color	",,5-7	,Y	,3-5:	,,,,,,100,200,500,1000,2000,5000,10000,,,,2.569,1.813,1.106,0.951,0.572,0.505,0.456,,,,R	,R	,R	,R	,R	,R	,R	,,,,,1 color 1 location imprint and shipping cost	,,1	,USD	,,List	,07/22/2026	,Active	,,N	,11/15/2024	,
9438010-555646067	,Collapsible Pet Bowl With Carabiner	,FCSM32	,,"The collapsible pet bowls are great pet travel bowls, lightweight and easy to carry with climbing buckle. It can attach to belt loop, backpack, leash or other locations.Suitable for outdoor acitivies.They also can be used as indoor dog / cat food bowl.The classic travel collapsible pet bowl makes it easy for your pet to hydrate and feed whilw outdoor. Suitable for hiking, camping, walking, traveling, training. Companies and organizations in the pet industry can customize their names, logos, website addresses, phone numbers, etc. to help get more potential customers. 5.2""Dx2.2""H. The link price is based on TPE material, 12oz (350ML). Accept customized capacity 22oz(650ML), 34oz(1000ML), welcome to consult.5000pcs and above shipping by sea.	","Convenient collapsible design for saving space, simply stretch and fold away,which are good for traveling,hiking,camping.	","https://media.asicdn.com/images/orig/327630000/327635612.jpg,https://media.asicdn.com/images/orig/327630000/327635613.jpg,https://media.asicdn.com/images/orig/327630000/327635614.jpg	","Pet Items-Bones & Treats,Pet Items-Bowls & Feeders	",,"Cat Bowl,Collapsible Bowls,Dog Bowl,Foldable,Food Bowls,Pet Bowl,Portable,Portable Bowl,Travel Bowl,Water Bowls	","Medium Blue=Blue,Medium Green=Green,Medium Yellow=Yellow,Medium Pink=Pink,Medium Orange=Orange,Medium Black=Black,Medium Red=Red,Medium Purple=Purple,Medium White=White,Other=Custom	",TPE=Tpe	,Dimension	,Length:5:in;Width:3.5:in;Height:2:in	,,Silkscreen=Silkscreen	,"Custom Colors,PMS Colors,Standard Colors,Up to full color	",,5-7	,Y	,3-5:	,,,,,,100,200,500,1000,2000,5000,10000,,,,3.026,2.333,1.672,1.557,1.472,0.897,0.719,,,,R	,R	,R	,R	,R	,R	,R	,,,,,1 color 1 location imprint and shipping cost	,,1	,USD	,,List	,07/22/2026	,Active	,,N	,11/15/2024	,
9438010-555646050	,Canvas Zipper Pencil Makeup Bag	,FCSM31	,,"These pouches are made of canvas with a zipper,it is lightweight, soft, and durable. The zippers work smoothly. It can be put into your backpack, handbag, or travel bag when you are on a trip;  Multipurpose pouch are perfect for storing small tools,It can be used as a pencil case, invoice bag, coin purse, business card bag, and ladies cosmetic bag. Various colors are available. Add your school, sports team, organizational, or company logo or message to create a branded giveaway for marketing activities and events.  It is washable and reusable. You can use as a cosmetic bag, a coin purse, a bill bag, a gift bag, a travel organizer, and more. It comes with a large imprint area, you can add your logo on it, offer this pouch to clients to get their attention. 5000pcs and over is shipped by Sea	","portable and convenient for you to carry and store in your handbag,suitable for cosmetics, such as makeup brush,lipstick and so on	","https://media.asicdn.com/images/orig/327630000/327635469.jpg,https://media.asicdn.com/images/orig/327630000/327635470.jpg,https://media.asicdn.com/images/orig/327630000/327635471.jpg,https://media.asicdn.com/images/orig/327630000/327635472.jpg,https://media.asicdn.com/images/orig/327630000/327635473.jpg	","BOXES & CASES-PEN & PENCIL,COSMETIC BAGS	",,"Canvas,Cosmetic Bags,Craft Bag,Makeup Bags,Makeup Pouch,Multipurpose Cosmetic,Pencil Case,Plain bag,Small Pouch,Storage Pouch,Travel,Travel Toiletry,Zipper Bag,Zipper Case	","Medium Black=Black,Medium Blue=Blue,Medium Brown=Brown,Dark Red=Burgundy,Medium Green=Green,Light Blue=Light Blue,Dark Blue=Navy Blue,Medium Orange=Orange,Medium Pink=Pink,Medium Purple=Purple,Medium Red=Red,Medium White=White,Medium Yellow=Yellow,Other=Beige,Other=Dark Blue	",Canvas=Canvas	,Dimension	,Length:9.8:in;Width:5.1:in;Height:1.8:in	,,Silkscreen=Silkscreen	,"Custom Colors,PMS Colors,Standard Colors,Up to full color	",,5-7	,Y	,3-5:	,,,,,,100,300,500,1000,2000,5000,10000,,,,1.938,1.714,1.418,1.038,0.964,0.796,0.699,,,,R	,R	,R	,R	,R	,R	,R	,,,,,1 color 1 location imprint and shipping cost	,,1	,USD	,,List	,07/22/2026	,Active	,,N	,11/15/2024	,
9438010-555614016	,Eva Palm Cheering Foam Finger Sleeves	,FCSM25	,,"the size of these foam fingers for sports about 18"" x 9"", designed with 8 mm thick to fit in your hand, proper size for you to use on different sports events, bringing you a colorful time,these baseball foam fingers are made of quality EVA foam material, safe, sturdy, not easy to deform or fade, easy to wear and take off, which can be applied for a long time, bringing you a comfortable using experience, the sports foam finger can be applied to different sports events or games, such as football game, baseball game, basketball game, soccer game, and more, suitable for theme party, sports party, cheerleading decor and so on.	","Funny and warm, which can show off your team spirit, interesting accessories for your sports themed parties or games, you can appl	","https://media.asicdn.com/images/orig/327000000/327004854.jpg,https://media.asicdn.com/images/orig/327000000/327004855.jpg,https://media.asicdn.com/images/orig/327000000/327004856.jpg,https://media.asicdn.com/images/orig/327000000/327004857.jpg,https://media.asicdn.com/images/orig/327000000/327004858.jpg	","Cheering Accessories-Cheering Mitts,FOAM NOVELTIES	",,"Cheering Foam,Eva Palm,Finger Sleeves,Fingers for Sports Cheer,Foam Hand,Giant Foam Finger,Hand Cheerleading Foam,Pom Pom for Events Games,School Spirit Craft Foam Hands,Team Finger	","Medium Red=Red,Medium Blue=Blue,Medium Yellow=Yellow,Medium Orange=Orange,Medium Green=Green,Medium Purple=Purple,Medium Black=Black	",Foam=Eva	,Dimension	,Length:18.11:in;Width:9.06:in;Height:0.16:in	,,Silkscreen=Silkscreen	,"Custom Colors,PMS Colors,Standard Colors,Up to full color	",,5-7	,Y	,3-5:	,,,,,,100,200,500,1000,3000,5000,10000,,,,3.520,3.020,2.850,2.550,2.320,2.180,1.880,,,,R	,R	,R	,R	,R	,R	,R	,,,,,one color one location imprint and shipping cost	,,1	,USD	,,List	,07/22/2026	,Active	,,N	,10/25/2024	,
9438010-555613984	,12oz Enameled Steel Cup with Stainless Rim	,FCSM24	,,"The mug is made from enamel and steel which is hard and unbreakable. So this mug is perfect for camping, tailgating, office, school, picnic, traveling and other outdoor events. You can enjoy your warm drinks, soups, cereal, and so on. Body is white. The lip is silver. It's easy to clean. these enamel mugs can be a good decoration for your home, farmhouse, kitchen and office, or a nice gift for birthdays, Teacher Appreciation Week, Mother's Day, nurse appreciation day, Father's Day, weddings, anniversaries, and other holidays the enamel mug is very beautiful as a coffee camping mug, you can add many designs that you want, ideal as a customized gift for friends, family, relatives; Very memorablePacking with box individually.	",C shaped handle enameled mug with stainless rim	,"https://media.asicdn.com/images/orig/327000000/327004753.jpg,https://media.asicdn.com/images/orig/327000000/327004754.jpg,https://media.asicdn.com/images/orig/327000000/327004755.jpg,https://media.asicdn.com/images/orig/327000000/327004756.jpg	","Mugs & Steins-Ceramic,TRAVEL MUGS/CUPS	",,"Campfire Enamel Cup,Camping Mugs,Enamel Cup,Enamel Mug,Enameled Steel Cup,Stainless Steel Enamel Cup	","Medium White=White,Medium Blue=Blue,Medium Green=Green,Medium Red=Red,Medium Yellow=Yellow,Medium Black=Black,Other=Custom	","Ceramic=Enamel,Stainless Steel=Stainless Steel	",Volume/Weight	,12:oz	,,"Other=Decoration Firing,Silkscreen=Silkscreen,Heat Transfer=Heat Transfer	","Custom Colors,PMS Colors,Standard Colors,Up to full color	",,5-7	,Y	,3-5:	,,,,,,100,200,500,1000,3000,5000,10000,,,,4.570,4.020,3.760,3.550,2.860,2.080,1.950,,,,R	,R	,R	,R	,R	,R	,R	,,,,,one color one location imprint and shipping cost	,,1	,USD	,,List	,07/22/2026	,Active	,,N	,10/25/2024	,
9438010-555613957	,Mini Yellow Rubber Ducks	,FCSM22	,,"This rubber duck baby bath toys have a easy size and shape to hold for babies over 6 months, also featured the bright yellow for visual stimulation, These rubber bath duckies can make special ""BEBE"" sound when squeezed, it's fun for baby to play with, and will make your little ones enjoy the shower time.Use our print imprint method to add your company name or logo to this and offer it to kids and adults. You can make a bold impression on new customers and show everyone that your brand knows how to have fun! Custom Logo Available	",These duckies will float upright in the bath. Bring a Great Bath Time with Your Little Ones!	,"https://media.asicdn.com/images/orig/327000000/327004580.jpg,https://media.asicdn.com/images/orig/327000000/327004581.jpg,https://media.asicdn.com/images/orig/327000000/327004582.jpg	","BATHROOM ACCESSORIES,Toys-General	",,"Baby Shower,Baby Showers,Bath Toys,Duck Bath Toy,Float Rubber Duck,Floating Squeaky Duck,Infants Kids Toy,Mini Yellow Rubber Ducks,Preschool Bath Toys,Rubber Duck,Squeak Rubber Duck,Vinyl Toy,Vinyl toys,Yellow Rubber Ducks	",Medium Yellow=Yellow	,Vinyl=Vinyl	,Dimension	,Length:1.97:in;Width:1.89:in;Height:1.65:in	,,Silkscreen=Silkscreen	,"Custom Colors,PMS Colors,Standard Colors,one color	",,5	,Y	,3:	,,,,,,100,200,500,1000,3000,5000,10000,,,,1.286,0.858,0.623,0.523,0.428,0.338,0.255,,,,R	,R	,R	,R	,R	,R	,R	,,,,,one color one location imprint and shipping cost	,,1	,USD	,,List	,07/22/2026	,Active	,,N	,10/25/2024	,
9438010-555613933	,Aluminium Alloy Bottle Opener Keyring	,FCSM23	,,"Our aluminum beer corkscrew is made of aluminum alloy, each silver keychain beer corkscrew is durable and sturdy, reliable to use, not easy to rust or corrode, serve you for a long time, give you good use experience. This mini beer opener keychain uses the lever principle, just need a little pressure, you can easily remove the cap from the bottle. Works with most beers, soft drinks, sodas.This bottle opener is all equipped with a key ring, which is easy to carry and suitable for various occasions, such as anniversaries, family gatherings, kitchens, bars, wedding parties, travel, birthday parties, corporate celebrations, etc. Bring you a lot of convenience.	","Small and lightweight, it fits in your hand, pocket, car or even a kitchen drawer.	","https://media.asicdn.com/images/orig/327000000/327004546.jpg,https://media.asicdn.com/images/orig/327000000/327004547.jpg,https://media.asicdn.com/images/orig/327000000/327004548.jpg,https://media.asicdn.com/images/orig/327000000/327004549.jpg	","Key Chains-With Bottle or Can Opener,Openers-Bottle	",,"Beer,Bottle Opener,Can Opener,Colored Aluminum Bottle Opener,Keychain,Keychain Beer Bottle Openers,Keychian Bottle Opener,Keyring Bottle Opener,Metal Opener,Party,Summer	","Medium Black=Black,Medium Green=Green,Medium Blue=Blue,Medium Gray=Silver,Medium Red=Red,Medium Purple=Purple,Dark Yellow=Gold,Medium Pink=Pink	",Aluminum=Aluminum	,Dimension	,Length:2.45:in;Width:0.47:in	,,"Laser Engraved=Laser Engraved,Silkscreen=Silkscreen	","Custom Colors,PMS Colors,Standard Colors,one color	",,3-5	,Y	,2-3:	,,,,,,100,300,500,1000,2000,5000,10000,,,,0.799,0.660,0.535,0.390,0.300,0.271,0.257,,,,R	,R	,R	,R	,R	,R	,R	,,,,,one color one location imprint and shipping cost	,,1	,USD	,,List	,07/22/2026	,Active	,,N	,10/25/2024	,
9438010-555599589	,Custom Knit Beanie Cap	,FCSM21	,,"This Beanie is made of Acrylic fabric . This cuffed cap allows you to continue stretching the length of the hat, then gently pull down your hat and cover your ears to keep your ears and head comfortableIt is very elastic and can be stretched several times, stretch ability allows you to let it stay on your head, no matter what the size of form is. Fits most any noggin, for men and women.comfortable and thick knit beanies can help you block the wind and reduce the chance of catching a cold; Knit hats are designed for most winter activities and can be worn during outdoor skiing, like ice skating and other outdoor activities This classic cuff beanie hat is a great everyday essential. Available in multiple colours. Qty for 5000 and over shipping by sea.	","The hat is flexible and your head doesn't feel squeaky, it's not too tight or too loose, making you comfortable.	","https://media.asicdn.com/images/orig/326800000/326808595.jpg,https://media.asicdn.com/images/orig/326800000/326808596.jpg,https://media.asicdn.com/images/orig/326800000/326808598.jpg,https://media.asicdn.com/images/orig/326800000/326808599.jpg,https://media.asicdn.com/images/orig/326800000/326808600.jpg,https://media.asicdn.com/images/orig/326800000/326808602.jpg	","CAP & HAT ACCESSORIES,Caps & Hats-Beanie	",,"Acrylic Beanie,Activitie,Adults,Beanie Cap,Beanie Hat,Cap,Casual Wear,Classic,Comfy,Daily Beanies,Flexibility,Hat,Knit Cuff,Outdoor,Slouchy,Soft,Stretchable,Unisex,Warm,Winter	","Medium Red=Red,Medium Yellow=Yellow,Medium Green=Green,Light Blue=Light Blue,Medium Purple=Purple,Medium Gray=Gray,Medium White=White,Medium Black=Black,Medium Pink=Pink,Medium Orange=Orange,Dark Red=Burgundy,Other=Khaki,Other=Coffee,Medium Gray=Dk Gray,Medium Green=Fluorescent Green,Medium Yellow=Fluorescent Yellow	",Acrylic=Acrylic	,Dimension	,Length:7.08:in;Width:7.67:in;Height:2.75:in	,,Embroidered=Embroidered	,"Custom Colors,PMS Colors,Standard Colors,one color	",,5-7	,Y	,3-5:	,,,,,,100,200,300,500,1000,3000,5000,10000,,,4.720,4.480,4.250,3.950,3.670,3.320,2.380,2.190,,,R	,R	,R	,R	,R	,R	,R	,R	,,,,1 color 1 location imprint and shipping cost	,,1	,USD	,,List	,07/22/2026	,Active	,,N	,10/16/2024	,
9438010-555575908	,Glue Spay Stylus Metal Pen	,FCSBH8	,,"This stylus pen is like a marketing superhero. Pen switches from regular pen mode to stylus mode with a simple click. Your customers will love the rubberized aluminum barrel, perfect for taking notes in class or important meetings. And guess what? The stylus tip works great on smartphones and tablets too. You can even slap your company name or logo on it for some serious brand power.	",Get ready for quick delivery and an amazing price with our stylus pen. We've got a bunch of cool stock colors for you to choose.	,"https://media.asicdn.com/images/orig/326460000/326460007.jpg,https://media.asicdn.com/images/orig/326460000/326460008.jpg,https://media.asicdn.com/images/orig/326460000/326460011.jpg,https://media.asicdn.com/images/orig/326460000/326460012.jpg,https://media.asicdn.com/images/orig/326460000/326460013.jpg	","Pens-Ballpoint-Plunger Action,Pens-Ballpoint-Stylus	",,"2-in-1,Aluminum Pen,Ballpoint,Ballpoint Pen,Birthday gift,Black Ink,Black ink Pen,Business client,Business man,Colleague,Doctors,Friends,Holiday gift,Kids,Metal Pen,Nurses,Retractable,Students,Stylus,Stylus Pen,Stylus tip,Teachers,Touch Aluminum Pen,Touch Screens,Wedding	","Medium Yellow=Yellow,Medium Orange=Orange,Medium Red=Red,Medium Green=Green,Medium Blue=Blue,Medium Purple=Purple,Other=Fuschia	",Metal=Metal	,Dimension	,Length:5.71:in;Width:0.4:in	,,"Laser Engraved=Laser Engraved,Silkscreen=Silkscreen	","Custom Colors,PMS Colors,Standard Colors	",,5	,Y	,3:	,,,,,,100,200,300,500,1000,5000,20000,,,,1.252,1.183,1.053,0.982,0.853,0.725,0.652,,,,R	,R	,R	,R	,R	,R	,R	,,,,,one color one location imprint and shipping cost	,,1	,USD	,,List	,07/22/2026	,Active	,,N	,09/27/2024	,
9438010-555575810	,Football Stress Reliever-Rugby Ball	,FCSBH7	,,"Great for stress relief. Stress relief squeeze balls are proven to relieve stress as all of your energy and focus is being redirected and taken out on the stress ball. The perfect tool to help you with muscular relaxation. Stress balls take therapy to a whole new level. Makes a great fun toy, gift, party favor, or stocking stuffer for children.	",Are you looking for a practical and fun way to relieve your daily stress? The 3.35 Inch Mini Rugby Ball Squeezie Stress Reliever i	,"https://media.asicdn.com/images/orig/326450000/326459526.jpg,https://media.asicdn.com/images/orig/326450000/326459527.jpg,https://media.asicdn.com/images/orig/326450000/326459528.jpg	","FOOTBALLS,Stress Relievers-Balls	",,"Anxiety Relief,Classroom prizes,Decorations,Entertainment,exchange gifts,Foam Sports Balls,Football Toys,Games,Goodie bag fillers,holiday presents,Mini Football,Party,Pinata Fillers,Reward Gift,School Carnival,school prizes,Sports Stress Balls,Stree Reliever,Stress Ball,Toy,Toys	","Medium Yellow=Yellow,Medium Orange=Orange,Medium Red=Red,Medium Green=Green,Medium Brown=Brown,Medium Blue=Blue,Medium Pink=Pink	",Polyurethane (PUR or PU)=Pu	,Dimension	,Length:3.35:in;Width:2.36:in	,,Silkscreen=Silkscreen	,up to full color	,,3-5	,Y	,2-3:	,,,,,,100,200,300,500,1000,5000,20000,,,,2.080,1.820,1.680,1.160,0.980,0.450,0.380,,,,R	,R	,R	,R	,R	,R	,R	,,,,,one color one location imprint and shipping cost	,,1	,USD	,,List	,07/22/2026	,Active	,,N	,09/27/2024	,
9438010-555575727	,Pet Training Clicker with Wrist Strap	,FCSM13	,,"This pet dog clicker is made of ABS material, which is durable and sturdy,not easy to break, resistant to falling, no pungent smell, safe for your pets use,it is a must-have training tool for sound-sensitive pets. our dog training clickers can be applied to train your dog for small movements and correct bad behavior, which is a convenient and safe way for you to use, and can help you build a good relationship with your pet,this dog clicker for training is comfortable for you to wear on the wrist, or you can hang them on the keychain loops and elastic bracelets, which will not fall off easily;And the wrist attachment is more comfortable and easier to hold than a box clicker when petting Custom logo is available,pls call us for more infomation!Qty for 10000pc and over shipping by sea.	","Can be used to train the dog basic obedience, small trick, and correct the bad behavior;	","https://media.asicdn.com/images/orig/326450000/326458993.jpg,https://media.asicdn.com/images/orig/326450000/326458994.jpg,https://media.asicdn.com/images/orig/326450000/326458995.jpg,https://media.asicdn.com/images/orig/326450000/326458996.jpg	",Pet Items-General	,,"Behavioral Training Clicker,Dog Training Clicker,Dog Training Clickers,Pet,Pet Training Clicker,Puppy Training Supplies,Puppy Traning Supplies	","Medium Black=Black,Medium Blue=Blue,Medium Green=Green,Medium Brown=Brown,Medium Pink=Pink,Medium Orange=Orange,Medium Yellow=Yellow,Medium Red=Red,Medium Purple=Purple,Bright Blue=Royal Blue,Light Blue=Light Blue,Medium White=White,Other=Khaki	",ABS=Abs	,Dimension	,Length:2.36:in;Width:1.57:in;Height:0.67:in	,,Silkscreen=Silkscreen	,1 color	,,7-9	,Y	,5-7:	,,,,,,100,300,500,1000,2000,5000,10000,,,,2.378,1.983,1.419,1.207,1.193,1.187,0.895,,,,R	,R	,R	,R	,R	,R	,R	,,,,,one color one location imprint and shipping cost	,,1	,USD	,,List	,07/22/2026	,Active	,,N	,09/27/2024	,
9438010-555575673	,4-In-1 Multi Colour Ballpoint Pen With Carabiner	,FCSM12	,,"This 4-in-1 multi-color ballpoint pen with belt buckle is made of ABS material. The whole pen is very light, so you won't find it inconvenient when using it. This ballpoint pen can write with 4 different colors, black, blue, red and green. It is a useful and fun gift for students, children, office workers and more.Push down the color you want, to change color just push it down the other will jump up, suitable for highlighting important parts of text or notes.Convenient and portable. Suitable for your wallet, bag or even pocket, keychains can also hang on your bag.Custom logo is welcomed!	","Convenient and portable: each pen top has a cute key-chain which can hang on your bag. Small and portable, also suitable for your	","https://media.asicdn.com/images/orig/326450000/326458498.jpg,https://media.asicdn.com/images/orig/326450000/326458495.jpg,https://media.asicdn.com/images/orig/326450000/326458493.jpg	","Pens-Ballpoint-Multi-Color,Pens-Ballpoint-With Grip Section	",,"4-Color Ballpoint Pen,4-Color Multicolor pens,Ballpoint,Multicolor Pens,Pen with Buckle Keychain,Practical Multi-Colored Pens,Quad Clip Pen,Retractable Ballpoint Pens	","Medium Blue=Blue,Medium Green=Green,Medium Red=Red,Medium Black=Black,Medium Orange=Orange,Medium Purple=Purple	",ABS=Abs	,Dimension	,Length:5.5:in;Width:0.7:in	,,Silkscreen=Silkscreen	,"Custom Colors,PMS Colors,Standard Colors,one color	",,8-10	,Y	,7-9:	,,,,,,100,300,500,1000,3000,5000,10000,,,,1.772,0.834,0.690,0.631,0.504,0.481,0.462,,,,R	,R	,R	,R	,R	,R	,R	,,,,,one color one location imprint and shipping cost	,,1	,USD	,,List	,07/22/2026	,Active	,,N	,09/27/2024	,
9438010-555575612	,Strawberry Resuable Folding Grocery Tote Bag	,FCSM10	,,"This Shopping Bag Made Of 190D Polyester.reusable grocery bag with handles measures 14.5"" x 23"", They fold up nicely band take up much less room when not shopping. foldable shopping bags are small, lightweight, and strong. Long handles allow for hand holding or carrying on the shoulder for easier carrying,Folds Into Self-Contained Pouch With String Closure For Convenient Storage,reusable shopping bags are machine washable.Qty for 3000 and over shipping by sea.	","Folded into a strawberry, very cute, and you will love it	","https://media.asicdn.com/images/orig/326450000/326458132.jpg,https://media.asicdn.com/images/orig/326450000/326458133.png,https://media.asicdn.com/images/orig/326450000/326458134.png	","Bags-Shopping,Tote Bags-Grocery	",,"Foldable Shopping Tote,Foldaway Tote Bag,Grocery Bags,Grocery Shopping Bag,Reusable Foldable Bags,Reusable Shopping Bags,Reusable Shopping Tote Bag,Shopping Bags	","Medium Red=Red,Medium White=White,Medium Orange=Orange,Medium Gray=Gray,Medium Black=Black,Medium Blue=Blue,Medium Green=Green,Medium Pink=Pink,Medium Yellow=Yellow,Medium Purple=Purple	",Polyester=Polyester	,Dimension	,Length:16:in;Width:14.5:in	,,Silkscreen=Silkscreen	,one color	,,7-9	,Y	,5-7:	,,,,,,200,500,1000,2000,3000,5000,10000,,,,2.861,2.296,2.043,1.834,1.394,1.364,1.230,,,,R	,R	,R	,R	,R	,R	,R	,,,,,one color one location imprint and shipping cost	,,1	,USD	,,List	,07/22/2026	,Active	,,N	,09/27/2024	,
9438010-555573308	,Non-Woven Insulated Cooler Bag	,FCSM09	,,"The insulated  bag is built with insulated material; And the lunch bag interior is padded with thick insulation to keep food stay cold, warm and fresh for hours,This Insulated Cooler Bag item will keep you worry free in maintaining the temperature of food you wish to bring anywhere you go.the insulated lunch bags are foldable, so they can be collapsed into a flat shape when not in use, which are lightweight and portable, easy to store in your kitchen, trunk or under the car seat, and the reinforced handles can withstand heavy weight of stuff On your next company event, print your brand here and make this insulated cooler bag your party favors.Qty for 2000 and over shipping by sea.	","Suitable for Storing Ice Cubes and Frozen Products, with Good Preservation and Insulation Effects	","https://media.asicdn.com/images/orig/326430000/326437252.jpg,https://media.asicdn.com/images/orig/326430000/326437253.jpg,https://media.asicdn.com/images/orig/326430000/326437254.jpg,https://media.asicdn.com/images/orig/326430000/326437255.jpg	","Bags-Lunch,Tote Bags-Grocery	",,"cooler bag,Insulated Beverage Bag,Insulated Cooler Bag,Insulated Lunch Bag,Leakproof Lunch Boxes,picnic bag,Portable Lunch Bag,Reusable Cooler Bags,shopping bag,Travel Cooler Bag	","Medium Black=Black,Medium Blue=Blue,Medium Brown=Brown,Medium Gray=Gray,Medium Green=Green,Medium Orange=Orange,Medium Pink=Pink,Medium Purple=Purple,Medium Red=Red,Medium Yellow=Yellow,Dark Red=Burgundy,Bright Blue=Royal Blue,Dark Blue=Navy Blue,Light Blue=Light Blue,Dark Red=Maroon	",Non-Woven Fabric=Non-Woven Fabric	,Dimension	,Length:8.27:in;Width:5.51:in;Height:6.69:in	,,Silkscreen=Silkscreen	,one color	,,15-18	,Y	,12-15:	,,,,,,500,1000,2000,3000,5000,8000,10000,,,,4.862,4.775,4.221,2.806,2.726,2.647,2.489,,,,R	,R	,R	,R	,R	,R	,R	,,,,,one color one location imprint and shipping cost	,,1	,USD	,,List	,07/22/2026	,Active	,,N	,09/26/2024	,
9438010-555563146	,Foldable Reusable Grocery Shopping Tote Bag	,FCSM07	,,"Foldable Reusable Shopping Bag/ Grocery Bags are made from polyester. Reusable, washable & water resistant. So light and small you can keep it in your handbag. Use these eco-friendly bags whenever you go shopping instead of the plastic bags provided at stores. Eco friendly, highly portable, and very practical for daily use. Its made an idea gift for friends and relatives.Qty for 5000 and over by sea.	","Eco friendly, easy, and very practical for daily use, e.g. grocery shopping, outdoor activities or as a gift bag	","https://media.asicdn.com/images/orig/326300000/326302702.jpg,https://media.asicdn.com/images/orig/326300000/326302701.jpg,https://media.asicdn.com/images/orig/326300000/326302703.jpg,https://media.asicdn.com/images/orig/326300000/326302704.jpg,https://media.asicdn.com/images/orig/326300000/326302706.jpg,https://media.asicdn.com/images/orig/326300000/326302699.jpg,https://media.asicdn.com/images/orig/326300000/326302700.jpg	","Bags-Shopping,Tote Bags-Grocery	",,"Foldable Shopping Tote,Grocery Bags,Grocery Shopping Bag,Reusable Foldable Bags,Shopping Bags	","Medium Green=Green,Medium Orange=Orange,Medium Yellow=Yellow,Medium Black=Black,Medium White=White	",Polyester=Polyester	,Dimension	,Length:21.6:in;Width:13.7:in	,,Silkscreen=Silkscreen	,one color	,,10	,Y	,7:	,,,,,,100,200,500,1000,2000,5000,10000,,,,2.652,2.652,1.338,1.229,1.205,0.914,0.894,,,,R	,R	,R	,R	,R	,R	,R	,,,,,one color one location imprint and shipping cost	,,1	,USD	,,List	,07/22/2026	,Active	,,N	,09/19/2024	,
9438010-555563108	,20oz Stainless Steel Car Thermos Cup	,FCSM06	,,"The tumbler pack are made with high grade 304 food grade steel, anti rust and lead free, unbreakable and stands up to heavy use through every season. Clear press on top helps you see what is inside.In addition, 20 oz thermos cup fits most car cup holders and is very comfortable to use. Designed to fit most car cup holders.A great choice for leisure, this 20 oz. coffee tumbler set is designed for everyday use at home, office, outdoor parties and events such as sports, travel, camping and driving. Perfect for office workers, students, party favors and more. So you can choose one for your family and friends as Father's Day gifts, Mother's Day gifts, Christmas gifts or birthday gifts. And the cutomized logo is available, Qty for 1000 and over by sea.	",The 20oz car cup is both fashionable and functional. It's perfect for use on the go and will make you the envy of all your friends	,"https://media.asicdn.com/images/orig/326300000/326302482.jpg,https://media.asicdn.com/images/orig/326300000/326302483.jpg,https://media.asicdn.com/images/orig/326300000/326302481.jpg	","Mugs & Steins-Insulated,TRAVEL MUGS/CUPS	",,"20oz Tumbler Stainless Steel,Insulated Travel Cup,Tumbler Stainless Coffee Mug,Vacuum Insulated Travel Cup	","Medium White=White,Medium Orange=Orange,Medium Black=Black,Medium Red=Red,Medium Yellow=Yellow,Medium Blue=Blue,Medium Purple=Purple,Medium Gray=Silver,Dark Blue=Navy Blue,Medium Green=Green,Medium Gray=Gray,Medium Pink=Pink	",Stainless Steel=Stainless Steel	,Volume/Weight	,20:oz	,,"Silkscreen=Silkscreen,Laser Engraved=Laser Engraved	",one color	,,10	,Y	,7:	,,,,,,50,100,200,300,500,1000,2000,,,,10.639,10.539,10.288,10.162,9.751,5.407,5.281,,,,R	,R	,R	,R	,R	,R	,R	,,,,,one color one location imprint and shipping cost	,,1	,USD	,,List	,07/22/2026	,Active	,,N	,09/19/2024	,
9438010-555562990	,Mini Umbrella with Case	,FCSM05	,,"The portable totes umbrellas come with a stylish case that can be carried easily. Folding umbrellas can fit itself everywhere, very lightweight and handy, and take up little space. Easy for storage and convenient to carry while you are on the go. The tiny pocket umbrella is small enough for outdoor, yet provides sufficient protection of sunlight and rain. There are various bright colors for you, making the travel size umbrella an excellent present for your family, friends and colleagues etc,Qty for 1000 and over by sea.	","The inside layer of mini umbrella is made of sun protection coating to absorb 99 % UVA and UVB rays, providing UPF 50 protection.	","https://media.asicdn.com/images/orig/326300000/326302248.jpg,https://media.asicdn.com/images/orig/326300000/326302249.jpg,https://media.asicdn.com/images/orig/326300000/326302250.jpg	",Umbrellas-Folding	,,"Folding Timy Pocket Umbrella,Lightweight Sun Umbrella,Mini Umbrella,Mini Umbrella with Case,Portable Mini Umbrella,Small Umbrella,Travel Mini Umbrella,Umbrella with Case,Umbrella with UV Protection	","Medium White=White,Medium Black=Black,Medium Pink=Pink,Medium Red=Red,Medium Purple=Purple,Medium Blue=Blue,Dark Blue=Navy Blue,Medium Yellow=Yellow,Medium Orange=Orange,Medium Green=Light Green,Other=Wine	","Alloy=Alloy,Other Fabric=Fabric	",Dimension	,Length:7.48:in;Width:2.36:in;Height:2.36:in	,,Silkscreen=Silkscreen	,one color	,Y	,10	,Y	,8:	,,,,,,100,300,500,1000,1500,2000,5000,,,,10.145,9.905,9.665,6.544,6.253,6.184,6.064,,,,R	,R	,R	,R	,R	,R	,R	,,,,,one color one location imprint and shipping cost	,,1	,USD	,,List	,07/22/2026	,Active	,,N	,09/19/2024	,
9438010-555562547	,Sports Cooling Towel	,FCSM03	,,"The cooling towels is made of polyester hyper-evaporate breathable mesh material. The unique cooling system uses moisture from the towel to draw the sweat away from your skin to keep you cool.It's a magic towel chills instantly. Cool down quickly by simply soaking it, wringing out the water and shaking it.Just a few seconds the chill towel will keep cooling for several hours and reactivate the chilling by repeating the steps. Size 11.8 "" x 31.5 "",It's amazingly easy to pack away and take with you anywhere such as hanging in a bag, Qty for 5000 and over by sea.	","Cooling towel is perfect for exercise enthusiasts who love sports, swimming, exercise, gym, golf, camping and fitness;	","https://media.asicdn.com/images/orig/326290000/326296097.jpg,https://media.asicdn.com/images/orig/326290000/326296096.jpg,https://media.asicdn.com/images/orig/326290000/326296095.jpg	","COOLING TOWELS & SCARVES,Towels-Sports	",,"Cooling Towel,Cooling Towels,Gym Towels,Ice Towel for Hot Weather,Soft Breathable Chilly Towels,Sweat Cooling Towels,Sweat Towels Cooling Towel,Sweat Towels Cooling Towels,Towel for Work Out,Towel Soft Breathable Towel	","Medium Blue=Blue,Medium Green=Green,Medium Pink=Pink,Medium Gray=Gray,Medium Black=Black,Medium Purple=Purple,Medium Orange=Orange,Medium Red=Red	",Polyester=Polyester	,Dimension	,Length:11.8:in;Width:31.5:in	,,Silkscreen=Silkscreen	,one color	,Y	,10	,Y	,7:	,,,,,,100,300,500,1000,2000,5000,10000,,,,2.483,1.675,1.547,1.123,1.085,0.734,0.646,,,,R	,R	,R	,R	,R	,R	,R	,,,,,one color one location imprint and shipping cost	,,1	,USD	,,List	,07/22/2026	,Active	,,N	,09/19/2024	,
9438010-555562435	,Kraft Paper Brown Handle Bag	,FCSM01	,,"Bags available in a variety of sizes,5.9""x3.2""x8.3"", 8.3""x4.3""x10.6"",8.3""x5.5""x10.6"", 10.2""x4.7""x12.2,12.6""x4.3""x10.6"",11""x5.9""x11"", and custom .Portable gift bag is made of environmental kraft paper.  Can be used for the company publicity, shopping bag, gift packing and so on. customizable bags to make your company's logo stand out.These kraft bags give customers, clients or guests an end-to-end experience . Add branding to any sale,trade show or event, It's a good chance to leave a lasting impression with a consistent, eye-catching look. welcome your logo.Crafted from durable natural kraft paper, this spacious tote is ideal for carrying groceries, bulk items, and more. The reinforced handles ensure comfortable carrying, making it suitable for daily use or special occasions.Can be used fo	","These useful party favor bags are in proper size and can be easily folded as you like, convenient to use and carry.	","https://media.asicdn.com/images/orig/326290000/326294998.jpg,https://media.asicdn.com/images/orig/326290000/326294997.jpg,https://media.asicdn.com/images/orig/326290000/326294996.jpg	","Bags-Shopping,Tote Bags-Grocery	",,"Advertising Bag,Durable Unique Paper Bags,Easy Carrying Paper Bags,Eco-Friendly Paper Bag,[Favor Bags,Kraft Shopping Bags],Funny Cheap Paper Bags,Gift Bags,Gift Wrapping Bag,Kraft Grocery Shopping Bags,Kraft Paper Bags,Kraft Paper Gift Bags,Lawn Bags Brown Paper,Lightweight Paper Bags,Paper Bags For Small Business,Paper Sandwich Bags,Party Bags,Professional Custom Paper Bags,Retail Bags,Reusable Food Storage Bags,Shopping Bags	",Other=Natural	,Paper=Paper	,Dimension	,"Length:5.9:in;Width:3.2:in;Height:8.3:in,Length:8.3:in;Width:4.3:in;Height:10.6:in,Length:8.3:in;Width:5.5:in;Height:10.6:in,Length:10.2:in;Width:4.7:in;Height:12.2:in,Length:12.6:in;Width:4.3:in;Height:10.6:in,Length:11:in;Width:5.9:in;Height:11:in	",,Silkscreen=Silkscreen	,one color	,,12	,Y	,10:	,,,"5.9 "" x 3.2 "" x 8.3 ""	",DIMS:Length:5.9:in;Width:3.2:in;Height:8.3:in	,,100,300,500,1000,5000,10000,20000,,,,1.640,0.802,0.649,0.482,0.215,0.194,0.176,,,,R	,R	,R	,R	,R	,R	,R	,,,,FCSM01-101#	,one color one location imprint and shipping cost	,,1	,USD	,,List	,07/22/2026	,Active	,,N	,09/19/2024	,
9438010-555562435	,,,,,,,,,,,,,,,,,,,,,,,"8.3 "" x 4.3 "" x 10.6 ""	",DIMS:Length:8.3:in;Width:4.3:in;Height:10.6:in	,,100,300,500,1000,5000,10000,20000,,,,1.975,1.009,0.809,0.662,0.295,0.267,0.245,,,,R	,R	,R	,R	,R	,R	,R	,,,,FCSM01-102#	,one color one location imprint and shipping cost	,,2	,USD	,,,,,,,,
9438010-555562435	,,,,,,,,,,,,,,,,,,,,,,,"8.3 "" x 5.5 "" x 10.6 ""	",DIMS:Length:8.3:in;Width:5.5:in;Height:10.6:in	,,100,300,500,1000,5000,10000,20000,,,,1.940,1.060,0.889,0.738,0.333,0.306,0.277,,,,R	,R	,R	,R	,R	,R	,R	,,,,FCSM01-103#	,one color one location imprint and shipping cost	,,3	,USD	,,,,,,,,
9438010-555562435	,,,,,,,,,,,,,,,,,,,,,,,"10.2 "" x 4.7 "" x 12.2 ""	",DIMS:Length:10.2:in;Width:4.7:in;Height:12.2:in	,,100,300,500,1000,5000,10000,20000,,,,2.043,1.133,0.911,0.818,0.370,0.337,0.309,,,,R	,R	,R	,R	,R	,R	,R	,,,,FCSM01-104#	,one color one location imprint and shipping cost	,,4	,USD	,,,,,,,,
9438010-555562435	,,,,,,,,,,,,,,,,,,,,,,,"12.6 "" x 4.3 "" x 10.6 ""	",DIMS:Length:12.6:in;Width:4.3:in;Height:10.6:in	,,100,300,500,1000,5000,10000,20000,,,,2.043,1.133,0.911,0.818,0.370,0.337,0.309,,,,R	,R	,R	,R	,R	,R	,R	,,,,FCSM01-105#	,one color one location imprint and shipping cost	,,5	,USD	,,,,,,,,
9438010-555562435	,,,,,,,,,,,,,,,,,,,,,,,"11 "" x 5.9 "" x 11 ""	",DIMS:Length:11:in;Width:5.9:in;Height:11:in	,,100,300,500,1000,5000,10000,20000,,,,2.132,1.211,0.975,0.866,0.393,0.358,0.328,,,,R	,R	,R	,R	,R	,R	,R	,,,,FCSM01-106#	,one color one location imprint and shipping cost	,,6	,USD	,,,,,,,,
9438010-555551158	,"23"" Foam Cowboy Hat	",FCSBH6	,,"Our foam cowboy hat offers multiple and large logo imprint areas for maximum exposure for your business. Have your company name silkscreened or imprinted with a full color digital transfer to ""top"" off your event. This is a handy giveaway at a trade show anywhere in Texas or for Western-themed hotels, resorts or tour operators. Pricing is shipping by SEA	",The cowboys and cowgirls in your crowd will appreciate this Western staple!	,"https://media.asicdn.com/images/orig/326070000/326078357.jpg,https://media.asicdn.com/images/orig/326070000/326078358.jpg,https://media.asicdn.com/images/orig/326070000/326078359.jpg,https://media.asicdn.com/images/orig/326070000/326078360.jpg	","Caps & Hats-General,COWBOY HATS	",,"Adults,backyard barbecue,class room theme,Cowboy Hat,Crazy Hat Day,decor,FOAM,kids,Party Favor,Party Gift Hat,PARTY HATS,Sheriff Hat,tailgate,themed event,Vintage Cowboy Hat,Western Party Hat	","Medium Black=Black,Medium Red=Red,Medium Green=Green,Medium Blue=Blue,Medium Pink=Pink,Medium Orange=Orange,Medium Yellow=Yellow,Medium White=White,Other=Custom	",Foam=Foam	,Dimension	,Length:23:in	,,Silkscreen=Silkscreen	,"Custom Colors,PMS Colors,Standard Colors,Up to full color	",,10-15	,Y	,8-10:	,,,,,,100,200,300,500,1000,5000,20000,,,,11.550,11.320,11.050,10.550,9.850,9.560,9.250,,,,R	,R	,R	,R	,R	,R	,R	,,,,,one color one location imprint and shipping cost	,,1	,USD	,,List	,07/22/2026	,Active	,,N	,09/10/2024	,
9438010-555551128	,LED Light up Party Foam Glow Sticks/Batons	,FCSBH5	,,"Our foam glow baton is a fun and safe alternative to traditional glow sticks. It's bright, lightweight, and easy to use - just push the button to activate the multi-color LED lights. And for those looking for a more classic look, our glow stick is a tried-and-true option that always gets the party started. This bendable foam glow is easy to handle and perfect for dancing the night away. Over 5000 pcs is by SEA	",This LED light up foam glow baton is the ultimate spectacle of vibrant colors and dazzling lights to elevate any event.	,"https://media.asicdn.com/images/orig/326070000/326078200.jpg,https://media.asicdn.com/images/orig/326070000/326078201.jpg,https://media.asicdn.com/images/orig/326070000/326078202.jpg,https://media.asicdn.com/images/orig/326070000/326078203.jpg,https://media.asicdn.com/images/orig/326070000/326078204.jpg	","LED PRODUCTS,PARTY FAVORS	",,"3 Modes,bar,Batons,birthday parties,Bulk Party,Camping,Christmas,Colorful Flashing,Concert,Dark Party,Foam Sticks,Giant,Glow,Glow Stick,Halloween,LED,Pack,Party,Raves,sporting events,Toys,Wedding,weddings	","Medium Blue=Blue,Medium Green=Green,Multi Color=Multi Color,Medium Brown=Brown,Medium White=White,Medium Yellow=Yellow,Medium Purple=Purple,Medium Pink=Pink,Medium Orange=Orange	",Foam=Foam	,Dimension	,Length:16:in;Width:1.57:in	,,Silkscreen=Silkscreen	,"Custom Colors,PMS Colors,Standard Colors,1 or 2 color	",,3-5	,Y	,2-3:	,,,,,,100,200,300,500,1000,5000,20000,,,,3.250,3.130,2.750,2.530,2.320,0.762,0.722,,,,R	,R	,R	,R	,R	,R	,R	,,,,,one color one location imprint and shipping cost	,,1	,USD	,,List	,07/22/2026	,Active	,,N	,09/10/2024	,
9438010-555537748	,20 oz Stainles Steel Tumbler w/Metal Handle	,FCSBH4	,,"This tumbler is with kitchen grade 18/8 stainless steel, dual wall vacuum seal eliminates condensation. Handle makes it easy to grip and carrye. Keeps drinks cold for 12 hours and hot for 8 hours, spill-resistant, thumb slide lid with rubber gasket. BPA Free. Not dishwasher safe, hand wash only.	",Enjoy a beverage on the go with our 20-ounce reusable travel coffee mug.	,"https://media.asicdn.com/images/orig/325890000/325895771.jpg,https://media.asicdn.com/images/orig/325890000/325895772.jpg,https://media.asicdn.com/images/orig/325890000/325895773.jpg,https://media.asicdn.com/images/orig/325890000/325895774.jpg,https://media.asicdn.com/images/orig/325890000/325895775.jpg	","Mugs & Steins-Insulated,TRAVEL MUGS/CUPS	",,"20 oz,birthday,Christmas,coating,Coffee,Cold,Colleagues,Double Wall,Eco Friendly,families,Father's Day,Friendly,Friends,Handle Metal,Hot,Insulated,Lid,Matte powder,Mother's Day,Mug,Multiple Color,Stainless Steel,Straw,Travel,Tumbler,Tumbler Cup,Valentine's Day	","Medium Black=Black,Medium White=White,Medium Orange=Orange,Medium Red=Red,Medium Blue=Blue,Medium Purple=Purple,Medium Pink=Pink,Medium Gray=Gray,Medium Gray=Silver,Medium Brown=Brown	",Stainless Steel=Stainless Steel	,Volume/Weight	,20:oz	,,"Silkscreen=Silkscreen,Laser Engraved=Laser Engraved	","Standard Colors,Custom Colors,PMS Colors	",,5	,Y	,3:	,,,,,,50,100,200,300,500,1000,2000,5000,,,13.360,13.180,12.980,12.850,12.550,8.780,8.650,8.380,,,R	,R	,R	,R	,R	,R	,R	,R	,,,,,,1	,USD	,,List	,07/22/2026	,Active	,,N	,09/02/2024	,
9438010-555537256	,12 oz. Cotton Canvas Tote Bag	,FCSIH010	,,"Made of 100% cotton material, this bag weighs 12 oz.These sturdy tote bags measures 15"" X 16"" and are offered in many attractive colors.  With a large imprint of 10"" x 10"", this is perfect for maximum brand exposure. Give these away in your next trade show and see what a great difference it makes. Also others sizes are available.	",Attract customers to you when you include our Heavyweight Cotton Canvas Tote Bag.	,"https://media.asicdn.com/images/orig/325890000/325892833.jpg,https://media.asicdn.com/images/orig/325890000/325892831.jpg,https://media.asicdn.com/images/orig/325890000/325892832.jpg,https://media.asicdn.com/images/orig/325890000/325892834.jpg,https://media.asicdn.com/images/orig/325890000/325892835.jpg	","Tote Bags-Canvas,Tote Bags-Grocery	",,"artistic,Blank Cloth,bulk purchases,Canvas,clean slate,Crafts,creations,decorating,embroidery,expression,Fabric,for DIY,giveaway events,Grocery,heat transfer,Heavy Duty,Natural,Pack,painting,personalized,printing,promotional campaigns,Reusable,Shopping Bags,Sturdy,Tote Bags,trade shows,wholesale,with Handles	","Medium Blue=Blue,Medium Green=Green,Medium Pink=Pink,Medium Yellow=Yellow,Medium Orange=Orange,Medium Black=Black,Medium Red=Red,Medium White=White,Other=Natural,Medium Purple=Purple	",Cotton=Cotton	,Dimension	,Length:15:in;Width:16:in	,,"Silkscreen=Silkscreen,Heat Transfer=Heat Transfer,Sublimation=Sublimation	","Standard Colors,Custom Colors,PMS Colors,Up to full color	",Y	,5-7	,Y	,3-5:	,,,,,,100,200,300,500,1000,2000,5000,10000,,,4.730,4.650,4.530,4.320,3.390,3.260,3.080,2.480,,,R	,R	,R	,R	,R	,R	,R	,R	,,,,1 color 1 location imprint and shipping cost	,,1	,USD	,,List	,07/22/2026	,Active	,,N	,09/02/2024	,
9438010-555537213	,Color Glue Spray Ballpoint Pen	,FCSBH2	,,"These 0.45"" x 5.4"" pens is made of plastic and have a non-slip barreled and work with plunger-action operation. Features silver tone accents and writing tip with a handy pocket clip. Available in assorted colors.	",Make an indelible mark on your customers and supporters with a giveaway of some great writing accessories.	,"https://media.asicdn.com/images/orig/325890000/325892433.jpg,https://media.asicdn.com/images/orig/325890000/325892434.jpg,https://media.asicdn.com/images/orig/325890000/325892435.jpg,https://media.asicdn.com/images/orig/325890000/325892436.jpg,https://media.asicdn.com/images/orig/325890000/325892437.jpg	","Pens-Ballpoint-General,Pens-Ballpoint-Multi-Color	",,"adds,Ball Pen,Ball Point,Ballpoint,Ballpoint Gel Pen,budgets,colleagues,comfortable,convenient,diaries,family members,Fine Pens,Fountain Pen,gift,Ink Pen,Medium Tip Pens,Metal,Office,Pen,Pen Press,Plastic,relatives,Retractable Pens,School,Spray Glue,Stationery,Supplies,Writing	","Medium Black=Black,Medium Blue=Blue,Medium Green=Green,Medium Orange=Orange,Medium Red=Red,Medium Pink=Pink,Medium Gray=Gray	",Plastic=Plastic	,Dimension	,Width:0.45:in;Height:5.4:in	,,Silkscreen=Silkscreen	,"Custom Colors,PMS Colors,Standard Colors	",,3-5	,Y	,2-3:	,,,,,,100,300,500,800,1000,2000,3000,5000,,,1.143,0.985,0.776,0.498,0.458,0.388,0.328,0.268,,,R	,R	,R	,R	,R	,R	,R	,R	,,,,one color one location imprint and shipping cost	,,1	,USD	,,List	,07/22/2026	,Active	,,N	,09/02/2024	,
9438010-555537177	,Wireless Lavalier Lapel Microphone	,FCSBH1	,,"This innovative wireless lavalier lapel  microphone is much easier to set. No Adapter/Addtional APP/ Bluetooth needed, just 2 steps to connect. Step 1: Plug the receiver into your devices; Step 2: Power on the microphones. It includs 2pcs micropone and one receiver. it supports to charge the mobile phone when you using it. The reciever is lightening port. there are type-C port option too. . It is suitable for interviewing, online conferencing, podcasting,vlogging,live streaming.	","Say goodbye to messy cables, and the wireless lapel lavalier microphones can be clipped on the collar to free your hands for audio	","https://media.asicdn.com/images/orig/325890000/325891899.jpg,https://media.asicdn.com/images/orig/325890000/325891900.jpg,https://media.asicdn.com/images/orig/325890000/325891871.jpg,https://media.asicdn.com/images/orig/325890000/325891872.jpg	","Mobile Accessories-Selfie Lights,Speakers-Wireless	",,"Chip,Clip-on Microphone,Condenser,Delay,for Interview,for iPhone,iPad-Cordless,Lapel,Lavalier,Lightning connector,Lightweight,Microphone,Mini Microphone,No APP,No Bluetooth,Noise Canceling,Noise Reduction,Omnidirectional,Plug,Podcast,Professional,Recording Mic,TikTok,Ultra-Low,USB Type-C,Video,Vlog,Wireless,YouTube	",Medium Black=Black	,Plastic=Plastic	,Dimension	,Length:2.36:in;Width:1.5:in	,,Silkscreen=Silkscreen	,"Custom Colors,PMS Colors,Standard Colors	",,5-7	,Y	,3-5:	,,,,,,100,200,300,500,1000,2000,5000,10000,,,9.480,9.320,8.680,8.430,7.980,7.820,7.280,6.550,,,R	,R	,R	,R	,R	,R	,R	,R	,,,,,,1	,USD	,,List	,07/22/2026	,Active	,,N	,09/02/2024	,
9438010-555508030	,Non-Woven Shopping Tote Bag	,FCS24014	,,"It's made of polyester non-woven fabric, light and durable; withbright color, not easy to fade, can be used multiple times. Ideal for most occasions, like birthday party, etc, can be used as gift bags, storage bags, shopping bags, book bags, Halloween candy bags, Christmas gift bags, Easter egg bags and more.Orders of 5000 pieces or greater are eligible for sea shipping	",Carry the message for your business or brand in these eco-friendly tote bags.	,"https://media.asicdn.com/images/orig/325390000/325397309.jpg,https://media.asicdn.com/images/orig/325390000/325397315.jpg	","Tote Bags-Grocery,Tote Bags-Non Woven	",,"Grocery Bag,Grocery Shopping Bag,Non Woven Tote Bag,Shopping Bag,Tote Bag,Tote Bags	","Medium Blue=Blue,Medium Green=Green,Medium Pink=Pink,Medium Yellow=Yellow,Medium Orange=Orange	",Non-Woven Fabric=Non-Woven Fabric	,Dimension	,Length:15.75:in;Width:11.82:in;Height:3.94:in	,,Silkscreen=Silkscreen	,one color	,,7	,Y	,5:	,,,,,,200,500,1000,2000,5000,10000,20000,,,,1.181,0.873,0.798,0.711,0.365,0.334,0.304,,,,R	,R	,R	,R	,R	,R	,R	,,,,,one color one location imprint and shipping cost	,,1	,USD	,,List	,07/22/2026	,Active	,,N	,08/15/2024	,
9438010-555508011	,Promotional Non-Woven Tote Bag	,FCS24013	,,"Non-Woven Convention Tote Bag with shoulder strap. Non-woven polypropylene. Made from recycled material. A variety of sizes are available, welcome to customize. Orders of 5000 pieces or greater are eligible for sea shipping	",Carry the message for your business or brand in these eco-friendly tote bags.	,"https://media.asicdn.com/images/orig/325390000/325397290.jpg,https://media.asicdn.com/images/orig/325390000/325397292.jpg,https://media.asicdn.com/images/orig/325390000/325397294.jpg	","Tote Bags-Grocery,Tote Bags-Non Woven	",,"Grocery Bag,Grocery Shopping Bag,Non Woven Tote Bag,Shopping Bag,Tote Bag,Tote Bags	","Medium Blue=Blue,Medium Green=Green,Medium Pink=Pink,Medium Yellow=Yellow,Medium Orange=Orange	",Non-Woven Fabric=Non-Woven Fabric	,Dimension	,Length:11.82:in;Width:14.96:in;Height:3.94:in	,,Silkscreen=Silkscreen	,one color	,,7	,Y	,5:	,,,,,,200,500,1000,2000,5000,10000,20000,,,,1.181,0.873,0.798,0.711,0.365,0.334,0.304,,,,R	,R	,R	,R	,R	,R	,R	,,,,,one color one location imprint and shipping cost	,,1	,USD	,,List	,07/22/2026	,Active	,,N	,08/15/2024	,
9438010-555507919	,Non Woven Grocery Tote Bag	,FCS24012	,,"Durable and tear resistant non-woven fabric with a roomy interior and carrying handles. Put the ho ho ho into your next holiday activity or event with these themed tote bags. A great way to hand out year end gifts, product samples and information, candies and snacks and more. Available in assorted colors. Add your company logo or message to customize. Orders of 5000 pieces or greater are eligible for sea shipping	",Carry the message for your business or brand in these eco-friendly tote bags.	,"https://media.asicdn.com/images/orig/325390000/325397093.jpg,https://media.asicdn.com/images/orig/325390000/325396807.jpg,https://media.asicdn.com/images/orig/325390000/325396661.jpg	","Tote Bags-Grocery,Tote Bags-Non Woven	",,"Grocery Bag,Grocery Shopping Bag,Non Woven Tote Bag,Shopping Bag,Tote Bag,Tote Bags	","Medium Blue=Blue,Medium Green=Green,Medium Pink=Pink,Medium Yellow=Yellow,Medium Orange=Orange	",Non-Woven Fabric=Non-Woven Fabric	,Dimension	,Length:9.84:in;Width:13.78:in;Height:3.94:in	,,Silkscreen=Silkscreen	,one color	,,7	,Y	,5:	,,,,,,200,500,1000,2000,5000,10000,20000,,,,1.148,0.824,0.711,0.694,0.332,0.289,0.265,,,,R	,R	,R	,R	,R	,R	,R	,,,,,one color one location imprint and shipping cost	,,1	,USD	,,List	,07/22/2026	,Active	,,N	,08/15/2024	,
9438010-555496626	,High Power Clip Fill Light	,FCS24011	,,"Built in 120 LED lighting beads to solve lighting problems and improve night photography quality.Support device charging with Type-C port. Lighting modes and 10 brightness levels - bright white, bright white+warm yellow, warm yellow.  The led selfie light built-in 3000mAh rechargeable battery and USB Type-C charging port. This slim and lightweight LED phone light will brighten up your appearance so you look your best in front of the webcam. Which is perfect for selfies, photos, photography, video, mobile phone, laptop, makeup, live streams, or vlogs. The rotatable design makes the portable selfie light so incredible and largely enhances the quality of your content. It is bright enough, which helps you look charming and shiny. over 500pcs ship by sea.	","Suitable for selfies, live performances, art photography, object lighting, selfie lighting, or insufficient lighting.	","https://media.asicdn.com/images/orig/325240000/325246695.jpg,https://media.asicdn.com/images/orig/325240000/325246697.jpg,https://media.asicdn.com/images/orig/325240000/325246699.jpg	","LED PRODUCTS,Mobile Accessories-Selfie Lights	",,"Clip Fill Light,Fill Light,High Power Clip Fill Light,Phone Photo Light,Selfie Fill Light	",Medium Black=Black	,Plastic=Plastic	,Dimension	,Length:4.25:in;Width:2.6:in;Height:0.63:in	,,Silkscreen=Silkscreen	,"Custom Colors,PMS Colors,Standard Colors	",,5-7	,Y	,3-5:	,,,,,,100,300,500,1000,2000,3000,5000,,,,22.090,21.090,19.120,18.480,17.040,16.850,16.760,,,,R	,R	,R	,R	,R	,R	,R	,,,,,one color one location imprint and shipping cost	,,1	,USD	,,List	,07/22/2026	,Active	,,N	,08/09/2024	,
9438010-555423426	,100% Cotton Golf Towel W/Hook	,FCS0701	,,"The 15 3/4* 11 13/16"" golf towel made of soft and supple 400GSM 100% cottonmaterial. Each one also features a metal grommet for attaching to golf bag to make for easy transportation. Add your company name and logo to help promote your business and services.	",Make your business stand out from the crowd with this promotional golf towel!	,"https://media.asicdn.com/images/orig/324520000/324529015.jpg,https://media.asicdn.com/images/orig/324520000/324529017.jpg,https://media.asicdn.com/images/orig/324520000/324529020.jpg	","MICROFIBER CLOTHS,Towels-Sports	",,"Golf Towel,Holidays,Microfiber,Sports,Towel,Towel Hook	","Medium Red=Red,Medium Black=Black,Medium White=White,Dark Blue=Navy Blue,Medium Gray=Gray	",Cotton=400Gsm Cotton	,Dimension	,Length:15 3/4:in;Width:11 13/16:in	,,"Silkscreen=Silkscreen,Silkscreen=Heat Transfer,Silkscreen=Embroidered	",Custom Colors	,,7-9	,Y	,5-7:	,,,,,,100,200,300,500,1000,3000,5000,10000,,,3.320,3.050,2.380,1.850,1.430,1.180,0.930,0.750,,,R	,R	,R	,R	,R	,R	,R	,R	,,,,,,1	,USD	,,List	,07/22/2026	,Active	,,N	,07/01/2024	,
9438010-555411593	,Paddle Megnetic Beer Bottle Opener	,FCS24010	,,"The bottle opener opens bottle of the beer, soft drinks, soda water, coca cola.The bottle opener is made of plastic and stainless. And a magnet on the back. A variety of colors are available, very suitable for promotional gifts. Perfect for professional bartenders or home use.Just add your logo!	","Easy storage to avoid getting lost with magnets with built-in strong magnets, this beer bottle opener could be attached to refrige	","https://media.asicdn.com/images/orig/324380000/324387365.jpg,https://media.asicdn.com/images/orig/324380000/324387366.jpg,https://media.asicdn.com/images/orig/324380000/324387370.jpg,https://media.asicdn.com/images/orig/324380000/324387371.jpg	","Key Chains-With Bottle or Can Opener,Openers-Bottle	",,"Beer,Bottle Opener,Can Opener,Keychain,Metal Opener,Party,Summer	","Medium Black=Black,Medium Green=Green,Medium Blue=Blue,Medium Orange=Orange,Medium Red=Red,Medium Pink=Pink,Medium White=White,Medium Yellow=Yellow	",Plastic=Plastic	,Dimension	,Length:4.13:in;Width:1.97:in;Height:0.2:in	,,Silkscreen=Silkscreen	,"Custom Colors,PMS Colors,Standard Colors,up to full size	",,5	,Y	,3:	,,,,,,100,200,300,500,1000,5000,10000,,,,0.985,0.865,0.602,0.521,0.405,0.252,0.148,,,,R	,R	,R	,R	,R	,R	,R	,,,,,1 color 1 location imprint and shipping cost	,,1	,USD	,,List	,07/22/2026	,Active	,,N	,06/24/2024	,
9438010-555411557	,Classic Metal Bottle Opener Keychain	,FCS24009	,,"This metal bottle opener key chain is a great way to break into your next advertising campaign. It makes an excellent gift or giveaway at trade shows, liquor stores or beverage marketing events. Two in one products go a long way to appeal to people with multiple uses. Customize it with your pad printed business logo and name to point people in the right direction.	",Pop the top on new potential customers with this Key Chain!	,"https://media.asicdn.com/images/orig/330610000/330614136.png,https://media.asicdn.com/images/orig/324380000/324387225.jpg,https://media.asicdn.com/images/orig/324380000/324387226.jpg,https://media.asicdn.com/images/orig/324380000/324387228.jpg,https://media.asicdn.com/images/orig/324380000/324387230.jpg,https://media.asicdn.com/images/orig/324380000/324387232.jpg	","Key Chains-With Bottle or Can Opener,Openers-Bottle	",,"Bar,Beer,Bottle Opener,Brewery,Can Opener,Corporate gifts,Events gifts,Keychain,Metal Opener,Party,Restaurant,Souvenirs,Summer,Wedding Favors	","Medium Black=Black,Medium Green=Green,Medium Blue=Blue,Medium Orange=Orange,Medium Red=Red,Medium Purple=Purple,Medium Gray=Silver	",Aluminum=Aluminum	,Dimension	,Length:3.25:in;Width:0.45:in	,,"Laser Engraved=Laser Engraved,Silkscreen=Silkscreen	","Custom Colors,PMS Colors,Standard Colors,one color	",,5	,Y	,3:	,,,,,,100,200,300,500,1000,3000,5000,10000,,,0.488,0.406,0.362,0.307,0.263,0.226,0.202,0.182,,,R	,R	,R	,R	,R	,R	,R	,R	,,,,1 color 1 location imprint and shipping cost	,,1	,USD	,,List	,07/22/2026	,Active	,,N	,06/24/2024	,
9438010-555411082	,Sport Wear Athletic Sun Visor Caps Hats	,FCS0263	,,"Display your brand name front and center on this cotton visor!   The back of the sun hat has a adjustable strap, which can be adjusted according to your own head circumference, one size is suitable for most girls, teenagers or adults, so you can enjoy the day easily. Beautiful appearance and classic neutral style, these sun hats are stylish accessories, skin-friendly and comfortable, and help keep the head fresh; They are good for wearing in all seasons, especially in summer.    Great for athletic campaigns, beach promotions and outdoor events.	","Empty top design allows you to shade while avoiding the hot overhead,suitable for , jogging, sports and other outdoor activities.	","https://media.asicdn.com/images/orig/324380000/324380972.jpg,https://media.asicdn.com/images/orig/324380000/324380991.jpg,https://media.asicdn.com/images/orig/324380000/324380999.jpg,https://media.asicdn.com/images/orig/324380000/324381000.jpg,https://media.asicdn.com/images/orig/324380000/324381001.jpg,https://media.asicdn.com/images/orig/324380000/324381002.jpg,https://media.asicdn.com/images/orig/324380000/324381003.jpg,https://media.asicdn.com/images/orig/324380000/324381004.jpg,https://media.asicdn.com/images/orig/324380000/324381005.jpg,https://media.asicdn.com/images/orig/324380000/324381006.jpg,https://media.asicdn.com/images/orig/324380000/324381007.jpg,https://media.asicdn.com/images/orig/324380000/324381013.jpg	",Caps & Hats-General	,,"Athletic Hat,Sun Hat,UV Protection Sun Hat,Visor	","Medium Black=Black,Medium White=White,Medium Blue=Blue,Dark Blue=Navy Blue,Medium Orange=Orange,Medium Yellow=Yellow,Medium Green=Green,Medium Purple=Purple,Medium Pink=Pink	",Cotton:Combo:Polyester=Cotton+Polyester	,Dimension	,Length:22.05:in;Width:3.54:in;Height:4.72:in	,,Silkscreen=Silkscreen	,"Custom Colors,PMS Colors,Standard Colors	",,15	,Y	,12:	,,,,,,100,300,500,1000,2000,3000,5000,,,,2.658,2.556,2.466,2.335,2.287,2.198,1.983,,,,R	,R	,R	,R	,R	,R	,R	,,,,,one color one location imprint and shipping cost	,,1	,USD	,,List	,07/22/2026	,Active	,,N	,06/24/2024	,
9438010-555407271	,Reusable Magnetic Water Balloons Pool Beach Toys	,FCS0258	,,"Looking for a fun and refreshing way to beat the summer heat? Our reusable water balloons are perfect for kids and adults alike! With endless possibilities for games and activities, like relay races and pool water fights, these outdoor toys are sure to provide hours of entertainment. Plus, they're eco-friendly and can be used up to 1000 times, making them a sustainable choice for summer fun. Click to purchase and make a splash this summer! Our water balloons are the perfect way for the whole family and groups to enjoy some fun under the sun this summer. Suitable for kids, adults, and even pets, they can be used in a variety of water activities in swimming pools, oceans, lakes, and rivers.	",Our reusable water balloons are perfect for kids and adults alike!Make this summer unforgettable with our reusable water balloon!	,"https://media.asicdn.com/images/orig/324290000/324295332.jpg,https://media.asicdn.com/images/orig/324290000/324295337.jpg,https://media.asicdn.com/images/orig/324290000/324295338.jpg	","BALLOONS,Toys-General	",,"Balloons,Bombs Silicone Balloons,Reusable Water Balloon,Silicon Balloons,Water Balloons	","Medium Pink=Pink,Medium Green=Green,Medium Orange=Orange,Medium Blue=Blue	",Silicone=Silicone	,Dimension	,Length:2.16:in;Width:2.16:in	,,Silkscreen=Silkscreen	,one color	,,10	,Y	,7:	,,,,,,100,200,500,1000,2000,3000,5000,,,,1.256,1.066,0.952,0.837,0.819,0.783,0.777,,,,R	,R	,R	,R	,R	,R	,R	,,,,,one color one location imprint and shipping cost	,,1	,USD	,,List	,07/22/2026	,Active	,,N	,06/20/2024	,
9438010-555405857	,Custom Full color Laminated  Round Corner Tote Bag	,FCSIH016	,,"Carry the message for your business or brand in these eco-friendly tote bags.  They're a great way to carry promotional information, product samples and more. It's easy to be thinking green! Choose from a wide range of great colors. Add your school, sports team, organizational or company logo or message to customize.Bring it home from the next marketing or social event in these green thinking reusable tote bags. Made of lightweight and eco-friendly 80GSM non-woven polypropylene material created with 10% post-consumer content, these 11.75 "" x 9.25 "" x 4.53 "" totes have a roomy interior and dual carrying handles. Available in assorted colors. Over 5000 pcs is by SEA.	",Made of  non-woven polypropylene material these totes have a roomy interior an  dual carrying handles.	,"https://media.asicdn.com/images/orig/340820000/340820454.jpg,https://media.asicdn.com/images/orig/340820000/340820455.png,https://media.asicdn.com/images/orig/340820000/340820456.jpg,https://media.asicdn.com/images/orig/340820000/340820457.jpg	","Bags-Shopping,Tote Bags-Grocery	",,"Grocery tote,Laminated,Non woven,Outdoor,Round corner,Shopper,Shopping,Small bag,Super Market,Tote bag	","Medium Black=Black,Medium Green=Green,Dark Blue=Navy Blue,Medium Orange=Orange,Medium Pink=Pink,Medium Purple=Purple,Medium Red=Red,Medium Gray=Gray,Medium Yellow=Yellow,Other=Custom	",Non-Woven Fabric=Laminated Non-Woven Fabric	,Dimension	,Height:11.75:in;Width:9.25:in;Depth:4.53:in	,,Sublimation=Sublimation	,Full color	,Y	,6-8	,Y	,5-6:	,,,,,,100,200,500,1000,2000,5000,20000,,,,2.350,1.980,1.850,1.650,1.390,1.150,0.910,,,,R	,R	,R	,R	,R	,R	,R	,,,,,Full color and shipping cost	,,1	,USD	,,List	,07/22/2026	,Active	,,N	,06/20/2024	,
9438010-555400957	,Heart Shaped Stress Ball	,FCS24008	,,"This 2.75"" heart stress ball brings the fun of the beach to your desk. Squeeze and relax with these stress ball relievers. They are perfect giveaways for trade shows, seminars, the office, conventions and promotional events. Our stress ball relievers come with a lifetime guarantee. They relievers are very cost efficient. The stress ball relievers are fun to play with and relax with	","The 2.75"" heart stress ball is the original and most popular stress reliever. Fitting perfectly in the palm of your hand it is sur	","https://media.asicdn.com/images/orig/324180000/324183714.jpg,https://media.asicdn.com/images/orig/324180000/324183716.jpg,https://media.asicdn.com/images/orig/324180000/324183718.jpg,https://media.asicdn.com/images/orig/324180000/324183719.jpg	","Stress Relievers-Balls,Toys-Fidget	",,"Entertainment,Games,Office,Round Stress Ball,Stree Reliever,Stress Ball,Toy	","Medium Black=Black,Medium White=White,Medium Red=Red,Medium Green=Green,Medium Blue=Blue,Medium Purple=Purple,Medium Pink=Pink,Medium Orange=Orange,Medium Yellow=Yellow,Other=Custom,Dark Yellow=Gold,Medium Gray=Silver	",Polyurethane (PUR or PU)=Pu	,Dimension	,Length:2.75:in;Width:2.75:in	,,Silkscreen=Silkscreen	,up to full color	,,7	,Y	,5:	,,,,,,100,300,500,1000,2000,5000,10000,,,,2.323,2.156,1.936,1.832,1.578,1.426,1.175,,,,R	,R	,R	,R	,R	,R	,R	,,,,,one color one location imprint and shipping cost	,,1	,USD	,,List	,07/22/2026	,Active	,,N	,06/17/2024	,
9438010-555400911	,Round Stress Reliever Ball	,FCS24007	,,"This 2.5"" ball is made of soft and supple polyurethane foam that snaps back as many times as you can. Great for health, stress or relaxation-themed events and activities. Choose from six cool colors and add your school, sports team, organizational or company logo, emblem or message to create a fun and functional branded promotional gift or giveaway. Other sizes like 2"",2.75"",3.5"" size are available.	","The 2.5"" round stress ball is the original and most popular stress reliever. Fitting perfectly in the palm of your hand it is sure	","https://media.asicdn.com/images/orig/324180000/324183538.jpg,https://media.asicdn.com/images/orig/324180000/324183539.png,https://media.asicdn.com/images/orig/324180000/324183540.jpg,https://media.asicdn.com/images/orig/324180000/324183542.jpg	","Stress Relievers-Balls,Toys-Fidget	",,"Entertainment,Games,Office,Round Stress Ball,Stree Reliever,Stress Ball,Toy	","Medium Black=Black,Medium White=White,Medium Red=Red,Medium Green=Green,Medium Blue=Blue,Medium Purple=Purple,Medium Pink=Pink,Medium Orange=Orange,Medium Yellow=Yellow,Other=Custom	",Polyurethane (PUR or PU)=Pu	,Dimension	,Length:2.5:in	,,Silkscreen=Silkscreen	,up to full color	,,7	,Y	,5:	,,,,,,100,300,500,1000,2000,5000,10000,,,,2.187,2.035,1.806,1.652,1.482,1.276,1.055,,,,R	,R	,R	,R	,R	,R	,R	,,,,,one color one location imprint and shipping cost	,,1	,USD	,,List	,07/22/2026	,Active	,,N	,06/17/2024	,
9438010-555400866	,Stainless Steel Salt and Pepper Set	,FCS24006	,,"Ideal gadget to make fresh pepper and salt powder spice for enjoying a tasty salad or steak.This salt and pepper grinder set is equipped with a user friendly one touch pump button. Simply press with your thumb to get even powder. Clear acrylic panel helps you see what seasoning is inside and when to refill the mill. It is tough and durable, easy to clean. Over 300 pcs is by Ocean. We also can sell by each one separately.	",Enhance your customers' culinary experience with this stainless steel salt or pepper grinder.	,"https://media.asicdn.com/images/orig/324180000/324183103.jpg,https://media.asicdn.com/images/orig/324180000/324183105.jpg,https://media.asicdn.com/images/orig/324180000/324183106.jpg	",SALT & PEPPER SHAKERS AND MILLS	,,"Cooking,Glass,Kitchen,Pepper Shaker,Salt Shaker,Salt&Pepper Sets	",Medium Gray=Silver	,Stainless Steel=Stainless Steel	,Dimension	,Length:6:in;Width:1:in	,,Laser Engraved=Laser Engraved	,1 color	,,7	,Y	,5:	,,,,,,100,200,300,500,1000,2000,5000,,,,12.530,12.320,10.050,9.960,9.680,9.520,9.250,,,,R	,R	,R	,R	,R	,R	,R	,,,,,one color one location imprint and shipping cost	,,1	,USD	,,List	,07/22/2026	,Active	,,N	,06/17/2024	,
9438010-555400846	,Salt and Pepper Shaker sets	,FCS24005	,,"Designed with modern farmhouse and classic aesthetics in mind, these shakers will be the perfect addition to any sophisticated kitchen. This salt and pepper shaker set is made of glass, with a stainless steel cap. Each shaker fittingly colored by their condiment.When it's time for cleaning, simply remove the lids and rinse these shakers thoroughly.	",These shakers are designed with ease of use in mind. Their stainless steel lids can be easily unscrewed for a quick and mess-free	,"https://media.asicdn.com/images/orig/324180000/324182660.jpg,https://media.asicdn.com/images/orig/324180000/324182661.jpg,https://media.asicdn.com/images/orig/324180000/324182662.jpg,https://media.asicdn.com/images/orig/324180000/324182663.jpg,https://media.asicdn.com/images/orig/324180000/324182664.jpg	",SALT & PEPPER SHAKERS AND MILLS	,,"Cooking,Glass,Kitchen,Pepper Shaker,Salt Shaker,Salt&Pepper Sets	","Medium Black=Black,Medium White=White,Medium Pink=Pink,Medium Purple=Purple,Medium Blue=Blue,Medium Red=Red	",Glass=Glass	,Dimension	,Length:1.57:in;Width:3.54:in	,,Silkscreen=Silkscreen	,up to full color	,,7	,Y	,5:	,,,,,,100,200,300,500,1000,2000,5000,,,,5.520,5.350,5.020,4.850,4.630,4.520,4.250,,,,R	,R	,R	,R	,R	,R	,R	,,,,,one color one location imprint and shipping cost	,,1	,USD	,,List	,07/22/2026	,Active	,,N	,06/17/2024	,
9438010-555400777	,16 oz Plastic Stadium Cup	,FCS24003	,,"This is the perfect cup to use for parties, sporting events, concerts, festivals, weddings, or to give away as party favors! This USA-made cup is reusable and BPA free, making it a great way to reduce waste on top of being a great way to enjoy your favorite drink. These stadium cups come in a variety of eye-catching colors that will make your brand stand out at any event! 12 oz, 22 oz, 32 oz also available.	",Stand out from the mess of thin paper and flimsy Styrofoam cups by with this 16 oz. plastic stadium cup!	,"https://media.asicdn.com/images/orig/324180000/324181981.jpg,https://media.asicdn.com/images/orig/324180000/324181982.jpg,https://media.asicdn.com/images/orig/324180000/324181983.jpg,https://media.asicdn.com/images/orig/324180000/324181984.jpg	","Cups-Plastic,STADIUM CUPS	",,"16 oz,Birthday,Cups,Plastic Cups,Stadium Cups,Wedding	","Clear=Frosted  Clear,Medium Red=Frosted  Red,Medium Pink=Frosted  Pink,Medium Black=Frosted  Black,Other=Custom	",Plastic=Plastic	,Volume/Weight	,16:oz	,,Silkscreen=Silkscreen	,up to full color	,,12	,Y	,9:	,,,,,,3000,5000,8000,10000,20000,30000,50000,,,,0.835,0.802,0.782,0.765,0.712,0.685,0.657,,,,R	,R	,R	,R	,R	,R	,R	,,,,,one color one location imprint and shipping cost	,,1	,USD	,,List	,07/22/2026	,Active	,,N	,06/17/2024	,
9438010-555400745	,16 oz Reusable Frosted Plastic Cups	,FCS24002	,,"Designed with a 16 oz. capacity, This product is made of pp, using grinding technology, reusable plastic materials, reduce waste, it is very suitable for parties, concerts, sports events, festivals and other activities. . Customize yours with a team name, company logo, promotional message and more on one or both sides. These cups offer more than just a refreshing drink; it's a statement piece that adds a touch of cool to any occasion!	","Throw back some cold ones at a picnic, tailgate, football game or special event with these frosted stadium cups!	","https://media.asicdn.com/images/orig/324180000/324181692.jpg,https://media.asicdn.com/images/orig/324180000/324181693.jpg,https://media.asicdn.com/images/orig/324180000/324181697.jpg	","Cups-Plastic,STADIUM CUPS	",,"16 oz,Birthday,Cups,Plastic Cups,Stadium Cups,Wedding	","Clear=Frosted  Clear,Medium Red=Frosted Red,Medium Pink=Frosted Pink,Medium Black=Frosted Black,Other=Custom	",Plastic=Plastic	,Volume/Weight	,16:oz	,,Silkscreen=Silkscreen	,up to full color	,,7	,Y	,5:	,,,,,,1000,2000,3000,5000,10000,20000,50000,,,,1.126,1.103,1.002,0.965,0.932,0.892,0.842,,,,R	,R	,R	,R	,R	,R	,R	,,,,,one color one location imprint and shipping cost	,,1	,USD	,,List	,07/22/2026	,Active	,,N	,06/17/2024	,
9438010-555400619	,12 oz Reusable Frosted Plastic Cups	,FCS24001	,,"Designed with a 12 oz. capacity, This product is made of pp, using grinding technology, reusable plastic materials, reduce waste, it is very suitable for parties, concerts, sports events, festivals and other activities. . Customize yours with a team name, company logo, promotional message and more on one or both sides. These cups offer more than just a refreshing drink; it's a statement piece that adds a touch of cool to any occasion!	","Throw back some cold ones at a picnic, tailgate, football game or special event with these frosted stadium cups!	","https://media.asicdn.com/images/orig/324180000/324180674.jpg,https://media.asicdn.com/images/orig/324180000/324180676.jpg,https://media.asicdn.com/images/orig/324180000/324180678.jpg	","Cups-Plastic,STADIUM CUPS	",,"12 oz,Birthday,Cups,Plastic Cups,Stadium Cups,Wedding	","Clear=Frosted  Clear,Medium Red=Frosted Red,Medium Pink=Frosted Pink,Medium Black=Frosted Black,Other=Custom	",Plastic=Plastic	,Volume/Weight	,12:oz	,,Silkscreen=Silkscreen	,up to full color	,,7	,Y	,5:	,,,,,,1000,2000,3000,5000,10000,20000,50000,,,,0.928,0.912,0.882,0.875,0.843,0.802,0.756,,,,R	,R	,R	,R	,R	,R	,R	,,,,,one color one location imprint and shipping cos	,,1	,USD	,,List	,07/22/2026	,Active	,,N	,06/17/2024	,
9438010-555400522	,16 oz. Frosted Plastic Stadium Cups	,FCS0255	,,"Throw back some cold ones at a picnic, tailgate, football game or special event with these frosted stadium cups! Designed with a 16 oz. capacity, each cup is made of durable, eco-friendly and BPA-free polypropylene with the internal recycling rate around 5% typically, never exceeding 10%. Customize yours with a team name, company logo, promotional message and more on one or both sides. These cups offer more than just a refreshing drink; it's a statement piece that adds a touch of cool to any occasion!Upgrade your drinkware at any event with these frosted stadium cups! Designed with a 16 oz. capacity, each cup is made of durable, eco-friendly and BPA-free polypropylene with the internal recycling rate around 5% typically, never exceeding 10%. Customize yours with a team name, company logo,	",Tailgate like a champion with these plastic stadium cups!	,"https://media.asicdn.com/images/orig/324450000/324457322.jpg,https://media.asicdn.com/images/orig/324170000/324178532.jpg,https://media.asicdn.com/images/orig/324170000/324178533.jpg,https://media.asicdn.com/images/orig/324170000/324178534.jpg,https://media.asicdn.com/images/orig/324170000/324178530.jpg,https://media.asicdn.com/images/orig/324170000/324178531.jpg	","Cups-Plastic,STADIUM CUPS	",,"16oz,Frosted  Cups,STADIUM CUPS,Summer	","Medium Blue=Blue,Medium Green=Green,Medium Purple=Purple,Medium Red=Red,Medium White=White,Other=Smoke	",Plastic=Plastic	,Volume/Weight	,16:oz	,,Printed=Printed	,1 color	,,12	,Y	,10:	,,,,,,100,200,300,500,1000,2500,5000,,,,1.560,1.500,1.440,1.250,1.180,1.120,1.090,,,,R	,R	,R	,R	,R	,R	,R	,,,,,one color one location imprint and shipping cos	,,1	,USD	,,List	,07/22/2026	,Active	,,N	,06/17/2024	,
9438010-555400447	,12 oz. Frosted Plastic Stadium Cups	,FCS0254	,,"Introducing our 12 oz.  Elevate your event with these practical and environmentally conscious plastic stadium cups.Tailgate like a champion with these plastic stadium cups! Designed with a frosted finish that gives it a stylish look, each cup is flexible, stackable and features a 12 ounce capacity.  Perfect for serving cold drinks, such as water, soda, juice, and beer. They can be used as a promotional item by printing your company's logo or name on it.	",Tailgate like a champion with these plastic stadium cups!	,"https://media.asicdn.com/images/orig/324170000/324178502.jpg,https://media.asicdn.com/images/orig/324170000/324178530.jpg,https://media.asicdn.com/images/orig/324170000/324178531.jpg,https://media.asicdn.com/images/orig/324170000/324178532.jpg,https://media.asicdn.com/images/orig/324170000/324178533.jpg,https://media.asicdn.com/images/orig/324170000/324178534.jpg	","Cups-Plastic,STADIUM CUPS	",,"12Oz,Frosted  Cups,STADIUM CUPS,Summer	","Medium Blue=Blue,Medium Green=Green,Medium Purple=Purple,Medium Red=Red,Medium White=White,Other=Smoke	",Plastic=Plastic	,Volume/Weight	,12:oz	,,Printed=Printed	,1 color	,,12	,Y	,10:	,,,,,,100,200,300,500,1000,2500,5000,,,,1.470,1.400,1.360,1.180,0.990,0.895,0.840,,,,R	,R	,R	,R	,R	,R	,R	,,,,,one color one location imprint and shipping cost	,,1	,USD	,,List	,07/22/2026	,Active	,,N	,06/17/2024	,
9438010-555400409	,Unisex Comfortable Bib Apron with 2 Pockets Washable	,FCS0252	,,"Aprons are made of polyester and are Long-lasting and machine washable.; They are soft to the touch, comfortable and light to wear, won't give you too much burden when wearing them; Besides, they are easy to clean, save your time.  With adjustable long waist ties, the aprons can be adjusted flexibly for your own use, improves the comfort of wearing. One size suitable for most adults, can provide good coverage and protection for your upper body and thighs while cooking; They are lightweight for comfortable wearing, and can be folded up when not in use, will not take much space.  Aprons with 2 pockets perfect for all sorts of occasions. Can be used to protect clothing while baking, cooking, crafting, gardening, serving BBQ or anything else that might make a mess. Custom Logo is welcome.	","When you are holding a barbeque party or in kitchen doing all the cooking, be sure to stay protected from water, oil and any splas	","https://media.asicdn.com/images/orig/324170000/324177119.jpg,https://media.asicdn.com/images/orig/324170000/324177128.jpg,https://media.asicdn.com/images/orig/324170000/324177131.jpg,https://media.asicdn.com/images/orig/324170000/324177139.jpg,https://media.asicdn.com/images/orig/324170000/324177140.jpg,https://media.asicdn.com/images/orig/324170000/324177144.jpg	",Aprons-Bib Style	,,"Aprons,Bib Aprons,Bib Arpons wiht Pocket,Cooking Apron,Kitchen Aprons,Kitchen Bib	","Medium Black=Black,Medium Brown=Brown,Medium Green=Green,Dark Red=Maroon,Medium Orange=Orange,Medium Red=Red,Bright Blue=Royal Blue,Medium Yellow=Yellow	",Polyester=Polyester	,Dimension	,Length:29.5:in;Width:25.6:in	,,Silkscreen=Silkscreen	,"Custom Colors,PMS Colors,Standard Colors,one color	",,15	,Y	,10:	,,,,,,100,300,500,800,1000,3000,5000,,,,3.197,2.970,2.798,2.680,2.450,1.370,1.078,,,,R	,R	,R	,R	,R	,R	,R	,,,,,one color one location imprint and shipping cost	,,1	,USD	,,List	,07/22/2026	,Active	,,N	,06/17/2024	,
9438010-555400270	,Pen w/ Colored Accents	,FCS0250	,,"Fast delivery & Good price, High gloss, white, contoured barreland a curved pocket clip.. High class writing experience for a budget price. Unique single piece clip and crown design. Matching plastic plunger and findings. Full customization options available with overseas manufacturing.Make an indelible impression on your customers and supporters with some high-quality writing gear.  Choose from a wide range of accent colors and add your company logo, name or message to build a bold branded gift or giveaway for marketing and promotional events.	","Stylus Ballpoint Pen High gloss, white, contoured barre land a curved pocket clip	","https://media.asicdn.com/images/orig/324170000/324175068.png,https://media.asicdn.com/images/orig/324170000/324175082.jpg,https://media.asicdn.com/images/orig/324170000/324175087.jpg,https://media.asicdn.com/images/orig/324170000/324175089.jpg	","Pens-Ballpoint-Plunger Action,Pens-Ballpoint-Stylus	",,"Plastic Srylus pen,Stylus Ballpoint Pen	","Medium White:Combo:Medium Red:secondary=White-Red,Medium White:Combo:Medium Green:secondary=White-Green,Medium White:Combo:Medium Blue:secondary=White-Blue,Medium White:Combo:Medium Black:secondary=White-Black,Medium White:Combo:Medium Orange:secondary=White-Orange	",ABS=Abs	,Dimension	,Length:5.47:in;Width:0.39:in	,,Silkscreen=Silkscreen	,"Custom Colors,PMS Colors,Standard Colors,one color	",,7	,Y	,5:	,,,,,,100,300,500,1000,2000,3000,5000,,,,0.869,0.498,0.422,0.366,0.338,0.330,0.321,,,,R	,R	,R	,R	,R	,R	,R	,,,,,one color one location imprint and shipping cost	,,1	,USD	,,List	,07/22/2026	,Active	,,N	,06/17/2024	,
9438010-555400252	,Popular The Milano Stylus Ballpoint Pens in Bright Colors	,FCS0249	,,"The Milano Stylus Ballpoint Pen. Perfect for the budget minded. Stylish, slim, affordable and elegant, available in a variety of bright attractive fashionable colors as shown. Perfect for office, trade shows, sales visits and other promotional events. Custom Logo Novelty Pen Series. Write in popular black ink.	","Perfect for the budget-conscious. Stylish, slim, affordable, and elegant. Perfect for offices, trade shows, and other promotional	","https://media.asicdn.com/images/orig/324170000/324174961.jpg,https://media.asicdn.com/images/orig/324170000/324174964.jpg,https://media.asicdn.com/images/orig/324170000/324174966.jpg,https://media.asicdn.com/images/orig/345440000/345445347.png,https://media.asicdn.com/images/orig/345440000/345445348.png	","Pens-Ballpoint-Stylus,Pens-Ballpoint-Twist Action	",,"Aluminum Pen,Ballpoint,Black ink Pen,Plastic Stylus Pen,screen stylus,Touch Aluminum Pen	","Medium Red=Red,Medium Blue=Blue,Medium Black=Black,Medium Purple=Purple,Medium Blue=Lihgt Blue,Medium Green=Green,Medium Orange=Orange	",ABS=Abs	,Dimension	,Length:5.5:in	,,Silkscreen=Silkscreen	,"Custom Colors,PMS Colors,Standard Colors,one color	",,5	,Y	,3:	,,,,,,100,250,500,1000,2000,3000,5000,,,,0.679,0.522,0.445,0.403,0.388,0.343,0.316,,,,R	,R	,R	,R	,R	,R	,R	,,,,,one color one location imprint and shipping cost	,,1	,USD	,,List	,07/22/2026	,Active	,,N	,06/17/2024	,
9438010-555396564	,Personalized LED Stylus Pen	,FCS0248	,,"Enhance your branding with this unique 3-in-1 pen featuring a light-up logo mechanism. See your name in lights with our light up pen with name engraving. Simply click the top, and watch your logo illuminate.The engraving looks white when unlit and bright white when lit up. These pens are the best option to distribute at trade shows, marketing events, conferences, job fairs and more, Promote your business with a logo, brand name, website or phone number, great for branding and giveaways, promotion pen, office school pen, and for parties and events.This pen also includes a screen-touch tip and a ballpoint, making it a versatile, eye-catching tool for personalized promotion.	","3 in 1 ballpoint pen, click-action light up mechanism, and screen stylus.	","https://media.asicdn.com/images/orig/324080000/324088404.jpg,https://media.asicdn.com/images/orig/324080000/324088408.jpg	","LED PRODUCTS,Pens-Ballpoint-Stylus	",,"3 in 1 ballpoint pen,Aluminum Pen,Ballpoint,Black ink Pen,LED Stylus Pen,Light up pen,Plastic Stylus Pen,screen stylus,Touch Aluminum Pen	",Assorted=Assorted	,ABS=Abs	,Dimension	,Length:5.7:in;Width:0.39:in	,,Silkscreen=Silkscreen	,"Custom Colors,PMS Colors,Standard Colors,one color	",,7	,Y	,5:	,,,,,,100,300,500,1000,2000,3000,5000,,,,1.198,1.055,0.975,0.854,0.803,0.755,0.699,,,,R	,R	,R	,R	,R	,R	,R	,,,,,one color one location imprint and shipping cost	,,1	,USD	,,List	,07/22/2026	,Active	,,N	,06/13/2024	,
9438010-555396553	,Velvet-Touch Aluminum Pen	,FCS0247	,,"Click action aluminum ballpoint pen with stylus. Come with chrome trims, rubberized finish and silver pocket clip, black ink. With super soft touch, It features a velvet-touch finish for a comfortable grip. The pen can be customized with your logo, design, or text. It is available in a variety of colors.   it is very suitable for office manager.  velvet-touch aluminum ballpoint pen is perfect for corporate gifts, promotions, or personal use. It is a practical and useful item that can be used every day. The customizable option allows you to create a unique and personalized pen that reflects your brand or personality Label for identifying personal information.	","ballpoint pen black ink. With super soft touch, can be customized with your logo, design, or tex	","https://media.asicdn.com/images/orig/324080000/324087940.png,https://media.asicdn.com/images/orig/324080000/324087948.jpg,https://media.asicdn.com/images/orig/324080000/324087949.jpg,https://media.asicdn.com/images/orig/324080000/324087951.jpg,https://media.asicdn.com/images/orig/324080000/324087955.jpg,https://media.asicdn.com/images/orig/324080000/324087956.jpg,https://media.asicdn.com/images/orig/324080000/324087958.jpg	","Pens-Ballpoint-Plunger Action,Pens-Ballpoint-Stylus	",,"Aluminum Pen,Ballpoint,Black ink Pen,Touch Aluminum Pen	","Medium Black=Black,Medium Blue=Blue,Medium Gray=Gray,Medium Red=Red,Medium Green=Green,Medium Orange=Orange,Medium Purple=Purple,Medium Pink=Pink,Medium White=White	",Aluminum=Aluminum	,Dimension	,Length:5 3/4:in;Width:3/8:in	,,"Laser Engraved=Laser Engraved,Silkscreen=Silkscreen	","Custom Colors,PMS Colors,Standard Colors	",,5	,Y	,3:	,,,,,,100,300,500,1000,2000,3000,5000,,,,1.156,1.000,0.985,0.947,0.866,0.788,0.689,,,,R	,R	,R	,R	,R	,R	,R	,,,,,one color one location imprint and shipping cost	,,1	,USD	,,List	,07/22/2026	,Active	,,N	,06/13/2024	,
9438010-555396533	,Dye Sublimated Microfiber Beach Towels	,FCS0251	,,"Boost your brand in the sand! This 30""x 60"" beach towel is made of 100% microfiber polyester velour fabric. Ulra soft absorbent,Super-Compact and quick drying.Your logo will make a splash with customers as it's printed edge to edge with full color imprint. Ideal for summer events, marathons, beaches, traveling, and tradeshows, these trendy towels, are sure to boost your brand image. Order these popular Towels today and market your brand like never before! Over 1000 pcs is by OCEAN.	","Our quick-drying beach towel is made from luxurious soft microfiber, which is extremely absorbent and fast drying	","https://media.asicdn.com/images/orig/324080000/324087568.jpg,https://media.asicdn.com/images/orig/324080000/324087581.jpg,https://media.asicdn.com/images/orig/324080000/324087580.jpg,https://media.asicdn.com/images/orig/324080000/324087583.jpg	",Towels-Beach	,,"Beach Lovers,Beach Towels,Blanket,Camping,Compact,Customized SandFree,Essentials,Exercising,Exquisite Gift,Full Print,Hiking,Microfiber,Oversized,Personalized Custom,Pilates,Practicing Yoga,Quick Dry,Super Absorbent,Swimmers,Swimming,Travel,Vacation	",Multi Color=Multi Color	,Polyester=Polyester	,Dimension	,Length:60:in;Width:30:in	,,Sublimation=Sublimation	,full color	,Y	,7	,Y	,5:	,,,,,,100,200,300,500,1000,2000,3000,,,,8.360,8.050,7.680,7.420,5.560,5.380,5.050,,,,R	,R	,R	,R	,R	,R	,R	,,,,,Full color 1 side and shipping cost	,,1	,USD	,,List	,07/22/2026	,Active	,,N	,06/13/2024	,
9438010-555377557	,25 oz. Aluminum Alpine Bottle	,FCS0242	,,"Stylish, sporty and safe, this 25 oz. aluminum water bottle is a great way to promote proper hydration.! This must-have piece of drinkware is available in several colors and features a black leak-proof, screw-down lid with a mini metal carabiner attached for easy transport. Great for promotional purposes, you can customize each one with an imprint of your brand logo to maximize corporate visibility on a great giveaway! This item is not microwave or dishwasher safe - hand wash only.	","Bottles-General, 25 oz. Aluminum Alpine Bottle	","https://media.asicdn.com/images/orig/323810000/323817899.jpg,https://media.asicdn.com/images/orig/323810000/323817900.jpg,https://media.asicdn.com/images/orig/323810000/323817901.jpg	",Bottles-Sport Type	,,"Aluminum Bottle,Big Bottle,Bottle,Sport Bottle	","Medium Black=Black,Medium Blue=Blue,Medium Red=Red,Medium Gray=Silver	",Aluminum=Aluminum	,Dimension	,Length:9.76:in;Width:2.87:in	,,Silkscreen=Silkscreen	,one color	,,5	,Y	,3:	,,,,,,100,200,300,500,,,,,,,8.882,8.726,8.635,8.507,,,,,,,R	,R	,R	,R	,,,,,,,,one color one location imprint and shipping cost	,,1	,USD	,,List	,07/22/2026	,Active	,,N	,06/05/2024	,
9438010-555377538	,LED Flashlight Umbrella	,FCS0241	,,"This umbrella is designed for easy, lightweight and comfortable use while providing great protection against UV rays. Featuring flashlight and light up shaft. Customize the durable waterproofed umbrella material with your custom graphics and see it rendered in vibrant, high resolution detail!	",Umbrellas Folding	,"https://media.asicdn.com/images/orig/323810000/323817439.jpg,https://media.asicdn.com/images/orig/323810000/323817453.jpg,https://media.asicdn.com/images/orig/323810000/323817454.jpg,https://media.asicdn.com/images/orig/323810000/323817455.jpg	",Umbrellas-Folding	,,"Flashlight Umbrella,LED umbrella,Umbrella	","Medium Black=Black,Medium Blue=Blue,Bright Blue=Royal Blue,Medium Red=Red,Clear=Clear	",Plastic=Plastic	,Dimension	,Length:46:in;Width:32:in	,,Silkscreen=Silkscreen	,1 color	,,10	,Y	,8:	,,,,,,100,200,300,500,,,,,,,21.879,21.545,21.245,20.022,,,,,,,R	,R	,R	,R	,,,,,,,,one color one location imprint and shipping cost	,,1	,USD	,,List	,07/22/2026	,Active	,,N	,06/05/2024	,
9438010-555377529	,Bamboo Laptop Stand	,FCS0240	,,It stand fit most laptops. Decent slope and ergonomic designed height shape your body and spread yourself in healthy and comfy posture. Our laptop holder is compatible with all market mainstream laptops from 14-15.6 inches. Any colors and logos can be customized.	,COMPUTER ACCESSORIES	,"https://media.asicdn.com/images/orig/323810000/323817045.jpg,https://media.asicdn.com/images/orig/323810000/323817043.jpg,https://media.asicdn.com/images/orig/323810000/323817046.jpg,https://media.asicdn.com/images/orig/323810000/323817044.jpg,https://media.asicdn.com/images/orig/323810000/323817047.jpg,https://media.asicdn.com/images/orig/323810000/323817048.jpg	","COMPUTER ACCESSORIES,STANDS	",,"Bamboo stand,Computer Stand,Desktop Stand,Laptop Stand	","Medium Black=Black,Medium Blue=Blue,Medium Green=Green,Dark Yellow=Gold,Medium Pink=Pink	",Bamboo=Bamboo	,Dimension	,Length:9.06:in;Width:9.25:in;Height:5.35:in	,,"Silkscreen=Silkscreen,Laser Engraved=Laser Engraved	",1 color	,,7	,Y	,5:	,,,,,,100,200,300,500,,,,,,,19.892,19.088,18.467,17.504,,,,,,,R	,R	,R	,R	,,,,,,,,one color one location imprint and shipping cost	,,1	,USD	,,List	,07/22/2026	,Active	,,N	,06/05/2024	,
9438010-555377435	,Wireless Bluetooth Smartphone Foldable Mini Selfie Stick 7.3	,FCS0239	,,"Wireless selfie stick is bluetooth control and can be folded and put into your bag. 5 colors available.7.3""extended 31.5"".	",Mobile Accessories-Selfie Sticks	,"https://media.asicdn.com/images/orig/323810000/323813014.jpg,https://media.asicdn.com/images/orig/323810000/323813015.jpg,https://media.asicdn.com/images/orig/323810000/323813016.jpg	",Mobile Accessories-Selfie Sticks	,,"Bluetooth selfie stick,Bluetooth Stick,Foldable Selfie Stick,Selfie Stick	","Medium Black=Black,Medium Blue=Blue,Medium Green=Green,Dark Yellow=Gold,Medium Pink=Pink	",Plastic=Plastic	,Dimension	,Length:7.3:in	,,Silkscreen=Silkscreen	,1 color	,,7	,Y	,5:	,,,,,,100,200,300,500,,,,,,,7.219,6.822,6.598,6.123,,,,,,,R	,R	,R	,R	,,,,,,,,one color one location imprint and shipping cost	,,1	,USD	,,List	,07/22/2026	,Active	,,N	,06/05/2024	,
9438010-555377423	,Solar Charge Power Bank- 4000mAh with 2 USB Ports	,FCS0238	,,"This solar charge power bank comes with dual USB that allows you to charge 2 USB devices at a time. Its external battery is solar powered to allow the user to charge phones and gadgets wherever and whenever there is sun light. This power bank has a capacity of 6000mAh, with both a 5V/1A and a 5V/2.1A output. It is made of durable aluminum material and includes a standard charging cord. This solar power bank provides high-wattage solar power when it is charged up to 3W. 6.2"" L x 3"" W x 0.7"" H	",Battery Rechargers & Adaptors-Power Banks	,"https://media.asicdn.com/images/orig/323810000/323812934.jpg,https://media.asicdn.com/images/orig/323810000/323812935.jpg,https://media.asicdn.com/images/orig/323810000/323812936.jpg,https://media.asicdn.com/images/orig/323810000/323812937.jpg,https://media.asicdn.com/images/orig/323810000/323812938.jpg	",Battery Rechargers & Adaptors-Power Banks	,,"Charge,Solar Charge Power Bank,Solar Power Charge	","Dark Yellow=Gold,Medium Gray=Silver,Medium Blue=Blue,Medium Pink=Pink,Medium Black=Black,Medium Red=Red,Other=Rose Gold	",Metal=Metal	,Dimension	,Length:6.2:in;Width:3:in;Height:0.7:in	,,Silkscreen=Silkscreen	,1 color	,,7	,Y	,5:	,,,,,,50,100,300,500,,,,,,,11.768,11.458,10.965,10.459,,,,,,,R	,R	,R	,R	,,,,,,,,one color one location imprint and shipping cost	,,1	,USD	,,List	,07/22/2026	,Active	,,N	,06/05/2024	,
9438010-555377370	,Measuring Tape with a Clip on the Back	,FCS0236	,,"This retractable measuring tape with a clip on the back is made of plastic. It is 16 feet long, soft, and flexible vinyl-coated fiberglass tape. other size are available	",TAPE MEASURES	,"https://media.asicdn.com/images/orig/323810000/323812654.jpg,https://media.asicdn.com/images/orig/323810000/323812655.jpg,https://media.asicdn.com/images/orig/323810000/323812656.jpg,https://media.asicdn.com/images/orig/323810000/323812657.jpg	",TAPE MEASURES	,,"Fiberglass Tape. Folded Tape,Measure Tape	",Medium Orange=Orange	,Plastic=Plastic	,Other	,16 ft	,,Silkscreen=Silkscreen	,1 color	,,7	,Y	,5:	,,,,,,500,1000,2000,3000,,,,,,,2.858,2.786,2.685,2.562,,,,,,,R	,R	,R	,R	,,,,,,,,one color one location imprint and shipping cost	,,1	,USD	,,List	,07/22/2026	,Active	,,N	,06/05/2024	,
9438010-555377362	,Heart-shaped Tape Measure	,FCS0234	,,"Free samples are available,The measuring tape is made of non-stretch fiberglass material, which is durable and wear resistant. With a portable handy plastic case outside, the inside flexible vinyl tape measure is 1.5M/60In in length, which totally meet your requirements for measure stuff. you can retract the long ruler with only 1 press on the button of the plastic case. It goes back inside automatically. There is Inch calibration clearly printed on one side, and Centimeter calibration on the other side, both for your convenient. It is widely used in daily life like measuring clothes, your height, check up the waistline when you on a diet, record the head circumference of babies, your body measures etc. If you want your logo, just feel free to contact us. ""	",Key Chains-With Tape Measure; TAPE MEASURES	,"https://media.asicdn.com/images/orig/323810000/323812573.jpg,https://media.asicdn.com/images/orig/323810000/323812569.jpg,https://media.asicdn.com/images/orig/323810000/323812571.jpg,https://media.asicdn.com/images/orig/323810000/323812570.jpg,https://media.asicdn.com/images/orig/323810000/323812572.jpg	","Key Chains-With Tools,TAPE MEASURES	",,"Heart shape Tape,Key Chain Tape,Measure Tape,Measures	","Medium Blue=Blue,Medium Red=Red,Medium Yellow=Yellow	",ABS=Abs Plastic	,Other	,"2"" diameter	",,Silkscreen=Silkscreen	,1 color	,,7	,Y	,5:	,,,,,,500,1000,2000,3000,,,,,,,0.676,0.655,0.623,0.612,,,,,,,R	,R	,R	,R	,,,,,,,,one color one location imprint and shipping cost	,,1	,USD	,,List	,07/22/2026	,Active	,,N	,06/05/2024	,
9438010-555376106	,Felt Key Strap	,FCS0231	,,"This Felt Key Strap is made from soft, flexible felt which won't weigh down your pocket. The felt loop could easily be worn around the wrist. Makes an easy promotion for rental car agencies, gyms, valet services, car dealerships, repair shops, real estate agencies and other businesses. Nice display spot for your custom logo	",Key Chains-Wristband	,"https://media.asicdn.com/images/orig/323790000/323797148.jpg,https://media.asicdn.com/images/orig/323790000/323797149.jpg,https://media.asicdn.com/images/orig/323790000/323797150.jpg	",Key Chains-With Carabiner	,,"Flet Key Strap,Flet Keychain,Key Strap,Keychain	","Medium Green=Green,Medium White=White,Medium Blue=Blue,Medium Red=Red,Medium Purple=Purple,Medium Yellow=Yellow,Medium Black=Black	",Felt=Felt	,Dimension	,Length:3.93:in;Width:0.8:in	,,Silkscreen=Silkscreen	,one color	,,7	,Y	,5:	,,,,,,1000,2000,3000,5000,,,,,,,0.812,0.715,0.657,0.522,,,,,,,R	,R	,R	,R	,,,,,,,,one color one location imprint and shipping cost	,,1	,USD	,,List	,07/22/2026	,Active	,,N	,06/04/2024	,
9438010-555376100	,Digital Countdown Timer	,FCS0230	,,"Keep track of the cooking of your next culinary masterpiece, or just clock a round of charades or word game with this handy kitchen timer. This 2.24"" x 2.13"" x 0.63"" plastic timer has three-button operation and an easy-to-read LCD display that keeps track of up to 99 minutes and 59 seconds of time before sounding the alarm. Each includes a battery, and has a fold-out stand and magnet mount. Add your logo to create a gift or giveaway from a kitchen supply store, bakery or restaurant.	",TIMERS; Tools-Kitchen-Appliances	,"https://media.asicdn.com/images/orig/323790000/323797085.jpg,https://media.asicdn.com/images/orig/323790000/323797086.jpg,https://media.asicdn.com/images/orig/323790000/323797087.jpg	","TIMERS,Tools-Kitchen-Appliances	",,"Countdown Timer,Digital Timer,Kitchen Timer,Stopwatch	",Medium White=White	,Plastic=Plastic	,Dimension	,Length:2.24:in;Width:2.13:in;Height:0.63:in	,,Silkscreen=Silkscreen	,one color	,,7	,Y	,5:	,,,,,,100,200,300,500,,,,,,,3.565,3.426,3.235,3.032,,,,,,,R	,R	,R	,R	,,,,,,,,one color one location imprint and shipping cost	,,1	,USD	,,List	,07/22/2026	,Active	,,N	,06/04/2024	,
9438010-555376069	,Sport Digital Display Countdown Timer	,FCS0229	,,"On your marks, get set, PROMOTE! Finish ahead of the competition with these sporting digital stopwatches. These 2.44""* 2.85"" * 1.04"" timers are crafted from durable ABS plastic and have a corded neck strap. Each timer supports a 12 or 24 hour format, and can calculate down to the millisecond on its easy-to-read LCD display. So it's perfect for everything from quick races to marathons, to rounds of charades or competitive eating. However your company or group likes to compete, this great stopwatch will determine the winner.	","STOPWATCHES,  TIMERS	","https://media.asicdn.com/images/orig/323790000/323797003.jpg,https://media.asicdn.com/images/orig/323790000/323797004.jpg,https://media.asicdn.com/images/orig/323790000/323797005.jpg,https://media.asicdn.com/images/orig/323790000/323797006.jpg	","STOPWATCHES,TIMERS	",,"Countdown Timer,Digital Stopwatch,Sport Stopwathes,Stopwatches	","Medium Black=Black,Dark Blue=Navy	",Plastic=Plasttic	,Dimension	,Length:2.44:in;Width:2.85:in;Height:1.04:in	,,Silkscreen=Silkscreen	,one color	,,7	,Y	,5:	,,,,,,100,200,300,500,,,,,,,2.969,2.852,2.743,2.625,,,,,,,R	,R	,R	,R	,,,,,,,,one color one location imprint and shipping cost	,,1	,USD	,,List	,07/22/2026	,Active	,,N	,06/04/2024	,
9438010-555376058	,Folding Paper Fan	,FCS0228	,,Our folding hand fan is made up of paper and bamboo ribs. Ideal for holidays and keeping cool in hot weather or as a wedding gift. Blank folding fan for children practice calligraphy painting and other DIY. 1 color or full color could be printed for your brand exposure.	,"Fans-General, Paper Fans	","https://media.asicdn.com/images/orig/323790000/323796931.jpg,https://media.asicdn.com/images/orig/323790000/323796932.jpg,https://media.asicdn.com/images/orig/323790000/323796928.jpg,https://media.asicdn.com/images/orig/323790000/323796929.jpg,https://media.asicdn.com/images/orig/323790000/323796930.jpg	",Fans-General	,,"Fans,Folded Fan,Paper Fan,Summer Fan	",Multi Color=Multi Color	,Bamboo=Bamboo	,Dimension	,Length:8 1/4:in;Width:15:in	,,Silkscreen=Silkscreen	,full color	,,12	,Y	,10:	,,,,,,500,1000,2000,3000,,,,,,,2.535,2.512,2.498,2.422,,,,,,,R	,R	,R	,R	,,,,,,,,one color one location imprint and shipping cost	,,1	,USD	,,List	,07/22/2026	,Active	,,N	,06/04/2024	,
9438010-555376045	,Round Tape Measure	,FCS0227	,,"Roll out your new marketing campaign using this round tape measure! This awesome, retractable tape measure extends to 60""L with the push of a button, in a vinyl cloth measuring inch and metric scales. This promotional tape measure auto locks when pulled out and comes in a 2""D round plastic case small enough to carry around in bags, sewing kits, or tool belts. Customize and add an imprint of your company name or logo on the tape measure before your next promotional event for great business exposure.	",Rulers-Folding Type; TAPE MEASURES	,"https://media.asicdn.com/images/orig/323790000/323796771.jpg,https://media.asicdn.com/images/orig/323790000/323796779.jpg,https://media.asicdn.com/images/orig/323790000/323796780.jpg,https://media.asicdn.com/images/orig/323790000/323796781.jpg,https://media.asicdn.com/images/orig/323790000/323796782.jpg	","RULERS,TAPE MEASURES	",,"Fold Type,Round Tape,Ruler,Tape Measures	","Medium Red=Red,Medium Yellow=Yellow,Medium Blue=Blue	",ABS=Abs	,Dimension	,Length:2:in;Width:1/2:in	,,Silkscreen=Silkscreen	,1 color	,,7	,Y	,5:	,,,,,,500,1000,2000,3000,,,,,,,0.652,0.612,0.598,0.585,,,,,,,R	,R	,R	,R	,,,,,,,,one color one location imprint and shipping cost	,,1	,USD	,,List	,07/22/2026	,Active	,,N	,06/04/2024	,
9438010-555375648	,Bottle Opener Keychain with Compass	,FCS0223	,,"The Compass Bottle Opener Key chain is made of zinc alloy. It combines the fashion idea and founctional design, ready to be shared at your next promotion or company affair. It also can be used as fashion creative gifts for: opening gifts, party gifts, etc. It's lightweight quality, compact, and easy to carry. Add your own logo for next comming up event.	",COMPASSES; Key Chains-With Compass	,"https://media.asicdn.com/images/orig/323790000/323792511.jpg,https://media.asicdn.com/images/orig/323790000/323792512.jpg,https://media.asicdn.com/images/orig/323790000/323792513.jpg,https://media.asicdn.com/images/orig/323790000/323792515.jpg,https://media.asicdn.com/images/orig/323790000/323792516.jpg	","COMPASSES,Key Chains-General	",,"Bottle Operner,Compass,Compass Keychain,Keychain	",Medium Black=Black	,Metal=Metal	,Dimension	,Length:2 1/4:in;Width:1 1/4:in	,,Silkscreen=Silkscreen	,1 color	,,7	,Y	,5:	,,,,,,100,200,300,500,,,,,,,1.626,1.508,1.402,1.286,,,,,,,R	,R	,R	,R	,,,,,,,,one color one location imprint and shipping cost	,,1	,USD	,,List	,07/22/2026	,Active	,,N	,06/04/2024	,
9438010-555375603	,Key Ring With a Wheel Compass	,FCS0222	,,"This is a great gift featuring 3 in 1 beer bottle opener, key holder and compass. Perfect for emergency, key holder and self promos. Your keys will be safe and sound on the sturdy chrome ring. Your logo will be outstanding by engraving logo on it.	",COMPASSES; Key Chains-With Compass	,"https://media.asicdn.com/images/orig/323790000/323792322.jpg,https://media.asicdn.com/images/orig/323790000/323792323.jpg,https://media.asicdn.com/images/orig/323790000/323792324.jpg,https://media.asicdn.com/images/orig/323790000/323792325.jpg	","COMPASSES,Key Chains-General	",,"Compass,Compass Keychain,Keychain,Wheel Compass	",Medium Black=Black	,Metal=Metal	,Dimension	,Length:2 3/4:in;Width:3/5:in	,,Silkscreen=Silkscreen	,1 color	,,7	,Y	,5:	,,,,,,100,200,300,500,,,,,,,1.529,1.402,1.305,1.180,,,,,,,R	,R	,R	,R	,,,,,,,,one color one location imprint and shipping cost	,,1	,USD	,,List	,07/22/2026	,Active	,,N	,06/04/2024	,
9438010-555373640	,Compass Carabiner	,FCS0217	,,"Make this compass carabiner a part of your next promotion to draw more people to your place of business! It comes in blues, measures 1 1/4"" W x 2 3/4"" H x 3/8"" D, is made of 8mm metal, and is perfect for hooking onto a belt loop or bag strap so that you can easily check your direction during an excursion. This is not intended for any weight bearing activities like climbing or other sports. This is the perfect gift for employees, students, or customers. Add your company name or logo with one of our imprint methods. Engraving color may vary due to product and underlayment color. Enhance your marketing campaign with this great product!	",CARABINERS; COMPASSES; Key Chains-With Carabiner; Key Chains-With Compass	,"https://media.asicdn.com/images/orig/323750000/323756461.jpg,https://media.asicdn.com/images/orig/323750000/323756462.jpg,https://media.asicdn.com/images/orig/323750000/323756463.jpg,https://media.asicdn.com/images/orig/323750000/323756464.jpg,https://media.asicdn.com/images/orig/323750000/323756465.jpg	","COMPASSES,Key Chains-With Carabiner	",,"Carabiner,Compass Carabiner,Compass Keychain,Keychain	","Medium Black=Black,Medium Orange=Orange,Medium Yellow=Yellow,Medium Green=Green,Medium Blue=Blue,Medium Red=Red	",Aluminum=Aluminum	,Dimension	,Length:1 1/4:in;Width:2 3/4:in;Height:3/8:in	,,Silkscreen=Silkscreen	,1 color	,,7	,Y	,5:	,,,,,,100,200,300,500,,,,,,,1.789,1.632,1.486,1.356,,,,,,,R	,R	,R	,R	,,,,,,,,one color one location imprint and shipping cost	,,1	,USD	,,List	,07/22/2026	,Active	,,N	,06/03/2024	,
9438010-555371010	,Alta Carabiner Keyring	,FCS0213	,,"Hook up your customers and supporters to this cool and colorful branded promotional giveaway. This 0.38"" x 1.25"" x 5"" keyring features a strong aluminum carabiner clip with a durable web strap and metal split ring. It can attach in seconds to your belt loop, purse, backpack or keyring. Choose from four bright colors and add your school, sports team, organizational or company logo, emblem or message for a fun and functional keychain that makes a dynamic gift or giveaway for business and social occasions and activities.	",Key Chains-Flexible Loop	,"https://media.asicdn.com/images/orig/323680000/323680545.jpg,https://media.asicdn.com/images/orig/323680000/323680542.jpg,https://media.asicdn.com/images/orig/323680000/323680543.jpg,https://media.asicdn.com/images/orig/323680000/323680548.jpg	",Key Chains-Flexible Loop	,,"Carabiner Keyring,Carbiner,Keychains,Keyring	","Medium Black=Black,Medium Gray=Silver,Medium Red=Red,Medium Blue=Blue	",Aluminum=Aluminum	,Dimension	,Length:0.38:in;Width:1.25:in;Height:5:in	,,Silkscreen=Silkscreen	,1 color	,,7	,Y	,5:	,,,,,,100,200,300,500,,,,,,,1.356,1.245,1.123,0.956,,,,,,,R	,R	,R	,R	,,,,,,,,one color one location imprint and shipping cost	,,1	,USD	,,List	,07/22/2026	,Active	,,N	,05/31/2024	,
9438010-555370822	,Economy Grade  Badge Holders with Poylester Lanyard	,FCS0211	,,"Available Same Day! These event size, clear vinyl badge holders feature one large vertical top-load pocket. Available in four sizes, they're perfect for displaying any oversized ticket or large credential. Economy grade holders are great for short-time use at conferences, conventions, trade shows or other events.Also attachment to lanyard together. Insert sizes:2.13""*3.35""(vertical); :3.35""*2.13"" (horizontal).	",Badge Holders-Convention Type; Badge Holders-General	,"https://media.asicdn.com/images/orig/323670000/323677034.jpg,https://media.asicdn.com/images/orig/323670000/323677036.jpg,https://media.asicdn.com/images/orig/323670000/323677037.jpg,https://media.asicdn.com/images/orig/323670000/323677035.jpg,https://media.asicdn.com/images/orig/323670000/323677038.jpg	","Badge Holders-Convention Type,LANYARDS	",,"Badge Holder,Card holder,Horizontal holder,Vertical holder	","Clear:Combo:Medium Red:secondary=Clear-Red,Medium Blue=Blue,Medium Green=Green,Medium White=White,Medium Orange=Orange,Medium Pink=Pink,Medium Black=Black,Medium Purple=Purple	","Polyester=Polyester,Vinyl=Vinyl	",Dimension	,"Length:2.6:in;Width:4.13:in,Length:3.82:in;Width:2.91:in	",,Silkscreen=Silkscreen	,1 color	,,7	,Y	,5:	,,,,,,100,200,300,500,,,,,,,1.492,1.375,1.282,1.165,,,,,,,R	,R	,R	,R	,,,,,,,,one color one location imprint and shipping cost	,,1	,USD	,,List	,07/22/2026	,Active	,,N	,05/31/2024	,
9438010-555361988	,Washed Cotton Baseball Caps w/ Custom Embroidery Adjustable	,FCS0208	,,"Promote your brand with our Washed Cotton Baseball Caps w/ Custom Embroidery Adjustable! This six panel washed Cotton cap comes in a convenient adult size and can be custom embroidered on a large imprint area of 4.00""W x 2.25""H, ideal for maximum brand exposure. These 100% Cotton caps are perfect for outdoor sports, school events, trade shows, and more. With Adjustable velcros on Back, these popular caps also feature Polyester Mesh Inside. Order these trendy cotton caps now and advertise your brand like never before.	","Caps & Hats,Baseball Caps-Six Panel	","https://media.asicdn.com/images/orig/323560000/323565217.jpg,https://media.asicdn.com/images/orig/323560000/323565219.jpg,https://media.asicdn.com/images/orig/323560000/323565212.jpg,https://media.asicdn.com/images/orig/323560000/323565214.jpg,https://media.asicdn.com/images/orig/323560000/323565222.jpg	","Baseball Caps-Six Panel,Caps & Hats-General	",,"Baseball Cap,Caps,Embroidery Hats,Washed Cotton Caps	","Medium Red=Red,Other=Khaki,Medium Blue=Blue,Medium Gray=Gray,Medium Black=Black,Medium Brown=Brown	",Cotton=Cotton	,Dimension	,Length:23.62:in;Width:4.73:in;Height:2.76:in	,,Embroidered=Embroidered	,"Custom Colors,PMS Colors,Standard Colors,7000 stitches and 8 thread colors.	",,10	,Y	,7:	,,,,,,50,100,200,300,,,,,,,7.589,7.025,6.532,5.889,,,,,,,R	,R	,R	,R	,,,,,,,,1 color 1 location imprint and shipping cost	,,1	,USD	,,List	,07/22/2026	,Active	,,N	,05/27/2024	,
9438010-555361885	,Cotton Bandana Scarf Head Wear	,FCS0206	,,"The Bandana keeps you cooler outdoors when like hiking, biking, running, cycling, on camping trips and at sporting events. Use it as a neck or head scarf, facemask, headband, rally towel or golf towel. Simply wet with water and wring to activate. These essential hygiene face buffs are made of Cotton & Polyester Fabric designed to protect you from dust, germs, and infectious disease. With Full-Color edge-to-edge Imprint, these Handkerchief bandanna masks and headwear combo scarf are ideal for maximum brand exposure. These All-purpose Bandannas are ideal for outdoor activities, hiking, biking, and other sports & promotional activities. Order these Multipurpose bandanas today and market your brand like never before!	",BANDANNAS; Masks-Neck Gaiters	,"https://media.asicdn.com/images/orig/323560000/323563294.jpg,https://media.asicdn.com/images/orig/323560000/323563293.jpg,https://media.asicdn.com/images/orig/323560000/323563295.jpg,https://media.asicdn.com/images/orig/323560000/323563296.jpg	","BANDANNAS,Masks-Neck Gaiters	",,"Cotton Head Wear,Head Bandana,Scarf,Summer Bandana	","Medium Red=Red,Medium Orange=Orange,Medium Yellow=Yellow,Medium Green=Green,Medium Black=Black,Dark Blue=Navy Blue,Medium Purple=Purple,Medium Pink=Pink,Medium Gray=Gray	",Cotton=Cotton	,Dimension	,Length:21 1/4:in;Width:21 1/4:in	,,Silkscreen=Silkscreen	,"Custom Colors,PMS Colors,Standard Colors,1 color	",,7	,Y	,5:	,,,,,,100,200,300,500,,,,,,,3.329,3.186,2.974,2.701,,,,,,,R	,R	,R	,R	,,,,,,,,one color one location imprint and shipping cost	,,1	,USD	,,List	,07/22/2026	,Active	,,N	,05/27/2024	,
9438010-555361853	,"Multifunction Bandana, Neck Gaiter w/ Full Color Sublimation	",FCS0205	,,"Protect yourself from dust, wind, the elements and airborne infections and sickness with these versatile multi-function bandanas. This headgear has a neck gaiter that provides full face coverage and ear loops for a fit that's long wearing and comfortable. Create a color scheme through our sublimation method and add your school, sports team, organizational or company logo, emblem or message to create a bold branded promotional item.	",BANDANNAS; Masks-Neck Gaiters	,"https://media.asicdn.com/images/orig/323560000/323562947.jpg,https://media.asicdn.com/images/orig/323560000/323562944.jpg,https://media.asicdn.com/images/orig/323560000/323562946.jpg,https://media.asicdn.com/images/orig/323560000/323562945.jpg,https://media.asicdn.com/images/orig/323560000/323562948.jpg	","BANDANNAS,Masks-Neck Gaiters	",,"Bandana Mask,Icy-Kool Bandana,Nece Bandana Mask,Summer Bandana	","Medium Black=Black,Dark Blue=Navy,Medium Green=Green,Medium White=White,Medium Gray=Gray,Medium Yellow=Yellow,Medium Purple=Purple,Medium Red=Red,Assorted=Assorted	","Polyester=95% Polyester,Spandex=5% Spandex	",Dimension	,Length:9.84:in;Width:21.25:in	,,Silkscreen=Silkscreen	,"Custom Colors,PMS Colors,Standard Colors,1 color	",,7	,Y	,5:	,,,,,,100,200,300,500,,,,,,,2.957,2.779,2.548,2.332,,,,,,,R	,R	,R	,R	,,,,,,,,Full color 1 side and shipping cost	,,1	,USD	,,List	,07/22/2026	,Active	,,N	,05/27/2024	,
9438010-555360631	,"22"" Dye-Sublimated Bandana	",FCS0204	,,"Your fans will love this versatile and trendy accessory. Wear our full color dye-sub bandana around the neck, head or wrist, or use it as a pocket square. The polyester fabric also makes these masks super easy to wash. But don't worry. Your full dye-sublimated color will stay crisp and clear no matter how many times it takes a tumble in the washing machine. That's right, your brand won't fade anywhere.	",BANDANNAS; Masks-Neck Gaiters	,"https://media.asicdn.com/images/orig/323900000/323900773.jpg,https://media.asicdn.com/images/orig/323900000/323900774.jpg,https://media.asicdn.com/images/orig/323900000/323900880.jpg	","BANDANNAS,Masks-Neck Gaiters	",,"Bandana Mask,Icy-Kool Bandana,Nece Bandana Mask,Summer Bandana	","Multi Color=Multi Color,Medium Black=Black,Medium Red=Red,Dark Blue=Navy Blue,Medium White=White,Medium Yellow=Yellow,Light Blue=Light Blue,Medium Green=Teal,Dark Red=Maroon,Other=Custom	",Polyester=Polyester	,Dimension	,Length:22:in;Width:22:in	,,Sublimation=Sublimation	,"Custom Colors,PMS Colors,Standard Colors,Full color	",,7	,Y	,5:	,,,,,,100,200,300,500,1000,3000,5000,10000,,,2.165,2.056,1.856,1.723,1.612,1.502,1.387,1.226,,,R	,R	,R	,R	,R	,R	,R	,R	,,,,,,1	,USD	,,List	,07/22/2026	,Active	,,N	,05/27/2024	,
9438010-555360559	,Full Color Neck Gaiter Face Bandana mask w/ Ear Loop	,FCS0203	,,"Advertise your brand with our Full Color Neck gaiter Face Bandana mask Reusable Tube w/ Ear Loop! These essential hygiene face buffs are made of Cotton & Polyester Fabric designed to protect you from dust, germs, and infectious disease. With Full-Color edge-to-edge Imprint, these tube bandanna masks w/ Ear Loop are ideal for maximum brand exposure. This reusable neck gaiter is perfect for outdoor events, running, and hiking activities. Order these Tube safety bandanas today and market your brand like never before!	",BANDANNAS; Masks-Neck Gaiters	,"https://media.asicdn.com/images/orig/323540000/323549941.jpg,https://media.asicdn.com/images/orig/323540000/323549939.jpg,https://media.asicdn.com/images/orig/323540000/323549938.jpg,https://media.asicdn.com/images/orig/323540000/323549943.jpg	","BANDANNAS,Masks-Neck Gaiters	",,"Bandana Mask,Icy-Kool Bandana,Nece Bandana Mask,Summer Bandana	",Multi Color=Multi Color	,"Cotton=Cotton,Polyester=95% Polyester	",Dimension	,Length:17.72:in;Width:9.25:in	,,Silkscreen=Silkscreen	,"Custom Colors,PMS Colors,Standard Colors,Full color	",,5	,Y	,3:	,,,,,,100,200,300,500,,,,,,,3.994,3.765,3.455,3.063,,,,,,,R	,R	,R	,R	,,,,,,,,one color one location imprint and shipping cost	,,1	,USD	,,List	,07/22/2026	,Active	,,N	,05/27/2024	,
9438010-555360443	,CARABINER 3-MODE SAFETY LIGHT	,FCS0201	,,"This unique carabiner would make a fantastic promotional item! It's made of anodized aluminum, measures 3"" long, and is a safety light that you can attach to your backpack or belt loop for quick access to hands-free lighting. This includes a power C.O.B. LED light with three light modes: full power, half power, and flashing strobe. This is perfect for stay safe when outside at night. Add your company name or logo and get more people to show interest in what you can do!	",CARABINERS; Flashlights-General; Key Chains-With Flashlight and/or Whistle; LANTERNS; LED PRODUCTS; Lights-General	,"https://media.asicdn.com/images/orig/323540000/323549647.jpg,https://media.asicdn.com/images/orig/323540000/323549648.jpg,https://media.asicdn.com/images/orig/323540000/323549649.jpg,https://media.asicdn.com/images/orig/323540000/323549650.jpg	","Key Chains-With Flashlight and/or Whistle,LED PRODUCTS	",,"Carabiner,Keychain,LED Carabiner,LED Light	","Medium Black=Black,Medium Red=Red,Medium Blue=Blue,Medium Gray=Gray	",Metal=Metal	,Dimension	,Length:3.15:in;Width:1.62:in	,,Silkscreen=Silkscreen	,"Custom Colors,PMS Colors,Standard Colors	",,7	,Y	,5:	,,,,,,100,200,300,500,,,,,,,2.987,2.876,2.765,2.532,,,,,,,R	,R	,R	,R	,,,,,,,,one color one location imprint and shipping cost	,,1	,USD	,,List	,07/22/2026	,Active	,,N	,05/27/2024	,
9438010-555356080	,Floating Wrist Bracelet	,FCS0196	,,"Hang on to your keys while you have fun in and on the water with these cool and colorful floating bracelet keychains! This 4"" x 0.6"" foam and PVC bracelet has a polyester exterior and a durable metal ring for a secure grip on your keys. Wear this loose-fitting item around your wrist -- should you drop it into the water, it floats so your keys won't be lost. Choose from three neon-inspired colors and add your organizational or company logo, emblem or message. A great item for use at water parks, pools, the beach, boating and for other water-related sports and activities.	",Key Chains-Floating; Key Chains-General	,"https://media.asicdn.com/images/orig/323500000/323504305.jpg,https://media.asicdn.com/images/orig/323500000/323504306.jpg,https://media.asicdn.com/images/orig/323500000/323504307.jpg	",Key Chains-Floating	,,"Floater Bracelet,Floater Key,Floating Key Tag,Key Chains,Key holder	","Medium Blue=Blue,Medium White=White,Medium Orange=Orange,Medium Green=Green,Medium Yellow=Yellow	",Polyester=Polyester	,Dimension	,Length:4:in;Width:0.6:in	,,Pad Print=Pad Print	,"Custom Colors,PMS Colors,Standard Colors	",,10	,Y	,8:	,,,,,,1000,2000,3000,5000,,,,,,,1.698,1.596,1.486,1.312,,,,,,,R	,R	,R	,R	,,,,,,,,one color one location imprint and shipping cost	,,1	,USD	,,List	,07/22/2026	,Active	,,N	,05/25/2024	,
9438010-555356063	,Oval Floater Key Tag	,FCS0194	,,"Give marine sport enthusiasts an easy way to remember your brand with this oval floater key tab. This soft, squeezable key tab includes a beaded keychain and is the perfect complement to boat and Jet Ski keys. When buoyancy matters, this key tag is here for you. Polyurethane foam construction floats in water, preventing emergencies on the water. Add an imprint and spread the word about your boat dealership and supple shop, tackle outlet and more.	","Key Chains-General,Key Chains-Floating	","https://media.asicdn.com/images/orig/323500000/323503245.jpg,https://media.asicdn.com/images/orig/323500000/323503246.jpg,https://media.asicdn.com/images/orig/323500000/323503247.jpg	","Key Chains-Floating,Key Chains-Plastic	",,"Floater Key,Floating Key Tag,Key Chains,Key holder,Oval Floater Key	","Medium Red=Red,Medium Orange=Orange,Medium Yellow=Yellow,Other=Lime,Medium Blue=Blue,Medium White=White,Medium Black=Black	",Polyurethane (PUR or PU)=Polyurethane (Pur Or Pu)	,Dimension	,Length:3 1/4:in;Width:1 1/2:in;Height:3/4:in	,,Silkscreen=Silkscreen	,"Custom Colors,PMS Colors,Standard Colors	",,10	,Y	,8:	,,,,,,1000,2000,3000,5000,,,,,,,1.148,1.092,1.052,1.012,,,,,,,R	,R	,R	,R	,,,,,,,,one color one location imprint and shipping cost	,,1	,USD	,,List	,07/22/2026	,Active	,,N	,05/25/2024	,
9438010-555352807	,Wedding Party Disposable Cameras with Gift Box	,FCS0188	,,12/17/24/36 Exposures available.A built in flash. Directions are on the box. Prices based on 17 exposures. ASP400 speed color film. Batteries are included inside camera. Always fresh film and batteries when you purchase from us as we have been a top seller of disposable cameras for almost 2 decades. Matching table tent cards is a option. you can choose without flash light at low cost.	,CAMERAS WITH BOX	,"https://media.asicdn.com/images/orig/323440000/323440165.jpg,https://media.asicdn.com/images/orig/323440000/323440166.jpg,https://media.asicdn.com/images/orig/323440000/323440167.jpg,https://media.asicdn.com/images/orig/323440000/323440168.jpg	",CAMERAS	,,"Camera,Disposable Cameral,Wedding Camera	",Medium Black=Black	,Other=Polystyrene	,Dimension	,Length:4 5/7:in;Width:2 1/3:in;Height:1 3/8:in	,,Silkscreen=Silkscreen	,1 color	,,18	,Y	,14:	,,,,,,100,200,300,500,,,,,,,17.522,16.872,16.266,15.815,,,,,,,R	,R	,R	,R	,,,,,,,,one color one location imprint and shipping cost	,,1	,USD	,,List	,07/22/2026	,Active	,,N	,05/22/2024	,
9438010-555352805	,"42"" Auto Open Windproof Umbrella	",FCS0187	,,"Automatic opening and windproof. Nylon canopy with matching color case. Two-section folding metal shaft. Ergonomic matte black plastic handle with wrist strap. Folds to 15"" long.	","Umbrellas Folding,Windproof Umbrella	","https://media.asicdn.com/images/orig/323430000/323439717.jpg,https://media.asicdn.com/images/orig/323430000/323439718.jpg,https://media.asicdn.com/images/orig/323430000/323439719.jpg	",Umbrellas-Folding	,,"Fold unbrellas,Umbrellas,Windproof Umbrella	","Medium Black=Black,Medium Green=Green,Medium White=White,Medium Red=Red,Medium Blue=Blue	",Metal:Combo:Other=Pungee/Metal	,Dimension	,Length:42:in	,,Silkscreen=Silkscreen	,1 color	,,20	,Y	,15:	,,,,,,50,100,300,500,,,,,,,10.502,9.922,9.446,8.955,,,,,,,R	,R	,R	,R	,,,,,,,,one color one location imprint and shipping cost	,,1	,USD	,,List	,07/22/2026	,Active	,,N	,05/22/2024	,
9438010-555352801	,Mini Contact Lens Case	,FCS0186	,,"Mini Lens Case Kit Mirror Container Holder. Mini outlook, perfectly protect your contact lenses. Keep your contact lenses clean everyday. Made of high quality plastic, durable and portable.Your logo is welcome.Price for over 3000pcs is for sea shipment.	",EYEGLASS ACCESSORIES; EYEGLASS CASES & HOLDERS	,"https://media.asicdn.com/images/orig/323430000/323439105.jpg,https://media.asicdn.com/images/orig/323430000/323439106.jpg,https://media.asicdn.com/images/orig/323430000/323439107.jpg,https://media.asicdn.com/images/orig/323430000/323439108.jpg,https://media.asicdn.com/images/orig/323430000/323439109.jpg	","EYEGLASS ACCESSORIES,EYEGLASS CASES & HOLDERS	",,"Contact Lens box,Contact Lens Case,Contact Lens holder	",Medium Blue=Blue	,Plastic=Plastic	,Dimension	,Length:2.68:in;Width:1.89:in;Height:0.87:in	,,Silkscreen=Silkscreen	,1 color	,,7	,Y	,5:	,,,,,,300,500,1000,2000,,,,,,,1.772,1.598,1.468,1.392,,,,,,,R	,R	,R	,R	,,,,,,,,one color one location imprint and shipping cost	,,1	,USD	,,List	,07/22/2026	,Active	,,N	,05/22/2024	,
9438010-555351783	,Portable Sunglasses Box	,FCS0175	,,"Made from EVA - a synthetic material, this Semi-Hard Case can protect your lenses from scratches and its arms from bending and breaking. The soft lining is also great for protecting your lenses from dirt and residue. A carabiner-style keychain clip conveniently attaches the glasses case to your handbag, backpack or tote bag to carry your reading glasses, goggles or any eyewear. As well as use it as a multipurpose storage tool for small electronics, accessories, or other small items. This product is fit for most standard sized glasses, sunglasses, computer glasses and more, ultra-lightweight that adds minimum bulk and weight while on the go or carrying around.	",EYEGLASS ACCESSORIES; EYEGLASS CASES & HOLDERS	,"https://media.asicdn.com/images/orig/323410000/323418740.jpg,https://media.asicdn.com/images/orig/323410000/323418742.jpg,https://media.asicdn.com/images/orig/323410000/323418743.jpg,https://media.asicdn.com/images/orig/323410000/323418749.jpg,https://media.asicdn.com/images/orig/323410000/323418754.jpg	","EYEGLASS ACCESSORIES,EYEGLASS CASES & HOLDERS	",,"Eyeglass case,Eyeglass holder,Sunglass Box	","Medium Red=Red,Medium Yellow=Yellow,Medium Green=Green,Medium Blue=Blue,Medium Purple=Purple,Medium Black=Black,Other=Fuschia,Other=Dk Navy,Medium Gray=Silver,Medium Gray=Gray,Medium Brown=Brown	",Other=Eva	,Dimension	,Length:6.57:in;Width:3.03:in;Height:2.52:in	,,Silkscreen=Silkscreen	,1 color	,,7	,Y	,5:	,,,,,,250,500,1000,2000,,,,,,,2.412,1.989,1.758,1.688,,,,,,,R	,R	,R	,R	,,,,,,,,one color one location imprint and shipping cost	,,1	,USD	,,List	,07/22/2026	,Active	,,N	,05/22/2024	,
9438010-555351754	,Signature Square On The Rocks	,FCS0173	,,"Want your customers to sip on success? These Signature Square On the Rocks glasses will do the trick! Constructed out of quality machine-made glass with a unique square base and rounded rim, these popular pieces of 5.8 oz. drinkware are essential for any event where alcohol is being served and perfect for keeping stocked in bars and restaurants. Make a lasting impression by adding a customized imprint and a personalized message. Cheers to that!	",Glasses-Drinking-On The Rocks	,"https://media.asicdn.com/images/orig/323410000/323417664.jpg,https://media.asicdn.com/images/orig/323410000/323417665.jpg,https://media.asicdn.com/images/orig/323410000/323417667.jpg,https://media.asicdn.com/images/orig/323410000/323417668.jpg	","Glasses-Drinking-On The Rocks,WINE GLASSES	",,"Glasses Cup,Square Glasses,Whisky Glasses	",Clear=Clear	,Glass=Glass	,Volume/Weight	,5.8:oz	,,Silkscreen=Silkscreen	,1 color	,,7	,Y	,5:	,,,,,,72,144,216,288,,,,,,,6.225,5.938,5.567,5.122,,,,,,,R	,R	,R	,R	,,,,,,,,one color one location imprint and shipping cost	,,1	,USD	,,List	,07/22/2026	,Active	,,N	,05/22/2024	,
9438010-555348403	,20 oz. Double Wall Stainless Steel Bottle	,FCS0145	,,"Don't water down your marketing campaign with traditional giveaways. Give your customers this cool bottle as a thank you for their business. This 20 oz stainless steel bottle is a great way to get your brand out there with its sleek and classic design that will complement your company's design. The 20 oz. bottle is vacuum-sealed and is designed with a copper lining that keeps drinks cold for 24 hours or drinks hot for 12 hours. It has a powder-coated finish complete with a screw-top lid with a form-fitting hinged steel handle for easy holding and transport. Customize this elegant bottle with your company's name, logo, emblem, or monogram. Choose this item as your next giveaway!	",Bottles-Insulated; Bottles-Sport Type	,"https://media.asicdn.com/images/orig/323350000/323359066.jpg,https://media.asicdn.com/images/orig/323350000/323359067.jpg,https://media.asicdn.com/images/orig/323350000/323359068.jpg,https://media.asicdn.com/images/orig/323350000/323359073.jpg	","Bottles-Insulated,Bottles-Sport Type	",,"Doulbe Wall Bottle,Sport Bottle,Stainless Bottle,Water Bottle	","Medium Black=Black,Medium Red=Red,Medium Gray=Silver	",Stainless Steel=Stainless Steel	,Volume/Weight	,20:oz	,,"Silkscreen=Silkscreen,Laser Engraved=Laser Engraved	",1 color	,,7	,Y	,5:	,,,,,,50,100,200,300,,,,,,,16.558,16.257,15.896,15.448,,,,,,,R	,R	,R	,R	,,,,,,,,one color one location imprint and shipping cost	,,1	,USD	,,List	,07/22/2026	,Active	,,N	,05/20/2024	,
9438010-555348311	,17 oz Suction cupcup	,FCS0143	,,17 oz. capacity insulated tumbler with ABS exterior and stainless steel interior. PVC grip and a spill proof thumb slide plastic lid. The most improtant is it could cling to any smooth spot. and as you shake it would not fall.	,SUCTION CUPS; TRAVEL MUGS/CUPS	,"https://media.asicdn.com/images/orig/323350000/323357783.jpg,https://media.asicdn.com/images/orig/323350000/323357899.jpg,https://media.asicdn.com/images/orig/323350000/323357900.jpg	","SUCTION CUPS,TRAVEL MUGS/CUPS	",,"Cup,Stainless steel Cup,Suction Cup,Travel mugs	","Medium White=White,Medium Black=Black,Medium Red=Red,Other=Fuschia,Medium Green=Green	",ABS:Combo:Stainless Steel=Abs+Stainless Steel	,Volume/Weight	,17:oz	,,"Silkscreen=Silkscreen,Laser Engraved=Laser Engraved	",1 color	,,7	,Y	,5:	,,,,,,100,200,300,500,,,,,,,14.627,14.255,13.886,13.382,,,,,,,R	,R	,R	,R	,,,,,,,,one color one location imprint and shipping cost	,,1	,USD	,,List	,07/22/2026	,Active	,,N	,05/20/2024	,
9438010-555348229	,13.5 oz  mugs Mighty grip	,FCS0142	,,"Capacity 13.5 oz. Have you ever encountered a cup on the table and accidentally touched it and sprinkled it on the table? This is a magical creative cup that won't fall down. Innovative magic sucker, farewell to accidental sprinkling. Due to its unique suction cup design, no matter how it is pushed, it will not fall. Stylish and creative style, convenient for tea and water. Carrying strap is convenient for outdoor activities. Suitable for offices and homes. Specifications: Material:ABS exterior and stainless steel interior	",SUCTION CUPS; TRAVEL MUGS/CUPS	,"https://media.asicdn.com/images/orig/323350000/323356988.jpg,https://media.asicdn.com/images/orig/323350000/323356997.jpg,https://media.asicdn.com/images/orig/323350000/323356998.jpg,https://media.asicdn.com/images/orig/323350000/323357001.jpg,https://media.asicdn.com/images/orig/323350000/323357003.jpg	","SUCTION CUPS,TRAVEL MUGS/CUPS	",,"Cup,Stainless steel Cup,Suction Cup,Travel mugs	","Medium Black=Black,Medium Red=Red,Medium White=White,Other=Fuschia,Medium Green=Green	",ABS:Combo:Stainless Steel=Abs+Stainless Steel	,Volume/Weight	,13.5:oz	,,"Silkscreen=Silkscreen,Laser Engraved=Laser Engraved	",1 color	,,7	,Y	,5:	,,,,,,100,200,300,500,,,,,,,17.125,16.832,16.566,15.987,,,,,,,R	,R	,R	,R	,,,,,,,,one color one location imprint and shipping cost	,,1	,USD	,,List	,07/22/2026	,Active	,,N	,05/20/2024	,
9438010-555347565	,6 Oz. Korabel Stemless Champagne Flute	,FCS0139	,,"Elevate your next promotion with this 6 oz. Korabel stemless champagne flute! When you're ready to celebrate a special occasion, you can break out the champagne and fill this cup up for a bubbly tribute. With a unique build and a lid, this allows you to take your drink along more freely. Clients will love having a quick taste of something spectacular with this great item. Raise a glass to your continued success!	",Glasses-Drinking-Champagne; TRAVEL MUGS/CUPS	,"https://media.asicdn.com/images/orig/323340000/323341396.jpg,https://media.asicdn.com/images/orig/323340000/323341398.jpg,https://media.asicdn.com/images/orig/323340000/323341399.jpg,https://media.asicdn.com/images/orig/323340000/323341394.jpg,https://media.asicdn.com/images/orig/323340000/323341395.jpg,https://media.asicdn.com/images/orig/323340000/323341397.jpg	","Glasses-Drinking-Champagne,TRAVEL MUGS/CUPS	",,"6oz,Champagne Trumble,Stainless steel Trumble,Water Bottle	","Medium White=White,Medium Black=Black,Medium Red=Red,Other=Rose Gold,Other=Matte Rose Gold,Other=Matte Pink,Dark Blue=Navy,Other=Matte Blue,Medium Green=Green,Other=Fuschia,Other=Champagne,Medium Gray=Silver,Light Blue=Light Blue	",Stainless Steel=Stainless Steel	,Volume/Weight	,6:oz	,,"Silkscreen=Silkscreen,Laser Engraved=Laser Engraved	",1 color	,,7	,Y	,5:	,,,,,,50,100,200,300,,,,,,,9.642,9.233,8.652,7.863,,,,,,,R	,R	,R	,R	,,,,,,,,one color one location imprint and shipping cost	,,1	,USD	,,List	,07/22/2026	,Active	,,N	,05/19/2024	,
9438010-555347512	,20 Oz. Kaden Stainless Steel Tumbler	,FCS0136	,,"Bring along a cup of your favorite wake up in the cool and colorful Kaden steel mug. This big 20 ounce capacity tumbler is made of vacuum-insulated stainless steel with a BPA free construction that can maintain the temperature of al kinds of hot and cold beverages. The tall design features a thin handle and sip-though lid. Choose from five colors and add your school, sports team, organizational or company logo, emblem or message to customize.	",Glasses-Drinking-Tumbler; TRAVEL MUGS/CUPS	,"https://media.asicdn.com/images/orig/323330000/323335631.jpg,https://media.asicdn.com/images/orig/323330000/323335632.jpg,https://media.asicdn.com/images/orig/323330000/323335633.jpg,https://media.asicdn.com/images/orig/323330000/323335634.jpg,https://media.asicdn.com/images/orig/323330000/323335635.jpg	","Glasses-Drinking-Tumbler,TRAVEL MUGS/CUPS	",,"Bottle,Stainless Tumbler,Water Bottle	","Medium Black=Black,Medium White=White,Medium Orange=Orange,Medium Red=Red,Medium Blue=Blue,Medium Purple=Purple,Medium Pink=Pink,Medium Gray=Gray,Medium Gray=Silver	",Stainless Steel=Stainless Steel	,Volume/Weight	,20:oz	,,"Silkscreen=Silkscreen,Laser Engraved=Laser Engraved	",1 color	,,5	,Y	,3:	,,,,,,50,100,200,300,,,,,,,16.841,16.538,16.218,15.725,,,,,,,R	,R	,R	,R	,,,,,,,,one color one location imprint and shipping cost	,,1	,USD	,,List	,07/22/2026	,Active	,,N	,05/19/2024	,
9438010-555347505	,64 oz Stainless Steel Pet Bowl	,FCS0135	,,"This 64oz pet feeding bowl is made of double wall 304 stainless steel construction, good quality and durable, high temperature resistance, non-slip and fall resistance. The surface is smooth and easy to clean. Support customization. 3.46'' H * 7.87'' W.	",Pet Items-Bowls & Feeders; Pet Items-General	,"https://media.asicdn.com/images/orig/323330000/323334950.jpg,https://media.asicdn.com/images/orig/323330000/323334951.jpg,https://media.asicdn.com/images/orig/323330000/323334952.jpg,https://media.asicdn.com/images/orig/323330000/323334953.jpg,https://media.asicdn.com/images/orig/323330000/323334954.jpg	",Pet Items-Bowls & Feeders	,,"Bowl,Food Bowl,Pet,Pet Bowl,Stainless Steel Bowl	","Medium White=White,Medium Orange=Orange,Medium Black=Black,Medium Red=Red,Medium Yellow=Yellow,Dark Yellow=Gold,Medium Blue=Blue,Medium Brown=Brown,Medium Green=Green,Medium Purple=Purple,Medium Gray=Silver	",Stainless Steel=Stainless Steel	,Volume/Weight	,64:oz	,,"Silkscreen=Silkscreen,Laser Engraved=Laser Engraved	",1 color	,,7	,Y	,5:	,,,,,,20,50,100,300,,,,,,,26.209,24.874,15.918,15.594,,,,,,,R	,R	,R	,R	,,,,,,,,one color one location imprint and shipping cost	,,1	,USD	,,List	,07/22/2026	,Active	,,N	,05/19/2024	,
9438010-555347498	,30 oz Vacuum Tumbler	,FCS0133	,,"The hottest drinkware item on the market is 30 oz Tumblers. It makes a terrific advertising piece for your brand! Built with quality in mind, these colored tumblers will advertise your message for years to come. Made of 18/8 kitchen-grade stainless steel, has double-wall vacuum insulation. Includes a crystal clear lid.	",Glasses-Drinking-Tumbler; TRAVEL MUGS/CUPS	,"https://media.asicdn.com/images/orig/323330000/323334377.jpg,https://media.asicdn.com/images/orig/323330000/323334378.jpg,https://media.asicdn.com/images/orig/323330000/323334379.jpg	","Glasses-Drinking-Tumbler,TRAVEL MUGS/CUPS	",,"Bottle,Stainless Tumbler,Tumbler,Water Bottle	","Medium Black=Black,Medium Blue=Blue,Medium Brown=Brown,Medium White=White,Medium Gray=Gray	",Stainless Steel=Stainless Steel	,Volume/Weight	,30:oz	,,"Silkscreen=Silkscreen,Laser Engraved=Laser Engraved	",1 color	,,5	,Y	,3:	,,,,,,50,100,200,300,,,,,,,13.987,13.655,13.342,12.841,,,,,,,R	,R	,R	,R	,,,,,,,,one color one location imprint and shipping cost	,,1	,USD	,,List	,07/22/2026	,Active	,,N	,05/19/2024	,
9438010-555344404	,17oz Jumping Cover Stainless Water Bottle	,FCS0131	,,"This insulating cup is made of the good grade stainless steel, and 5 colors you coud choose, and welcome to imprint you own logo. It's a good choice if you want order a bunch of gift to your better customer. It has a bottom on the cover, press the bottom, it will be opened immediately. Very easy and convenient method to get drink. Like your convenient service to your customer. Let your customers fall in love with this portable water bottle.	",Bottles-Sport Type	,"https://media.asicdn.com/images/orig/323280000/323285971.jpg,https://media.asicdn.com/images/orig/323280000/323285972.jpg,https://media.asicdn.com/images/orig/323280000/323285974.jpg,https://media.asicdn.com/images/orig/323280000/323285975.jpg,https://media.asicdn.com/images/orig/323280000/323285978.jpg,https://media.asicdn.com/images/orig/323280000/323285988.jpg,https://media.asicdn.com/images/orig/323280000/323285996.jpg	","Bottles-Insulated,Cups-General	",,"Jumping Cover Bottle,Stainless Steel Bottle,Water Bottle	","Medium Black=Black,Medium Red=Red,Medium Pink=Pink,Medium Blue=Blue,Dark Yellow=Gold	",Stainless Steel=304 Stainless Steel	,Volume/Weight	,17:oz	,,"Silkscreen=Silkscreen,Laser Engraved=Laser Engraved	",1 color	,,5	,Y	,3:	,,,,,,50,100,200,300,,,,,,,11.249,10.775,10.276,9.564,,,,,,,R	,R	,R	,R	,,,,,,,,one color one location imprint and shipping cost	,,1	,USD	,,List	,07/22/2026	,Active	,,N	,05/17/2024	,
9438010-555343719	,Stainless steel double wall travel water bottle 500ml	,FCS0130	,,Stainless Steel Water Bottle Double Wall Vacuum Insulated Metal BPA Free Leak-proof 500ml Cola Shape Travel Bottle	,Bottles-Insulated; FLASKS	,"https://media.asicdn.com/images/orig/323270000/323275456.jpg,https://media.asicdn.com/images/orig/323270000/323275457.jpg,https://media.asicdn.com/images/orig/323270000/323275458.jpg,https://media.asicdn.com/images/orig/323270000/323275459.jpg	","Bottles-Insulated,Cups-General	",,"Cola Bottle,Outdoor Bottle,Stainless Bottle,Water Bottle	","Medium Black=Black,Medium White=White,Medium Orange=Orange,Medium Red=Red,Medium Yellow=Yellow,Medium Blue=Blue,Medium Green=Green,Medium Purple=Purple,Medium Gray=Silver,Medium Gray=Gray	",Stainless Steel=Stainless Steel	,Volume/Weight	,17:oz	,,"Silkscreen=Silkscreen,Laser Engraved=Laser Engraved	",1 color	,,5	,Y	,3:	,,,,,,50,100,200,300,,,,,,,11.592,11.291,10.878,10.246,,,,,,,R	,R	,R	,R	,,,,,,,,one color one location imprint and shipping cost	,,1	,USD	,,List	,07/22/2026	,Active	,,N	,05/16/2024	,
9438010-555343300	,20 oz. Vacuum Bottle with Bamboo Lid	,FCS0128	,,20 oz (600 mL) double-wall vacuum insulated bottle with Bamboo lid. Features 304 Stainless Steel exterior and 304 Stainless Steel lining. Screw on/off bamboo lid. Hand-wash only. Do not microwave. Do not place in freezer. Vacuum insulation helps keep your beverages hot or cold longer than traditional insulation. Designed for use with both hot and cold beverages. Caution: Item may leak if tipped or held upside-down.	,Bottles-Insulated; FLASKS	,"https://media.asicdn.com/images/orig/323260000/323265271.jpg,https://media.asicdn.com/images/orig/323260000/323265272.jpg,https://media.asicdn.com/images/orig/323260000/323265273.jpg,https://media.asicdn.com/images/orig/323260000/323265274.jpg,https://media.asicdn.com/images/orig/323260000/323265275.jpg,https://media.asicdn.com/images/orig/323260000/323265276.jpg	",Bottles-Sport Type	,,"Bamboo lid Bottle,Bottles,Stainless Steel Bottle	","Medium Black=Black,Medium Red=Red,Medium Pink=Pink,Medium Green=Green,Medium Blue=Blue,Medium Blue=Lt Blue,Dark Blue=Navy,Medium Purple=Purple	",Stainless Steel=Stainless Steel	,Volume/Weight	,20:oz	,,"Silkscreen=Silkscreen,Laser Engraved=Laser Engraved	",1 color	,,5	,Y	,3:	,,,,,,30,50,100,300,,,,,,,11.656,11.324,10.989,10.421,,,,,,,R	,R	,R	,R	,,,,,,,,one color one location imprint and shipping cost	,,1	,USD	,,List	,07/22/2026	,Active	,,N	,05/16/2024	,
9438010-555342664	,Perfect Temp 30 oz. Stainless Steel Vacuum Tumbler	,FCS0127	,,"30 ounce tumbler keeps your cold drinks cool and your hot drinks warm through a sturdy construction of double wall, vacuum insulated stainless steel. Laser imprinted logos and messages will stand out beautifully on this item that is generously sized to keep you hydrated while still fitting in most standard cupholders. The lid includes a slide function to allow easy access to your drink.	",Glasses-Drinking-Insulated; Glasses-Drinking-Tumbler; TRAVEL MUGS/CUPS	,"https://media.asicdn.com/images/orig/323250000/323258509.jpg,https://media.asicdn.com/images/orig/323250000/323258510.jpg,https://media.asicdn.com/images/orig/323250000/323258511.jpg,https://media.asicdn.com/images/orig/323250000/323258515.jpg,https://media.asicdn.com/images/orig/323250000/323258520.jpg,https://media.asicdn.com/images/orig/323250000/323258521.jpg	","Cups-General,TRAVEL MUGS/CUPS	",,"30oz Tumbler,Stainless Steel Tumbler,Water bottle	","Medium Blue=Blue,Medium Red=Red,Medium Purple=Purple,Medium Pink=Pink,Medium Black=Black	",Stainless Steel=Stainless Steel	,Volume/Weight	,30:oz	,,"Silkscreen=Silkscreen,Laser Engraved=Laser Engraved	",Up to full color	,,5	,Y	,3:	,,,,,,48,96,144,288,,,,,,,13.531,13.167,12.665,12.133,,,,,,,R	,R	,R	,R	,,,,,,,,one color one location imprint and shipping cost	,,1	,USD	,,List	,07/22/2026	,Active	,,N	,05/16/2024	,
9438010-555342615	,Stainless Steel Wine Tumbler - 12 oz.	,FCS0126	,,"Encourage your new and potential clients to relax with your brand by promoting it on this 12 oz. stainless steel wine tumbler! Measuring 5"" H x 3 1/4"" diameter, it's offered in multiple colors and features stainless steel construction with a polypropylene liner that holds up to 12 ounces. Add your name, logo and marketing message before handing it out to your target audience for maximum brand exposure. Recipients can keep their favorite wine in this glass while also keeping a grip on your brand! Packaging available in red, blue, and green.	",Glasses-Drinking-Tumbler; TRAVEL MUGS/CUPS; WINE GLASSES	,"https://media.asicdn.com/images/orig/323250000/323257837.jpg,https://media.asicdn.com/images/orig/323250000/323257838.jpg,https://media.asicdn.com/images/orig/323250000/323257842.jpg,https://media.asicdn.com/images/orig/323250000/323257845.jpg,https://media.asicdn.com/images/orig/323250000/323257846.jpg,https://media.asicdn.com/images/orig/323250000/323257847.jpg,https://media.asicdn.com/images/orig/323250000/323257848.jpg,https://media.asicdn.com/images/orig/323250000/323257849.jpg	","Cups-General,TRAVEL MUGS/CUPS	",,"Drinking bottle,Stainless Steel,Water Bottle,Wine Tumbler	","Medium Red=Red,Medium Blue=Blue,Medium Purple=Purple,Medium Green=Green,Medium Gray=Gray	",Stainless Steel=Stainless Steel	,Volume/Weight	,12:oz	,,"Silkscreen=Silkscreen,Laser Engraved=Laser Engraved	",Up to full color	,,5	,Y	,3:	,,,,,,50,100,200,500,,,,,,,9.314,8.985,8.422,8.061,,,,,,,R	,R	,R	,R	,,,,,,,,one color one location imprint and shipping cost	,,1	,USD	,,List	,07/22/2026	,Active	,,N	,05/16/2024	,
9438010-555342564	,17 oz LED Temperature Display Vacuum Insulated Water Bottle	,FCS0125	,,"17 oz LED temperature display vacuum insulated water bottle,The cup inner is made of 304 stainless steel, vacuum insulated, and perfect paint process. It feels comfortable and has a round and beautiful appearance. 17oz of suitable capacity, good thermal insulation effect, time flowing, warm as early, is a good helper for sports travel.	",Bottles-Insulated; FLASKS	,"https://media.asicdn.com/images/orig/323250000/323257187.jpg,https://media.asicdn.com/images/orig/323250000/323257188.jpg,https://media.asicdn.com/images/orig/323250000/323257189.jpg,https://media.asicdn.com/images/orig/323250000/323257190.jpg,https://media.asicdn.com/images/orig/323250000/323257191.jpg,https://media.asicdn.com/images/orig/323250000/323257196.jpg,https://media.asicdn.com/images/orig/323250000/323257202.jpg,https://media.asicdn.com/images/orig/323250000/323257203.jpg	","Cups-General,TRAVEL MUGS/CUPS	",,"17oz Bottle,LED Bottle,Stainless Bottle,Water Bottle	","Medium Red=Red,Medium Blue=Blue,Medium Pink=Pink,Medium White=White,Medium Black=Black,Dark Yellow=Gold,Dark Yellow=Rose Gold	",Stainless Steel=Stainless Steel	,Volume/Weight	,17:oz	,,"Silkscreen=Silkscreen,Laser Engraved=Laser Engraved	",Up to full color	,,5	,Y	,3:	,,,,,,50,100,200,500,,,,,,,11.126,10.778,10.369,9.739,,,,,,,R	,R	,R	,R	,,,,,,,,one color one location imprint and shipping cost	,,1	,USD	,,List	,07/22/2026	,Active	,,N	,05/16/2024	,
9438010-555339530	,Enamel Coffee Mug with Stainless-Steel Rim	,FCS4	,,"Our enamel mugs is 8cm diameter(3.15""), 12 oz, which are made of thicken, high-quality steel with enamel coating, no worries any toxic leeching into your drink, stronger than ceramic and glass. Healthy and durable for your daily use.It's comfortable in use with solid handle and the rimless design drinks smoothly. Glossy surface makes drinks flow easily; no more drink residue getting trapped.We also have other size available. Pricing is by AIR.	","Our enamel mug is constructed of high quality metal and coated in thick enamel, Lead and Cadmium-free, Nonbreakable and rust resis	","https://media.asicdn.com/images/orig/323190000/323197491.jpg,https://media.asicdn.com/images/orig/323190000/323197492.jpg,https://media.asicdn.com/images/orig/323190000/323197494.jpg,https://media.asicdn.com/images/orig/323190000/323197495.jpg	","Cups-General,Mugs & Steins-Metal	",,"12 oz Mug,360 ml Cup,Camping Mug,Coffee Mug,Drink,Enamel Mug	","Medium Black=Black,Medium Red=Red,Medium Green=Green,Medium Blue=Blue,Medium White=White	",Other=Enamel	,Volume/Weight	,12:oz	,,Silkscreen=Silkscreen	,Up to full color	,,7	,Y	,5:	,,,,,,60,200,300,500,1000,2000,3000,,,,6.520,5.920,5.670,5.450,5.250,4.930,4.820,,,,R	,R	,R	,R	,R	,R	,R	,,,,,1 color 1 loctation imprint and shipping cost	,,1	,USD	,,List	,07/22/2026	,Active	,,N	,05/15/2024	,
9438010-555339470	,12oz Enamel Coffee Mug	,FCS3	,,"Our enamel mugs is 8cm diameter(3.15""), 12 oz, which are made of thicken, high-quality steel with enamel coating, no worries any toxic leeching into your drink, stronger than ceramic and glass. Healthy and durable for your daily use.It's comfortable in use with solid handle and the rimless design drinks smoothly. Glossy surface makes drinks flow easily; no more drink residue getting trapped.We also have other size available. Pricing is by AIR.	","Our enamel mug is constructed of high quality metal and coated in thick enamel, Lead and Cadmium-free, Nonbreakable and rust resis	","https://media.asicdn.com/images/orig/323190000/323197301.jpg,https://media.asicdn.com/images/orig/323190000/323197302.jpg,https://media.asicdn.com/images/orig/323190000/323197304.jpg,https://media.asicdn.com/images/orig/323190000/323197305.jpg	","Cups-General,Mugs & Steins-Metal	",,"12 oz Mug,360 ml Cup,Camping Mug,Coffee Mug,Drink,Enamel Mug	","Medium Black=Black,Medium Red=Red,Medium Green=Green,Medium Blue=Blue,Medium White=White	",Other=Enamel	,Volume/Weight	,12:oz	,,Silkscreen=Silkscreen	,Up to full color	,,7	,Y	,5:	,,,,,,60,200,300,500,1000,2000,3000,,,,6.120,5.820,5.570,5.370,5.160,4.850,4.730,,,,R	,R	,R	,R	,R	,R	,R	,,,,,one color one location imprint and shipping cost	,,1	,USD	,,List	,07/22/2026	,Active	,,N	,05/15/2024	,
9438010-555339336	,40 Oz Tumbler With Handle Stainless Steel Cups	,FCS5	,,"This 40 oz tumbler features a double layer insulation design that keep your favorite drinks hot for 12 hours and cold drinks cold for 24 hour, suitable for use in the car as a car mug, as a water storage mug for the kids at school.BPA free. Hand washing is recommended.The pricing is by AIR	",The Mug with Straw is a popular dupe for retail. Made of stainless steel with a matte finish that is vacuum-insulated and double-w	,"https://media.asicdn.com/images/orig/323190000/323196665.jpg,https://media.asicdn.com/images/orig/323190000/323196666.jpg,https://media.asicdn.com/images/orig/323190000/323196667.jpg	","Glasses-Drinking-Tumbler,TRAVEL MUGS/CUPS	",,"40 oz,Double Wall,Popular Cup,Stainless Steel,Tumber,Vacuum-insulated,Water Cup	","Medium Black=Black,Medium White=White,Medium Yellow=Yellow,Medium Green=Green,Medium Pink=Pink,Medium Blue=Blue,Medium Gray=Gray,Medium Red=Red,Medium Purple=Purple,Medium Brown=Brown	",Stainless Steel=Stainless Steel	,Volume/Weight	,40:oz	,,"Silkscreen=Silkscreen,Laser Engraved=Laser Engraved	",Up to full color	,,7	,Y	,5:	,,,,,,50,100,200,300,500,1000,2000,,,,16.620,15.920,15.030,14.680,14.260,13.850,13.470,,,,R	,R	,R	,R	,R	,R	,R	,,,,,one color one location imprint and shipping cost	,,1	,USD	,,List	,07/22/2026	,Active	,,N	,05/15/2024	,
9438010-555319105	,Adhesive Silicone Cell Phone/Credential Wallets	,FCS0124	,,"Now available with high-quality silkscreen imprinting, for sharper, brighter custom graphics! Versatile cell phone holder / credential wallet is made from silicone rubber with a 3M adhesive back. Up to three badges or cards sit firmly in the holder and will not fall out no matter how hard you shake it! Fits most flat-backed smart phones. Perfect for everyday use such as holding credit cards, hotel key, Metro card, ID badges or driver's license. Available in 4 stylish colors. Six imprint color options. Insert size: 2.25"" x 3.38"".	",Badge Holders-General; Mobile Accessories-General; PHONE ACCESSORIES; WALLETS	,"https://media.asicdn.com/images/orig/322560000/322564413.jpg,https://media.asicdn.com/images/orig/322560000/322564414.jpg,https://media.asicdn.com/images/orig/322560000/322564415.jpg,https://media.asicdn.com/images/orig/322560000/322564416.jpg,https://media.asicdn.com/images/orig/322560000/322564417.jpg,https://media.asicdn.com/images/orig/322560000/322564418.jpg	",Mobile Accessories-Cell Phone Wallets	,,"Phone Card Case,Silicone Card Case,Silicone Phone Wallet,Wallet	","Medium Black=Black,Medium Blue=Blue,Medium Green=Green,Medium Red=Red,Medium Pink=Pink,Medium Gray=Gray,Medium Purple=Purple,Medium White=White,Medium Yellow=Yellow	",Silicone=Silicone	,Dimension	,Length:2.38:in;Width:3.75:in;Height:0.44:in	,,Silkscreen=Silkscreen	,"Custom Colors,PMS Colors,Standard Colors	",,5	,Y	,3:	,,,,,,100,200,300,500,800,1000,2000,,,,1.508,1.477,1.385,1.305,1.249,1.209,1.173,,,,R	,R	,R	,R	,R	,R	,R	,,,,,1 color 1 location imprint and shipping cost	,,1	,USD	,,List	,07/22/2026	,Active	,,N	,05/03/2024	,
9438010-555319080	,Silicone Phone Holder/Stander With Card Case	,FCS0122	,,"Our silicone phone holder/stander made in muti-colors with card cases. We use silkscreen printing technique that makes the imprint part assuring a long lasting appearance, It is pleasant to hold and handle, Press the middle to open with a satisfying  press the ends to close with a click. It really is that simple. The memory metal inside the soft silicone cover will never break and the colourful silicone helps provide extra grip to help prevent accidents caused by dropping your precious phone as well as giving your device the ability to stand up for easy viewing, and it helps prevents the back of the phone being damaged	",MOBILE SLEEVES/CASES; PHONE ACCESSORIES	,"https://media.asicdn.com/images/orig/322560000/322563336.jpg,https://media.asicdn.com/images/orig/322560000/322563337.jpg,https://media.asicdn.com/images/orig/322560000/322563338.jpg,https://media.asicdn.com/images/orig/322560000/322563340.jpg,https://media.asicdn.com/images/orig/322560000/322563341.jpg	","Mobile Accessories-Stands & Holders,TABLET & E-READER SLEEVES & CASES	",,"Card Case,Phone Holder,Phone Stander,Silicone Phone Holder	","Medium Black=Black,Medium Red=Red,Medium Green=Green,Medium Blue=Blue,Medium Pink=Pink,Medium White=White	",Silicone=Silicone	,Dimension	,Length:3.35:in;Width:2.32:in;Height:0.12:in	,,Silkscreen=Silkscreen	,"Custom Colors,PMS Colors,Standard Colors	",,7	,Y	,5:	,,,,,,100,300,500,1000,2000,3000,5000,,,,1.997,1.466,1.276,1.154,1.078,0.998,0.908,,,,R	,R	,R	,R	,R	,R	,R	,,,,,1 color 1 location imprint and shipping cost	,,1	,USD	,,List	,07/22/2026	,Active	,,N	,05/03/2024	,
9438010-555319067	,Wireless Visual Ear Cleaner Otoscope	,FCS0121	,,"Wireless ear camera,Contact Smartphone with WIFI, portable and put in pocket anywhere and whenever.The diameter of this otoscope is only 0.15inch, allows easy entry to ear canal to examine eardrum.1080P HD & Safe Camera Chip,we can provide our customers with clearer images & outstanding color reproduction. In addition, this ear camera has solved the overheating for your safety.This digital otoscope camera is compatible with Android smartphone / tablet and IOS / (Android 4.4 / IOS 9.0 ), WiFi otoscope can be used for checking ear canal, eardrum, mouth, gums, ear, nose, nasal cavity. You can take care of your family's or friend's health, even your pets.It is work with APP and connect it to the built-in WiFi,We could customize the logo for you.	",CAMERAS; MICROSCOPES	,"https://media.asicdn.com/images/orig/322560000/322563010.jpg,https://media.asicdn.com/images/orig/322560000/322563011.jpg,https://media.asicdn.com/images/orig/322560000/322563012.jpg,https://media.asicdn.com/images/orig/322560000/322563013.jpg	","CLEANERS,TOOL KITS	",,"Ear Cleaner Otoscope,Ear Spoon,Visual Ear Cleaner,Wirelss Visual Ear Spoon	","Medium Black=Black,Medium Green=Green,Medium Red=Red	",Metal=Metal	,Dimension	,Length:4.72:in;Width:0.51:in	,,Silkscreen=Silkscreen	,"Custom Colors,PMS Colors,Standard Colors	",,7	,Y	,5:	,,,,,,25,50,100,300,500,1000,2000,,,,25.337,22.598,21.691,20.535,19.733,19.535,18.978,,,,R	,R	,R	,R	,R	,R	,R	,,,,,1 color 1 location imprint and shipping cost	,,1	,USD	,,List	,07/22/2026	,Active	,,N	,05/03/2024	,
9438010-555319050	,Clothes Shape Keychain	,FCS0120	,,"This is made of rubber.The size is 1.97""x1,77"".It can be used for appreciation gift, car sales promotion gift, fair visit giveway and others.Different size, color, patterns are available according to customer's requirement.Welcome to custom your company's logo.	",Key Chains-General	,"https://media.asicdn.com/images/orig/322560000/322562615.jpg,https://media.asicdn.com/images/orig/322560000/322562616.jpg,https://media.asicdn.com/images/orig/322560000/322562617.jpg,https://media.asicdn.com/images/orig/322560000/322562618.jpg,https://media.asicdn.com/images/orig/322560000/322562619.jpg	",Key Chains-General	,,"Clothes Keychain,Clothes Shape Keychain,Keychain,Rubber Keychain	","Medium Blue=Blue,Medium Red=Red,Medium Yellow=Yellow,Medium Green=Green,Medium Black=Black,Medium White=White	",Rubber=Rubber	,Dimension	,Length:1.97:in;Width:1.77:in	,,Silkscreen=Silkscreen	,"Custom Colors,PMS Colors,Standard Colors	",,7	,Y	,5:	,,,,,,100,200,500,1000,2000,3000,5000,,,,3.662,1.765,1.475,1.357,1.268,1.168,1.089,,,,R	,R	,R	,R	,R	,R	,R	,,,,,one color one location imprint and shipping cost	,,1	,USD	,,List	,07/22/2026	,Active	,,N	,05/03/2024	,
9438010-555318993	,1 inch Wide Polyester Lanyard	,FCS0119	,,"This Lanyard is made of polyester. The width is 1 inch, your company logo can be customized. It features a lobster clasp to hang your badge and employment pass. It is a great giveaway for employees, students and volunteers.	",Polyester LANYARDS	,"https://media.asicdn.com/images/orig/324130000/324131646.jpg,https://media.asicdn.com/images/orig/324130000/324131653.jpg,https://media.asicdn.com/images/orig/324130000/324131654.png,https://media.asicdn.com/images/orig/324130000/324131648.jpg,https://media.asicdn.com/images/orig/322550000/322559961.jpg,https://media.asicdn.com/images/orig/322550000/322559962.jpg,https://media.asicdn.com/images/orig/322550000/322559963.jpg	",LANYARDS	,,"1 inch Lanyard,Lanyard,Lobster Lanyard,Polyester Lanyard	","Medium White=White,Medium Black=Black,Medium Gray=Gray,Medium Brown=Brown,Medium Purple=Purple,Medium Red=Red,Medium Blue=Blue,Medium Green=Green,Medium Yellow=Yellow,Light Blue=Light Blue,Bright Blue=Royal Blue,Medium Green=Teal,Dark Blue=Navy Blue,Dark Red=Burgundy,Dark Red=Maroon	",Polyester=Polyester	,Dimension	,Length:35.5:in;Width:1:in	,,Laser Engraved=Digital	,"Custom Colors,PMS Colors,Standard Colors	",,5	,Y	,3:	,,,,,,100,300,500,1000,2000,3000,5000,,,,1.094,0.995,0.885,0.805,0.789,0.750,0.733,,,,R	,R	,R	,R	,R	,R	,R	,,,,,1 color 1 location imprint and shipping cost	,,1	,USD	,,List	,07/22/2026	,Active	,,N	,05/03/2024	,
9438010-555318986	,Cuisinart(R) 14 Piece Deluxe Grill Tool Set	,FCS0118	,,"The Cuisinart(R) Deluxe 14 Piece Grilling Tool Set includes all the necessary tools to make your grilling experience easy and convenient. This durable set of stainless steel tools includes a Chef's Spatula, Grill Tongs, Silicone Basting Brush, Cleaning Brush, Extra Cleaning Brush Head and 4 Pairs of Corn Holders. Each tool is designed with elongated handles and a hanging ring for convenient placement during grilling time.	",BADGE & BUTTON ACCESSORIES/FINDINGS; Party Favors-General	,"https://media.asicdn.com/images/orig/322550000/322559510.jpg,https://media.asicdn.com/images/orig/322550000/322559511.jpg,https://media.asicdn.com/images/orig/322550000/322559512.jpg,https://media.asicdn.com/images/orig/322550000/322559516.jpg	",BARBECUE ACCESSORIES	,,"Barbecue,Barbecue Set,Grill Tool Set,Metal Barbecue Set,Metal Grill Tool set	",Other=Stainless Steel	,Stainless Steel=Stainless Steel	,Dimension	,Length:16.93:in;Width:7.85:in;Height:3.15:in	,,Laser Engraved=Laser Engraved	,"Custom Colors,PMS Colors,Standard Colors	",,25	,Y	,22:	,,,,,,500,1000,2000,3000,5000,8000,10000,,,,67.185,66.065,64.276,62.389,60.392,59.379,58.897,,,,R	,R	,R	,R	,R	,R	,R	,,,,,1 color 1 location imprint and shipping cost	,,1	,USD	,,List	,07/22/2026	,Active	,,N	,05/03/2024	,
9438010-555313105	,Adult Seafood Bib	,FCS0096	,,"Made of PE. Easy clean and waterproof. Ideal item for crab feasts, seafood restaurants, and special events. 15.7"" x 23.6""	",Aprons-Bib Style	,"https://media.asicdn.com/images/orig/322270000/322271433.jpg,https://media.asicdn.com/images/orig/322270000/322271428.jpg,https://media.asicdn.com/images/orig/322270000/322271430.jpg,https://media.asicdn.com/images/orig/322270000/322271432.jpg	","Aprons-Bib Style,BIBS	",,"Bibs,Disposable Bibs,Plastic Bibs,Seafood Bibs	",Medium White=White	,Plastic=Plastic	,Dimension	,Length:14.17:in;Width:23.62:in	,,Silkscreen=Silkscreen	,"Custom Colors,PMS Colors,Standard Colors	",,7	,Y	,5:	,,,,,,100,200,500,1000,2000,5000,10000,20000,,,0.602,0.545,0.427,0.368,0.336,0.256,0.227,0.201,,,R	,R	,R	,R	,R	,R	,R	,R	,,,,,,1	,USD	,,List	,07/22/2026	,Active	,,N	,04/30/2024	,
9438010-555313079	,Dog Waste Bag With Dispenser and Leash Clip	,FCS0095	,,"This bag has dispenser and leash clip included for hands-free convenience Made of simple cornstarch .It is biodegradable and easy to break down. Protect our earth. You will smell comfortable with lavender-scented.""	",Bags-Litter; Dispensers-General; Pet Items-General	,"https://media.asicdn.com/images/orig/322270000/322270104.jpg,https://media.asicdn.com/images/orig/322270000/322270105.jpg,https://media.asicdn.com/images/orig/322270000/322270106.jpg	","Bags-General,Pet Items-General	",,"Dispenser and Leash Clip,Dog Waste Bag,Waste Bag,Waster	",Medium Green=Green	,Plastic=Plastic	,Dimension	,Length:3.94:in;Width:1.57:in	,,Silkscreen=Silkscreen	,"Custom Colors,PMS Colors,Standard Colors	",,7	,Y	,5:	,,,,,,100,200,300,500,1000,2000,3000,,,,3.946,3.835,3.627,3.558,3.477,3.359,3.298,,,,R	,R	,R	,R	,R	,R	,R	,,,,,1 color 1 location imprint and shipping cost	,,1	,USD	,,List	,07/22/2026	,Active	,,N	,04/30/2024	,
9438010-555305727	,Tube 2600 mAh Power Bank Portable	,FCS0109	,,"Compatible with all smart phones, tablets, cameras and other devices that use the standard USB cable for charging. the unibody power bank provides a charging capacity of 2600 mAh. With your custom logo printed or laser engraved on the front, this power bank is a must-carry item for your customers, clients, and employees to use	","Easily charge your phone or tablet, listen to music, or prop up your phone with this power bank.	","https://media.asicdn.com/images/orig/321860000/321863259.jpg,https://media.asicdn.com/images/orig/321860000/321863260.jpg,https://media.asicdn.com/images/orig/321860000/321863263.jpg	",Battery Rechargers & Adaptors-Power Banks	,,"2600 mAh,Chargeable,Portable,Power Bank,Tube Chargers	","Medium Black=Black,Silver Metal=Silver,Medium Orange=Orange,Medium Green=Green,Medium Blue=Blue,Medium Red=Red,Medium Purple=Purple,Gold Metal=Gold,Dark Red=Fusion	",Metal=Metal	,Dimension	,Length:3.5:in;Width:0.75:in;Height:0.75:in	,,"Silkscreen=Silkscreen,Laser Engraved=Laser Engraved	","Custom Colors,PMS Colors,Standard Colors	",,7	,Y	,5:	,,,,,,25,50,100,300,500,1000,2000,,,,9.250,8.350,7.780,7.380,7.250,6.880,6.750,,,,R	,R	,R	,R	,R	,R	,R	,,,,,one color one location imprint and shipping cost	,,1	,USD	,,List	,07/22/2026	,Active	,,N	,04/25/2024	,
9438010-555305721	,3 in1 Charging Cable with Keychain	,FCS0108	,,"This 3-in-1 charging cable comes equipped with a durable keychain, and features three different adaptors, so it is compatible with Apple, Android, and Type C devices. Great for the home, office, and car, or take it with you while traveling and vacationing. With customization offered, you can add a brand name, logo, message, and more.Purchase this 3-in-1 charging cable today, and get up and glow!	",This illuminating 3-in-1 charging cable brings the energy!	,"https://media.asicdn.com/images/orig/321860000/321862663.jpg,https://media.asicdn.com/images/orig/321860000/321862664.jpg,https://media.asicdn.com/images/orig/321860000/321862665.jpg	",Mobile Accessories-Cables & Cords	,,"3 in 1,Charging Cable,Phone chargers,USB chargeable	","Medium Black=Black,Medium Gray=Gray,Silver Metal=Silver,Medium Red=Red,Gold Metal=Gold,Medium Blue=Blue,Medium White=White,Gold Metal=Rose Gold,Medium Red=Fusion	",Polyester=Polyester	,Dimension	,Length:4.56:in;Width:3.46:in;Height:2.2:in	,,"Silkscreen=Silkscreen,Laser Engraved=Laser Engraved	","Custom Colors,PMS Colors,Standard Colors	",,7	,Y	,5:	,,,,,,100,200,300,500,1000,2000,5000,,,,4.122,3.935,3.756,3.587,3.336,3.267,3.012,,,,R	,R	,R	,R	,R	,R	,R	,,,,,one color one location imprint and shipping cost	,,1	,USD	,,List	,07/22/2026	,Active	,,N	,04/25/2024	,
9438010-555305707	,3 in1 Charging Cable	,FCS0107	,,"The charging cable features three different adaptors, and it's compatible with Apple, Android, and Type C devices. Easy to carry and attach to your keys, this mini cable belongs in every household and office, or take it with you when traveling and vacationing. With customization offered, you can add a brand name, logo, message, and more	",Behold a powerful triumvirate with this 3-in-1 charging cable!	,"https://media.asicdn.com/images/orig/321860000/321861836.jpg,https://media.asicdn.com/images/orig/321860000/321861837.jpg,https://media.asicdn.com/images/orig/321860000/321861839.jpg	",Mobile Accessories-Cables & Cords	,,"3 in 1,Charging Cable,Phone chargers,USB chargeable	","Medium Black=Black,Medium White=White	",Plastic=Plastic	,Dimension	,Length:7.87:in;Height:2.2:in	,,Silkscreen=Silkscreen	,"Custom Colors,PMS Colors,Standard Colors	",,7	,Y	,5:	,,,,,,100,200,300,500,1000,2000,3000,,,,3.522,3.035,2.856,2.687,2.536,2.367,2.212,,,,R	,R	,R	,R	,R	,R	,R	,,,,,one color one location imprint and shipping cost	,,1	,USD	,,List	,07/22/2026	,Active	,,N	,04/25/2024	,
9438010-555305691	,60 LED Rechargeable Selfie Light	,FCS0106	,,"The camera light can be full-charged in about 2h, and offer a 130-minute operation at 100% brightness, over 15 hours for 10% brightness. This slim and lightweight LED phone light will brighten up your appearance so you look your best in front of the webcam. Which is perfect for selfies, photos, photography, video, mobile phone, laptop, makeup, live streams, or vlogs. It can be charged by most devices that support USB ports or Type-C ports. It is bright enough, which helps you look charming and shiny.	",The led selfie light built-in 2200mAh rechargeable battery and USB Type-C charging port. This cell phone fill light is easily char	,"https://media.asicdn.com/images/orig/321860000/321860776.jpg,https://media.asicdn.com/images/orig/321860000/321860777.jpg,https://media.asicdn.com/images/orig/321860000/321860778.jpg,https://media.asicdn.com/images/orig/321860000/321860779.jpg,https://media.asicdn.com/images/orig/321860000/321860780.jpg,https://media.asicdn.com/images/orig/321860000/321860786.jpg	","LED PRODUCTS,Mobile Accessories-Selfie Lights	",,"LED light,PC light,Phone light,Selfie Light,Take photoes	","Medium Black=Black,Medium Pink=Pink,Medium White=White	",Plastic=Plastic	,Dimension	,Length:4.56:in;Width:3.46:in;Height:2.2:in	,,Silkscreen=Silkscreen	,"Custom Colors,PMS Colors,Standard Colors	",,7	,Y	,5:	,,,,,,50,100,200,300,500,1000,2000,,,,19.860,19.250,18.350,17.750,17.060,16.320,15.520,,,,R	,R	,R	,R	,R	,R	,R	,,,,,one color one location imprint and shipping cost	,,1	,USD	,,List	,07/22/2026	,Active	,,N	,04/25/2024	,
9438010-555305683	,Custom Shape Erasers	,FCS0105	,,The shape can be customized 2D or 3D. Make your business more recognizable with this great eraser!  This is a great item for students to have in their pencil bags in case the erasers on their writing instruments get low and they need another way of making corrections. Add your company name or logo for maximum visibility. What a great way to get more people on board with your brand! Over 10000 pcs is by SEA.	,"The shape can be customized, we help you design, welcome to consult.	","https://media.asicdn.com/images/orig/321850000/321859250.jpg,https://media.asicdn.com/images/orig/321850000/321859251.jpg,https://media.asicdn.com/images/orig/321850000/321859252.jpg,https://media.asicdn.com/images/orig/321850000/321859254.jpg	",ERASERS	,,"3D Erasers,Children,Custom 3D Erasers,Erasers,Study	","Medium Black=Black,Medium Blue=Blue,Medium Red=Red,Medium Green=Green,Medium Orange=Orange,Medium Yellow=Yellow,Medium White=White,Other=Custom	",PVC=Pvc	,Dimension	,Length:1.57:in;Width:1.57:in	,,Silkscreen=Silkscreen	,"Custom Colors,PMS Colors,Standard Colors	",,7	,Y	,5:	,,,,,,1000,2000,3000,5000,8000,10000,20000,,,,1.865,1.125,1.015,0.948,0.873,0.556,0.506,,,,R	,R	,R	,R	,R	,R	,R	,,,,,1 color 1 location imprint and shipping cost	,,1	,USD	,,List	,07/22/2026	,Active	,,N	,04/25/2024	,
9438010-555305681	,Metallic Stylus Pen	,FCS0054	,,"Here's something cool to ""throw"" into the promotional mix at your next event! Offered in several vibrant metallic colors, the stylus features brushed silver trim with ergonomic styling and a stylus tip makes this a highly desirable promotional pen at any event. The ballpoint pen contains a guaranteed ultra-smooth writing cartridge with your choice of blue or black ink (default blue ink).	",Stylus Pen	,"https://media.asicdn.com/images/orig/319230000/319233257.jpg,https://media.asicdn.com/images/orig/319230000/319233259.jpg,https://media.asicdn.com/images/orig/319230000/319233261.jpg,https://media.asicdn.com/images/orig/319230000/319233262.jpg	","PALMS/PDA ACCESSORIES,Pens-Ballpoint-Stylus	",,"Ballpoint Ball,Blue Pen,Javalina Pen,Metallic Stylus Pen,pen,Stylus Pen	","Medium Black=Black,Medium Orange=Burnt Orange,Medium Blue=[Indigo Blue,],Medium Red=Garnet Red,Medium Green=Emerald Green	",Plastic=Plastic	,Dimension	,Length:0.36:in;Width:5.7:in	,,Silkscreen=Silkscreen	,"Custom Colors,PMS Colors,Standard Colors	",,7-9	,Y	,5-7:	,,,,,,100,300,500,1000,3000,5000,8000,,,,0.956,0.889,0.816,0.769,0.739,0.708,0.652,,,,R	,R	,R	,R	,R	,R	,R	,,,,,one color one location imprint and shipping cost	,,1	,USD	,,List	,07/22/2026	,Active	,,N	,04/25/2024	,
9438010-555289982	,Mop Head Screen Cleaner Stylus Pens	,FCS0104	,,"The Mop Head Pen is made from high-quality ABS material, it writes smoothly without skipping or blotching. The comfortable grip and precision tip are perfect for writing and touchscreen use. Plus, the fuzzy head easily removes dust and fingerprints from screens. Ideal for school, office, or gift giving, the Pop Pen is a practical and stylish addition to any writing arsenal. Grab yours today and make a statement with every stroke! 10000pcs shipping by sea.	",The Mop Head Pen is a sleek and functional writing tool that doubles as a screen cleaner and stylus.	,"https://media.asicdn.com/images/orig/321070000/321078031.jpg,https://media.asicdn.com/images/orig/321070000/321078033.jpg,https://media.asicdn.com/images/orig/321070000/321078036.jpg	",PEN & PENCIL ACCESSORIES	,,"Ballpoint Pen,Doll Heads,Funny Ballpoint Pens,Funny Pens,Hair Top Mopper,Handsome Tie Ballpoint,Head Shaped Stylus,Kids Funny Pens,Mop Head Pen,Pen Stylus,Plunger Pen,Stylus Pen,Unique Pens,Writing Pens	","Medium Black=Black,Medium Red=Red,Medium White=White,Medium Yellow=Yellow,Medium Blue=Blue,Medium Pink=Pink,Medium Orange=Orange,Medium Green=Green,Medium Purple=Purple	",Plastic=Plastic	,Dimension	,Length:6.6:in;Width:0.43:in	,,Silkscreen=Silkscreen	,"Custom Colors,PMS Colors,Standard Colors	",,7	,Y	,5:	,,,,,,100,200,300,500,1000,3000,5000,10000,,,2.055,1.509,1.235,1.147,1.065,0.937,0.829,0.619,,,R	,R	,R	,R	,R	,R	,R	,R	,,,,1 color 1 location imprint and shipping cost	,,1	,USD	,,List	,07/22/2026	,Active	,,N	,04/17/2024	,
9438010-555289111	,Flashing Fan With LED Message	,FCS0103	,,"These LED fans are great for keeping your customers cool at any hot event and can also be used at indoor events once the lights are dimmed. The soft blade has five micro super-bright LEDs that create constantly changing, dazzling patterns when in motion. A break-away lanyard for the wrist and three AAA batteries are included. Your clients will be mesmerized with this amazing customized marketing tool! Blank or imprinted.	",Put a different spin on your promotional package with the light-up promotional mini fans with handles!	,"https://media.asicdn.com/images/orig/321020000/321029241.jpg,https://media.asicdn.com/images/orig/321020000/321029243.jpg,https://media.asicdn.com/images/orig/321020000/321029244.jpg,https://media.asicdn.com/images/orig/321020000/321029245.jpg	",Fans-USB	,,"Fan with Phone Holder,Handle Fan,Mini Fan,Muntilfuction Fan,Rechargeable Fan,Summer Fan	","Medium Black=Black,Medium White=White,Medium Red=Red,Medium Yellow=Yellow,Medium Blue=Blue,Medium Orange=Orange,Medium Pink=Pink	",Plastic=Plastic	,Dimension	,Length:1.4:in;Width:2.2:in;Height:4.3:in	,,Silkscreen=Silkscreen	,Up to Full colors	,,7	,Y	,5:	,,,,,,100,200,300,500,1000,2000,3000,,,,3.976,3.886,3.776,3.178,3.065,2.958,2.865,,,,R	,R	,R	,R	,R	,R	,R	,,,,,1 color 1 location imprint and shipping cost	,,1	,USD	,,List	,07/22/2026	,Active	,,N	,04/16/2024	,
9438010-555289105	,"Customized Bobblehead Dolls 6""	",FCS0102	,,"Everyone loves to collect and display these endearing characters, and now you can custom-create your own! The possibilities are endless! You provide the images and details, and we provide the bobble head! The price on our website is base on 6""H. The size can be customized and the price will vary for other sizes.Over 2000 pcs pricing is by SEA	","This is a personalized resin craft, you can customize your own desired graphics and colors.	","https://media.asicdn.com/images/orig/321020000/321028587.jpg,https://media.asicdn.com/images/orig/321020000/321028589.jpg,https://media.asicdn.com/images/orig/321020000/321028593.jpg,https://media.asicdn.com/images/orig/321020000/321028599.jpg	","STUFFED ANIMALS & TOYS,Toys-Executive Type	",,"Bobblehead,Custom Statue,Dolls,Resin Dolls,Sports Players,Statue	",Other=Custom	,Resin=Resin	,Dimension	,Height:6:in	,,Silkscreen=Silkscreen	,"Custom Colors,PMS Colors,Standard Colors	",,35	,Y	,25:	,,,,,,500,800,1000,2000,3000,5000,8000,,,,13.182,12.865,12.722,8.065,7.953,7.805,7.625,,,,R	,R	,R	,R	,R	,R	,R	,,,,,1 color 1 location imprint and shipping cost	,,1	,USD	,,List	,07/22/2026	,Active	,,N	,04/16/2024	,
9438010-555289099	,Business Thermos &Notebook Gift Set	,FCS0101	,,"This business Thermos&Notebook gift set can be applied for writing journals, personal diary, or for work in college classes or meetings, writing memos, suitable for most people and occasions. The notebook is delicate texture, soft and comfortable feel.The luxury pen has quality ink, no ink leakage, it look elegant and sophisticated.Our Thermos Cup can easy to understand the internal temperature of the liquid by touching the LED screen. It is not necessary to pass the mouth to check the temperature and avoid burns. Fashion gift boxes and gift bags are matched to suit the tastes of modern urban men. More suitable for customers, relatives and friends.Over 500 pcs price is by SEA shipping	","The set includes a 17oz digital thermos cup,leather book,signature pen,gift box,gift bag,and the price includes the logo on the th	","https://media.asicdn.com/images/orig/321020000/321027920.jpg,https://media.asicdn.com/images/orig/321020000/321027921.jpg,https://media.asicdn.com/images/orig/321020000/321027923.jpg	","GIFT SETS,Mugs & Steins-Metal	",,"Business Gift Set,Metal Pen,Notebook,Thermos Bottle	","Medium Black=Black,Medium Green=Green,Medium Red=Red	","Paper=Paper,Metal=Metal	",Dimension	,Length:11.6:in;Width:11.6:in	,,"Hot Stamped=Hot Stamped,Laser Engraved=Laser Engraved	","Custom Colors,PMS Colors,Standard Colors	",,7	,Y	,5:	,,,,,,25,50,100,300,500,1000,3000,,,,47.250,45.180,40.360,38.560,28.470,27.580,26.860,,,,R	,R	,R	,R	,R	,R	,R	,,,,,1 color 1 location imprint and shipping cost	,,1	,USD	,,List	,07/22/2026	,Active	,,N	,04/16/2024	,
9438010-555289089	,Journal&Stylus Pen Gift Set	,FCS0100	,,"Stylus pen and journal gift set is included a small personal journal with a durable cover, ribbon bookmark and strap closure and a stylus pen to use with your cellphone, tablet or other device. Includes a handsome gift and display box. Available in assorted colors. Add your school, sports team, organizational or company logo or message to customize.	",Stylus pen and journal gift set is very good business gift.	,"https://media.asicdn.com/images/orig/321020000/321027191.jpg,https://media.asicdn.com/images/orig/321020000/321027193.jpg,https://media.asicdn.com/images/orig/321020000/321027194.jpg,https://media.asicdn.com/images/orig/321020000/321027195.jpg	","GIFT SETS,JOURNALS & DIARIES	",,"Business Gift Set,Gift Set,Jorneys,Notebook,Stylus Pen	","Medium Black=Black,Medium Blue=Blue,Medium Red=Red,Medium Green=Green,Medium Brown=Brown,Medium Orange=Orange,Medium Pink=Pink	","Paper=Paper,Metal=Metal	",Dimension	,Length:9:in;Width:6.3:in	,,"Hot Stamped=Hot Stamped,Laser Engraved=Laser Engraved	","Custom Colors,PMS Colors,Standard Colors	",,7	,Y	,5:	,,,,,,100,200,300,500,1000,2000,3000,,,,16.870,16.650,16.360,15.720,14.530,13.920,13.300,,,,R	,R	,R	,R	,R	,R	,R	,,,,,1 color 1 location imprint and shipping cost	,,1	,USD	,,List	,07/22/2026	,Active	,,N	,04/16/2024	,
FCS0006	,"1"" Safety Breakaway Polyester Lanyards	",FCS0006	,,"Make sure your logo hangs around for a while with this great lanyard! Made of polyester, each lanyard measures 36"" x 1"" and comes in an assortment of great colors. It features a breakaway safety release and has ample room to add an imprinted brand name, logo or message. This item is appropriate for trade shows, office buildings, hospitals, schools, sports teams and more. People will think of you with every wear!	","Breakaway lanyards provide an added safety feature, disconnecting under pressure to eliminate choking risks	","https://media.asicdn.com/images/orig/319250000/319254581.jpg,https://media.asicdn.com/images/orig/319250000/319254580.jpg,https://media.asicdn.com/images/orig/319250000/319254582.jpg,https://media.asicdn.com/images/orig/319250000/319254583.jpg	",LANYARDS	,,"Badge Holder,Business,Conference,Custom Polyester Lanyards,Custom Sublimation Lanyards,Dye Sublimated Lanyards,Flat Lanyard,Flat Polyester Lanyard,Full-color sublimation lanyard,ID Card Lanyards,Key Chain Holder,Key Lanyard,Kids,Lanyard Badge Holder,Lanyards,Neck Lanyard,Neck Strap,Offices,Polyester Value Lanyards,Safety Breakway,Teachers,Trade Show,Woven Lanyards,Wristlet Lanyard	","Medium Black=Black,Medium Blue=Blue,Medium White=White,Medium Red=Red,Medium Purple=Purple,Medium Green=Green,Medium Yellow=Yellow,Medium Orange=Orange,Medium Pink=Pink,Other=Fuschia,Other=Custom	",Polyester=Polyester	,Dimension	,Length:1:in;Width:36:in	,,Silkscreen=Silkscreen	,Up to full color	,,5-7	,Y	,3-5:	,,,,,,100,200,500,800,1000,5000,10000,,,,1.623,1.482,1.379,1.251,1.112,0.892,0.687,,,,R	,R	,R	,R	,R	,R	,R	,,,,,one color one location imprint and shipping cost	,,1	,USD	,,List	,07/22/2026	,Active	,,N	,04/02/2024	,
FCS0052	,Magnet Power Clip	,FCS0052	,,"Get a hold of new customers when you make this magnet clip your next giveaway! It keeps your papers, cards, and coupons organized and features a strong magnet for great holding power. Attach it to a refrigerator or a file cabinet to keep your pictures and memos in sight. It has a spring-loaded hinge and its rubber textured handle offers a solid grip. This works great as a snack bag clip as well. Surprise clients with this amazing gift!	",Magnet power clip.	,"https://media.asicdn.com/images/orig/319300000/319305205.jpg,https://media.asicdn.com/images/orig/319300000/319305206.jpg,https://media.asicdn.com/images/orig/319300000/319305207.jpg	",Clips-Utility-Magnetic	,,"Attached Magnet Clip,Card Clip,Clip,Magnet Clip,Paper Clip,Power Clip,Stronge Magnet Clip	","Medium Black=Black,Medium White=White,Medium Red=Red,Medium Green=Green,Other=Custom Color	",Polypropylene=Polypropylene	,Dimension	,Length:3 1/4:in;Width:1 1/4:in;Height:1 5/8:in	,,Silkscreen=Silkscreen	,Up to Full colors	,,5-7	,Y	,3-5:	,,,,,,250,500,1000,2500,5000,8000,10000,,,,1.286,1.195,1.069,0.995,0.912,0.856,0.789,,,,R	,R	,R	,R	,R	,R	,R	,,,,,1 color 1 location imprint and shipping cost	,,1	,USD	,,List	,07/22/2026	,Active	,,N	,04/02/2024	,
FCS0044	,16 Oz Double Wall Disposable Coffeee Cups with Lids	,FCS0044	,,"The double wall design offers full coverage insulation, keeping your hands cool and your coffee hot without the need for sleeves. These convenient eco coffee cups are 100% recyclable, saving you time while helping the environment. Suitable for office using,coffee bar, dessert shop etc. We have 3 size. 8oz, 12oz, and 16oz, this price is for 16oz.	",The double wall design keep your hands cool and your coffee hot without the need for sleeves	,"https://media.asicdn.com/images/orig/319250000/319256113.jpg,https://media.asicdn.com/images/orig/319250000/319256115.jpg,https://media.asicdn.com/images/orig/319250000/319256112.jpg,https://media.asicdn.com/images/orig/319250000/319256111.jpg	",Cups-Paper	,,"Coffee Cup,Coffee with Lids,Disposable Coffe Cup,Double Wall Cup,Paper Cup	","Medium Brown=Brown,Medium White=White,Medium Black=Black,Other=Custom	",Paper=Paper	,Volume/Weight	,16:oz	,,Silkscreen=Silkscreen	,Up to Full colors	,,5-7	,Y	,3-5:	,,,,,,3000,5000,8000,10000,20000,30000,40000,,,,0.928,0.902,0.877,0.475,0.459,0.428,0.385,,,,R	,R	,R	,R	,R	,R	,R	,,,,,one color one location imprint and shipping cost	,,1	,USD	,,List	,07/22/2026	,Active	,,N	,04/02/2024	,
FCS0037	,PU Leather Luggage Tag	,FCS0037	,,"This is made of PU Leather. The leather strap with silver-tone buckle secures the back panel to conceal your personal information.These tags can be attached to the handle of suitcase/bag for extra security.Small and light weight, easy for carry and use. Sealed and secure pack, durable and long lasting. Avaiable in many colors and custom logo is welcome.	",The leather strap with silver-tone buckle secures the back panel to conceal your personal information.	,"https://media.asicdn.com/images/orig/319250000/319255801.jpg,https://media.asicdn.com/images/orig/319250000/319255802.jpg,https://media.asicdn.com/images/orig/319250000/319255804.jpg,https://media.asicdn.com/images/orig/319250000/319255803.jpg,https://media.asicdn.com/images/orig/319250000/319255805.jpg	",LUGGAGE TAGS	,,"Business Trip,Colorful Luggage Tag,Leather Tag,Luggage Tag,PU Tag,Trade Show,Travel	","Medium Black=Black,Medium Blue=Blue,Medium Green=Green,Medium Pink=Pink,Medium Orange=Orange,Medium White=White,Medium Yellow=Yellow,Assorted=Assorted	",Leather=Pu Leather	,Dimension	,Length:4.5:in;Width:2.7:in	,,Silkscreen=Silkscreen	,Up to Full colors	,,7-9	,Y	,5-7:	,,,,,,100,200,300,500,1000,3000,5000,,,,1.762,1.642,1.565,1.563,1.386,1.298,1.186,,,,R	,R	,R	,R	,R	,R	,R	,,,,,one color one location imprint and shipping cost	,,1	,USD	,,List	,07/22/2026	,Active	,,N	,04/02/2024	,
FCS0031	,Microfiber Golf Towel W/Hook	,FCS0031	,,"Create a swinging golf-themed gift from a pro shop or corporate event with these golf towels. The 11 13/16* 11 13/16"" golf towel made of soft and supple 300GSM polyester microfiber material. It has an absorbent construction with a metal grommet and clip to easily attach to your golf bag or other playing gear. Quickly clean up your hands, clubs or tees. Choose from several great shades and add your school, sports team, organizational or company logo or message to customize. Over 500 pcs is by OCEAN.	",This item is 300GSM Microfiber Golf Towel with Metal Grommet and Clip.	,"https://media.asicdn.com/images/orig/324520000/324526565.jpg,https://media.asicdn.com/images/orig/324520000/324526562.jpg,https://media.asicdn.com/images/orig/324520000/324526564.jpg,https://media.asicdn.com/images/orig/324520000/324526567.jpg	","MICROFIBER CLOTHS,Towels-Sports	",,"Golf Towel,Holidays,Microfiber,Sports,Towel,Towel Hook	","Medium Red=Red,Medium Black=Black,Dark Blue=Royal Blue,Medium White=White,Medium Green=Lime Green,Dark Blue=Navy Blue,Medium Pink=Pink,Medium Gray=Gray,Medium Purple=Purple,Dark Brown=Dark Brown	",Other=300Gsm Microfiber	,Dimension	,Length:11 13/16:in;Width:11 13/16:in	,,"Silkscreen=Silkscreen,Silkscreen=Heat Transfer,Silkscreen=Embroidered	",Custom Colors	,,7-9	,Y	,5-7:	,,,,,,100,200,300,500,1000,3000,5000,10000,,,1.408,1.256,1.098,0.887,0.792,0.668,0.605,0.587,,,R	,R	,R	,R	,R	,R	,R	,R	,,,,,,1	,USD	,,List	,07/22/2026	,Active	,,N	,04/02/2024	,
FCS0027	,Beverage Napkins	,FCS0027	,,"Place your logo on these customizable napkins to gain some attention at banquets, ceremonies, parties and more. These 2-ply white luncheon napkins are environmentally friendly, biodegradable, and made from renewable resources and 20% recycled fibers. Add a brand name, logo or message using several imprint colors available!	","Place your logo on these customizable napkins to gain some attention at banquets, ceremonies, parties and more.	","https://media.asicdn.com/images/orig/319250000/319255210.jpg,https://media.asicdn.com/images/orig/319250000/319255214.jpg,https://media.asicdn.com/images/orig/319250000/319255212.jpg,https://media.asicdn.com/images/orig/319250000/319255211.jpg	",Napkins-Beverage	,,"2-ply Napkins,Beverage Napkins,Luncheon Napkins,Napkins,Paper	","Medium White=White,Other=Natural	",Paper=Paper	,Dimension	,Length:9.06:in;Width:9.06:in	,,Silkscreen=Silkscreen	,Up to 2 colors	,,5-7	,Y	,3-5:	,,,,,,5000,10000,20000,30000,50000,80000,100000,,,,0.118,0.112,0.109,0.105,0.098,0.093,0.085,,,,R	,R	,R	,R	,R	,R	,R	,,,,,one color one location imprint and shipping cost	,,1	,USD	,,List	,07/22/2026	,Active	,,N	,04/02/2024	,
FCS0026	,12 oz Paper Coffee Cup with Lid and Sleeve	,FCS0026	,,"Pour a generous drink with an extra dollop of logo exposure! This efficient and effective cup features a 12 oz. capacity and is ideal for both hot and cold beverages. Each paper cup has a poly coated interior and is made from renewable resources. It is also included Lid and Sleeves. They can be screen printed using an unlimited number of imprint colors, or purchased blank. Multi-color imprints are available on 1 side only. There is no extra charge for 2 sided or wrap imprint. Also 14 oz, 16 oz available	",This efficient and effective cup features a 12 oz. capacity and is ideal for both hot and cold beverages.	,"https://media.asicdn.com/images/orig/319250000/319255195.jpg,https://media.asicdn.com/images/orig/319250000/319255197.jpg,https://media.asicdn.com/images/orig/319250000/319255194.jpg,https://media.asicdn.com/images/orig/319250000/319255193.jpg	",Cups-Paper	,,"12 oz Coffee Cup,Coffe Cup,Coffee Cup Sleeve,Disposable Coffee Cup,Paper Coffee Cup	","Medium White=White,Other=Natural,Other=Custom	",Paper=Paper	,Volume/Weight	,12:oz	,,Silkscreen=Silkscreen	,Up to Full colors	,,5-7	,Y	,3-5:	,,,,,,5000,10000,20000,30000,50000,80000,100000,,,,0.995,0.867,0.792,0.686,0.582,0.475,0.396,,,,R	,R	,R	,R	,R	,R	,R	,,,,,one color one location imprint and shipping cost	,,1	,USD	,,List	,07/22/2026	,Active	,,N	,04/02/2024	,
FCS0025	,"6.9"" Flat Round Head Plastic Stirrer	",FCS0025	,,"Mix things up at your next cocktail reception or gala event with these muddlers and stir sticks. These 6.9"" plastic stirrers have a 1"" round head that are perfect for visibility and stirring up ingredients and each has a ball end design. Choose from a wide range of colors, and add your organizational or company logo, emblem or message to create a bold branded item. This popular stir stick is a favorite for advertising your business or event, venues, restaurants, casinos, bars, cafes, coffee shops, banquet halls, and hotels.	",Mix things up at your next cocktail reception or gala event with these muddlers and stir sticks.	,"https://media.asicdn.com/images/orig/319250000/319255115.jpg,https://media.asicdn.com/images/orig/319250000/319255114.jpg,https://media.asicdn.com/images/orig/319250000/319255117.jpg,https://media.asicdn.com/images/orig/319250000/319255116.jpg	",BAR ACCESSORIES	,STIRRERS & STICKS-DRINK	,"Cocktail Stirrer,Muddler Stir Stick,Plastic Stirrer,Round Head Plastic Stirrer,Stirrer	","Medium Red=Red,Medium Yellow=Yellow,Medium Blue=Blue,Medium Green=Green,Medium White=White,Medium Gray=Gray,Medium Black=Black,Medium Brown=Brown,Medium Pink=Pink,Medium Orange=Orange,Medium Purple=Purple	",Plastic=Plastic	,Dimension	,Length:6.9:in	,,Silkscreen=Silkscreen	,Up to Full colors	,,5-7	,Y	,3-5:	,,,,,,5000,10000,20000,30000,50000,80000,100000,,,,0.346,0.215,0.189,0.175,0.162,0.147,0.138,,,,R	,R	,R	,R	,R	,R	,R	,,,,,1 color 1 location imprint and shipping cost	,,1	,USD	,,List	,07/22/2026	,Active	,,N	,04/02/2024	,
FCS0023	,Custom Fuzzy Socks	,FCS0023	,,"Reach new audiences with these fuzzy socks as your next gift! When people put these on, they'll know they went to the right place. Many will love the design and will appreciate feeling great comfort on their feet when using these. Offer these alongside loungewear or footwear to get plenty of eyes on them. They're perfect for handing out at the next tradeshow or conference. Add your company name or logo for maximum visibility. Promote your business with an amazing item like this!	",This fuzzy socks can give your warmth in the winter.	,"https://media.asicdn.com/images/orig/319250000/319255064.jpg,https://media.asicdn.com/images/orig/319250000/319255063.jpg,https://media.asicdn.com/images/orig/319250000/319255069.jpg,https://media.asicdn.com/images/orig/319250000/319255065.jpg,https://media.asicdn.com/images/orig/319310000/319314906.jpg	",SOCKS	,,"Fleece Sock,Fuzzy Sock,Shoes,Sock,Warm,Wearing,Winter	","Medium Black=Black,Dark Blue=Navy,Medium Blue=Denim Blue,Other=Grey,Medium Pink=Pink,Medium Green=Green,Medium Purple=Purple,Medium Blue=Lt Blue,Other=Custom	",Nylon=Nylon	,Dimension	,Length:9.45:in;Width:7.08:in	,,Silkscreen=Silkscreen	,Up to full color	,,7-9	,Y	,5-7:	,,,,,,200,300,500,800,1000,3000,5000,,,,4.882,4.515,4.237,3.967,3.641,3.228,2.979,,,,R	,R	,R	,R	,R	,R	,R	,,,,,one color one location imprint and shipping cost	,,1	,USD	,,List	,07/22/2026	,Active	,,N	,04/02/2024	,
FCS0018	,Multi Color Sports Compression Socks	,FCS0018	,,"Our socks are colorful and fun to wear!At all time,our socks are carefully designed and the pattern design is very distinctive. The toe and heel portion are reinforced for added support and comfort.Very durable with a fashionable look and variety colors available.Our socks are universally suitable for all work profiles including casual,sporting and adventurous endeavors.There are 2 sizes, S/M and L/XL,please send us quotation if u need different size.	","This Compress sports sock is good for sport, and easy and good quality to wear.	","https://media.asicdn.com/images/orig/319250000/319254866.jpg,https://media.asicdn.com/images/orig/319250000/319254868.jpg,https://media.asicdn.com/images/orig/319250000/319254867.jpg,https://media.asicdn.com/images/orig/319250000/319254865.jpg	",SOCKS	,,"Cloth,Compression Socks,Fashion,Football,Knee Sock,Socks,Sports Sock,Wearing,Winter	","Multi Color=Multi Color,Other=Custom	",Nylon=Nylon	,Standard & Numbered	,"S/M,L/XL	",,Silkscreen=Silkscreen	,Up to full color	,,7-9	,Y	,5-7:	,,,,,,200,300,500,800,1000,3000,5000,,,,4.882,4.515,4.237,3.967,3.641,3.228,2.979,,,,R	,R	,R	,R	,R	,R	,R	,,,,,one color one location imprint and shipping cost	,,1	,USD	,,List	,07/22/2026	,Active	,,N	,04/02/2024	,
FCS0048	,Captain Folding Chair with Carry Bag	,FCS0048	,,"Make your next promotion a winner when you include this folding captain's chair! It's made of a steel frame that holds up to 300 lbs. and includes armrests with 2 mesh cup holders to keep your favorite beverage handy. It's perfect for outdoor events, camping or just lounging in your backyard. This comes with a carry bag that features a shoulder strap for easy transport and storage. Get customers to see the value in your brand!	",Folding chair with carrying bag.	,"https://media.asicdn.com/images/orig/319300000/319304875.jpg,https://media.asicdn.com/images/orig/319300000/319304878.jpg,https://media.asicdn.com/images/orig/319300000/319304874.jpg,https://media.asicdn.com/images/orig/319300000/319304877.jpg,https://media.asicdn.com/images/orig/319300000/319304876.jpg	",Furniture-Chairs-General	,,"Camp Chair,Chair,Chair with Carry Bag,Folding Chair,Folding Outdoor Chair,Outdoor Chair	","Medium Black=Black,Dark Blue=Navy,Medium Green=Green,Medium Red=Red,Medium Blue=Blue	",Polyester=Polyester-Stainless Steel	,Dimension	,Length:19.7:in;Width:19.7:in;Height:31.5:in	,,Silkscreen=Silkscreen	,Up to Full colors	,,9-12	,Y	,7-9:	,,,,,,24,50,100,200,300,500,800,,,,26.389,25.789,24.678,22.543,21.679,20.768,19.586,,,,R	,R	,R	,R	,R	,R	,R	,,,,,1 color 1 location imprint and shipping cost	,,1	,USD	,,List	,07/22/2026	,Active	,,N	,04/02/2024	,
FCS0047	,Iridescent Mirrored Malibu Sunglasses	,FCS0047	,,Have a successful campaign when you give these Malibu sunglasses a try! Made Of Polycarbonate Material. Iridescent Mirrored Lenses. UV400 Lenses Provide 100% UVA And UVB Protection.This is the perfect way to introduce your brand to new customers. Make sure to pad print or silkscreen your company name so that they remember where to turn for great style!	,Mirrored indescent sunglasses.	,"https://media.asicdn.com/images/orig/319300000/319304845.jpg,https://media.asicdn.com/images/orig/319300000/319304848.jpg,https://media.asicdn.com/images/orig/319300000/319304846.jpg,https://media.asicdn.com/images/orig/319300000/319304844.jpg,https://media.asicdn.com/images/orig/319300000/319304849.jpg	",SUNGLASSES	,,"Iridescent Mirrored Sunglasses,Malibu Sunglasses,Summer Sunglasses,Sunglasses,UVA Protection Sunglasses	","Medium Black:Combo:Medium Red:secondary=Black-Red,Medium Black:Combo:Medium Black:secondary=Black-Black,Medium Black:Combo:Medium Blue:secondary=Black-Blue,Medium Black:Combo:Dark Yellow:secondary=Black-Gold,Medium Black:Combo:Medium Green:secondary=Black-Green,Medium Black:Combo:Medium Purple:secondary=Black-Purple,Medium Black:Combo:Medium Gray:secondary=Black-Gray	",Polycarbonate (PC)=Polycarbonate	,Dimension	,Length:5.55:in;Width:5.47:in;Height:2:in	,,Silkscreen=Silkscreen	,Up to Full colors	,,5-7	,Y	,3-5:	,,,,,,100,300,500,800,1000,2000,3000,,,,3.765,3.266,2.895,2.679,2.488,2.123,1.956,,,,R	,R	,R	,R	,R	,R	,R	,,,,,one color one location imprint and shipping cost	,,1	,USD	,,List	,07/22/2026	,Active	,,N	,04/02/2024	,
FCS0045	,Embossed Printed Silicone Wristbands Bracelets	,FCS0045	,,"These custom embossed silicone wristbands are a popular handout that can be created in a 24 hour turnaround time. Featuring raised letters, they are an extremely popular and cost efficient handout that recipients will love. Use them to make a great impression at fundraisers, charity events, concerts, tradeshows and more!	","Featuring raised letters on wristbands, they are an extremely popular.	","https://media.asicdn.com/images/orig/319250000/319256191.jpg,https://media.asicdn.com/images/orig/319250000/319256190.jpg,https://media.asicdn.com/images/orig/319250000/319256192.jpg,https://media.asicdn.com/images/orig/319250000/319256196.jpg,https://media.asicdn.com/images/orig/319250000/319256195.jpg	",Wristbands-General	,,"Awards,Awareness,Branding Efforts,Celebrations,Church Groups,Comfortable,Custom,Customizable Bands,Debossed,Durable,Events,Everyday Wear,Fundraisers,Graduations,Long-Lasting,Marketing,Men & Women,Parties,Personalized,Promotions,Resistant,Rubber Bracelets,Schools,Silicone Wristbands,Sports Teams,Tradeshows,Waterproof,Weddings	","Medium Black=Black,Medium Blue=Blue,Medium Green=Green,Medium Orange=Orange,Medium Pink=Pink,Medium Purple=Purple,Medium Red=Red,Medium White=White,Medium Yellow=Yellow,Other=Custom	",Silicone=Silicone	,Dimension	,Length:7.95:in;Width:0.47:in;Thickness:0.08:in	,,"Embossed=Embossed,Printed=Printed	",Up to Full colors	,Y	,3-5	,Y	,2-3:	,,,,,,100,200,300,500,1000,5000,20000,,,,1.350,0.780,0.550,0.420,0.360,0.230,0.180,,,,R	,R	,R	,R	,R	,R	,R	,,,,,1 color 1 side imprint and shipping cost	,,1	,USD	,,List	,07/22/2026	,Active	,,N	,04/02/2024	,
FCS0035	,22Oz Sports Stainless Steel Bottle	,FCS0035	,,"Get a hold of more customers when you offer this 22 oz.stainless steel bottle! With this, you can pour in hot coffee or cold water and keep it at a good temperature for a long period of time. Whether you're on the commute to work or working out at the gym, this will keep the delicious sips coming. Add your company name or logo for maximum visibility. Surprise everyone with something new and unique!	",Get a hold of more customers when you offer this 22 oz.stainless steel bottle!	,"https://media.asicdn.com/images/orig/319250000/319255700.jpg,https://media.asicdn.com/images/orig/319250000/319255698.jpg,https://media.asicdn.com/images/orig/319250000/319255699.jpg,https://media.asicdn.com/images/orig/319250000/319255703.jpg,https://media.asicdn.com/images/orig/319250000/319255705.jpg,https://media.asicdn.com/images/orig/319250000/319255704.jpg	","Bottles-Insulated,Bottles-Sport Type	",,"Bottle,Health Bottle,Outdoor Bottle,Sport SS Bottle,Stainless Steel Bottle,Tumbler	","Medium Black=Black,Medium White=White,Medium Purple=Purple,Medium Green=Green,Multi Color=Multi Color	",Stainless Steel=Stainless Steel	,Volume/Weight	,22:oz	,,"Silkscreen=Silkscreen,Laser Engraved=Laser Engraved	",Up to Full colors	,,7-9	,Y	,5-7:	,,,,,,100,200,300,500,800,1000,3000,,,,21.355,20.887,19.865,18.987,16.057,11.368,10.976,,,,R	,R	,R	,R	,R	,R	,R	,,,,,one color one location imprint and shipping cost	,,1	,USD	,,List	,07/22/2026	,Active	,,N	,04/02/2024	,
FCS0033	,Drawstring Backpack	,FCS0033	,,"Whether you're outfitting an athletic team with something that's perfect for any away game or you want to offer corporate employees something that's perfect for a trip to the gym and beyond, this Drawstring Backpack is here for you. This 14"" x 18"" pack is made using 210 denier polyester materials and is available in a wide variety of color options to suit your corporate aesthetic, team colors and more. Add an imprint of your team's mascot, corporate logo or other advertising message and get started with your promotional effort today!	",Polyester drawstring backpack.	,"https://media.asicdn.com/images/orig/330140000/330143016.jpg,https://media.asicdn.com/images/orig/330140000/330143015.jpg,https://media.asicdn.com/images/orig/319250000/319255600.jpg,https://media.asicdn.com/images/orig/319250000/319255599.jpg,https://media.asicdn.com/images/orig/319250000/319255598.jpg	",Backpacks-Drawstring	,,"Backpack,Bag,Camping,Drawingstring Backpack,Hiking,Sports Backpack	","Medium Black=Black,Medium Blue=Blue,Dark Red=Burgundy,Other=Camo 1,Other=Camo 2,Medium Green=Forest Green,Medium Green=Kelly Green,Medium Green=Lime Green,Dark Blue=Navy Blue,Medium Pink=Pink,Medium Purple=Purple,Medium Red=Red,Medium White=White,Medium Yellow=Yellow	",Polyester=Polyester	,Dimension	,Length:14:in;Width:18:in	,,Silkscreen=Silkscreen	,Up to Full colors	,,5-7	,Y	,3-5:	,,,,,,100,200,300,500,1000,2000,5000,10000,,,3.220,3.080,2.870,2.710,2.250,2.030,1.660,1.050,,,R	,R	,R	,R	,R	,R	,R	,R	,,,,,,1	,USD	,,List	,07/22/2026	,Active	,,N	,04/02/2024	,
FCS0028	,Five-point Star Shaped PU Foam Stress Relievers	,FCS0028	,,"Five-point Star Shaped Polyurethane Stress Relievers, are ideal for community theatres, educational institutions, charity fundraisers and banks. It is available in different eye-catching colors too so Five-point Star Shaped Polyurethane Stress Relievers is sure to enhance your brand's visibility.	",Five-point Star Shaped Polyurethane Stress Relievers	,"https://media.asicdn.com/images/orig/319250000/319255279.jpg,https://media.asicdn.com/images/orig/319250000/319255278.jpg,https://media.asicdn.com/images/orig/319250000/319255282.jpg,https://media.asicdn.com/images/orig/319250000/319255280.jpg	",Stress Relievers-General	,,"Five point Star Reliever,Foam Stress Relievers,Star Shape PU Relievers,Stress Relievers,Toy	","Medium Red=Red,Medium Blue=Blue,Medium Purple=Purple,Silver Metal=Silver,Gold Metal=Gold,Medium Green=Green. Custom	",Foam=Foam	,Dimension	,Length:2.76:in;Width:2.76:in;Height:1.18:in	,,Silkscreen=Silkscreen	,Up to Full colors	,,5-7	,Y	,3-5:	,,,,,,500,1000,2000,3000,5000,8000,10000,,,,1.625,0.987,0.921,0.802,0.758,0.718,0.675,,,,R	,R	,R	,R	,R	,R	,R	,,,,,one color one location imprint and shipping cost	,,1	,USD	,,List	,07/22/2026	,Active	,,N	,04/02/2024	,
FCS0017	,6.5 inches Synthetic Leather Football	,FCS0017	,,"The Mini Synthetic Leather Football features white autograph panels for the whole team to take part in! Football features re-inflatable athletic valve. Hand out permanent markers with your logo for clear, long-lasting autographs. Mini footballs are great for camps, coach recognition, book stores and more!	","The min football can be designed all fully custom, and show you big logo to customer.	","https://media.asicdn.com/images/orig/360820000/360829929.jpg,https://media.asicdn.com/images/orig/360820000/360829924.png,https://media.asicdn.com/images/orig/360820000/360829930.jpg,https://media.asicdn.com/images/orig/360830000/360830081.png,https://media.asicdn.com/images/orig/360830000/360830133.jpg,https://media.asicdn.com/images/orig/360830000/360830209.png	","FOOTBALLS,Sports Equipment & Access.-Baseball/Softball	",,"Children Games,Football,Games,Leather Football,Outdoor,Sports,Sythetic Leather	","Medium Brown=Brown,Medium Black=Black,Medium Blue=Blue,Medium Green=Green,Medium White=White,Medium Yellow=Yellow,Other=Custom	",PVC=Pvc	,Dimension	,Length:6.5:in;Width:4:in	,,"Silkscreen=Silkscreen,Heat Transfer=Heat Transfer	",Up to full color	,Y	,8-10	,Y	,6-8:	,,,,,,100,300,500,800,1000,3000,5000,,,,9.315,7.941,7.198,6.922,6.712,6.438,6.387,,,,R	,R	,R	,R	,R	,R	,R	,,,,,one color one location imprint and shipping cost	,,1	,USD	,,List	,07/22/2026	,Active	,,N	,04/02/2024	,
FCS0015	,Silicone Storage Bag	,FCS0015	,,"Mini storage case commonly works for any small things, like key, coin, SB flash disk, earbuds, Bluetooth, earrings and other small accessories to make them tidy and efficiently organized.Made from 100% food-grade silicone, complying with safety standards, eco-friendly and non-toxic and tasteless.He is very suitable for hanging on a school bag. Or used to decorate the study, as a doll in the office, a holiday gift for children.	",Silicone bag is waterproof and easily storage for small item when you go out	,"https://media.asicdn.com/images/orig/319250000/319254818.jpg,https://media.asicdn.com/images/orig/319250000/319254819.jpg,https://media.asicdn.com/images/orig/319250000/319254824.jpg,https://media.asicdn.com/images/orig/319250000/319254823.jpg,https://media.asicdn.com/images/orig/319250000/319254817.jpg	",Bags-General	,,"Bag,Decorated,Electronics Product,Key,Mini Case,Silicone Bag,Storage Case	","Medium Black=Black,Medium Blue=Blue,Medium Green=Green,Medium Orange=Orange,Medium Pink=Pink,Medium Yellow=Yellow	",Polyester=Polyester	,Dimension	,Length:3.3:in;Width:1.6:in;Height:4.8:in	,,Silkscreen=Silkscreen	,Up to full color	,,7-9	,Y	,5-7:	,,,,,,100,200,300,500,800,1000,3000,,,,4.322,4.215,3.937,3.467,3.341,3.028,2.979,,,,R	,R	,R	,R	,R	,R	,R	,,,,,one color one location imprint and shipping cost	,,1	,USD	,,List	,07/22/2026	,Active	,,N	,04/02/2024	,
FCS0013	,Outdoor Aluminium Alloy Portable Folding Chair	,FCS0013	,,"This Portable Folding Chair is made of Aluminum Alloy and Oxford cloth, which is thick and comfortable, wear resistant and tear resistant, strong bearing capacity, not easy to damage. It's light weight and mini size, only one phone size after folding for your convenient carrying and using. Free storage bag, easy to carry. The folding chairs outdoor for Backpackers, Tailgaters, Hikers, Concertgoers, Campers, Adventurers, and anyone looking for comfort without the bulk. Welcome to customize LOGO!	","It's light weight and mini size, only one phone size after folding for your convenient carrying and using.	","https://media.asicdn.com/images/orig/319250000/319254797.jpg,https://media.asicdn.com/images/orig/319250000/319254800.jpg,https://media.asicdn.com/images/orig/319250000/319254799.jpg,https://media.asicdn.com/images/orig/319250000/319254798.jpg,https://media.asicdn.com/images/orig/319250000/319254795.jpg,https://media.asicdn.com/images/orig/319250000/319254796.jpg	",FOLDING SEATS	,,"Activity,Aluminium Chair,Camping,Chair,Folded,Metal,Outdoor Tool,Sports	","Medium Blue=Blue,Gold Metal=Gold,Medium Gray=Gray,Medium Red=Red	",Oxford=Aluminum-Oxford	,Dimension	,Length:10:in;Width:8.66:in;Height:10.62:in	,,Silkscreen=Silkscreen	,Up to full color	,,7-9	,Y	,5-7:	,,,,,,50,100,200,300,500,1000,3000,,,,12.488,11.887,11.765,11.653,11.569,11.432,11.279,,,,R	,R	,R	,R	,R	,R	,R	,,,,,one color one location imprint and shipping cost	,,1	,USD	,,List	,07/22/2026	,Active	,,N	,04/02/2024	,
FCS0012	,Soft Microfiber Car Cleaning Towel	,FCS0012	,,"This Car Cleaning Towel is non-abrasive microfiber cloths, Scratch-free, lint-free and swirl-free. Prevent scratching surfaces, paints, coats or other surface, especially for sensitive paintwork and automotive surfaces. Used for a variety of cleaning jobs: cleaning cars, trucks, boats, RV's , TV's, counter tops, and more. Other size are available.	","This Car Cleaning Towel is non-abrasive microfiber cloths, Scratch-free, lint-free and swirl-free.	","https://media.asicdn.com/images/orig/319250000/319254788.jpg,https://media.asicdn.com/images/orig/319250000/319254786.jpg,https://media.asicdn.com/images/orig/319250000/319254790.jpg,https://media.asicdn.com/images/orig/319250000/319254787.jpg,https://media.asicdn.com/images/orig/319250000/319254789.jpg	","AUTO ACCESSORIES,MICROFIBER CLOTHS	",,"Automobile,Buffing Polishing Towel,Car Cleaning Towel,Car Drying Wash Detailing,Car Wash Towel,Car Washk,Cleaning Cloth,Cleaning Rags,Cleaning Towel,Cloths,Detailing Cloth,Housekeeping,Microfiber Car Towel,Microfiber Cleaning Towe,Microfiber Cloths,Microfiber Towels for Cars,Scratch-Free Cleaning,Soft Drying Towels,Soft Towel	","Medium Yellow=Yellow,Medium Blue=Blue	",Polyester=Polyester	,Dimension	,Length:11.81:in;Width:11.81:in	,,"Silkscreen=Silkscreen,Sublimation=Sublimation	",Up to full color	,Y	,7-9	,Y	,5-7:	,,,,,,100,200,300,500,800,1000,3000,,,,3.677,3.432,3.356,3.125,2.978,2.866,2.592,,,,R	,R	,R	,R	,R	,R	,R	,,,,,1 color 1 location imprint and shipping cost	,,1	,USD	,,List	,07/22/2026	,Active	,,N	,04/02/2024	,
FCS0011	,Portable Golf Ball Cleaner Pouch	,FCS0011	,,"The golf ball cleaner pouch is equipped with a plastic clip, which is easy for you to carry. You can clasp the clip to your golf bag or other places, suitable for you to carry outside. The golf ball washer bag combines with different outer and liner material, the liner material can keep inside wet for cleaning the golf ball, and the outer material keeps dry for convenient carrying. The price includes the shipping cost to ca. It is convenient to use in daily golf competitions and games; You can share it with your families and friends who loving golfing.	","The golf ball cleaner pouch is equipped with a plastic clip, which is easy for you to carry.	","https://media.asicdn.com/images/orig/319250000/319254764.jpg,https://media.asicdn.com/images/orig/319250000/319254766.jpg,https://media.asicdn.com/images/orig/319250000/319254763.jpg,https://media.asicdn.com/images/orig/319250000/319254768.jpg,https://media.asicdn.com/images/orig/319250000/319254762.jpg	",Golf Accessories-Ball Cleaners	,,"Ball Cleaning Tool,Game,Golf,Golf Accessories,Golf Ball Cleaners,Golf Ball Pouch,Golf Washer Pouch,Neoprene Pouch,Portable Golf Ball Bag,Sports	","Medium Black=Black,Medium Blue=Blue,Medium Green=Green,Medium Pink=Pink,Medium Red=Red,Medium White=White,Medium Yellow=Yellow,Other=Grey,Medium Brown=Brown,Medium Purple=Purple	",Neoprene=Neoprene	,Dimension	,Length:3.93:in;Width:3.93:in	,,Silkscreen=Silkscreen	,Up to full color	,,5-7	,Y	,3-5:	,,,,,,100,200,300,500,1000,3000,5000,,,,2.389,2.089,1.927,1.636,1.479,1.358,1.262,,,,R	,R	,R	,R	,R	,R	,R	,,,,,one color one location imprint and shipping cost	,,1	,USD	,,List	,07/22/2026	,Active	,,N	,04/02/2024	,
FCS0010	,Adjustable PVC Wristbands	,FCS0010	,,"These event wristbands are made of quality vinyl PVC material, with many holes, convenient for you to adjust the length, suitable for many people. Various color options. Great for many different events, such as exhibitions, festivals, sporting events, Halloween, carnivals and more. Also tape are removable. Custom your logo on it.	",PVC adjustable wristbands.	,"https://media.asicdn.com/images/orig/319250000/319254735.jpg,https://media.asicdn.com/images/orig/319250000/319254737.jpg,https://media.asicdn.com/images/orig/319250000/319254736.jpg,https://media.asicdn.com/images/orig/319250000/319254738.jpg	",Wristbands-General	,,"Adjustable PVC Wristbans,Bracelets,Games,PVC Barcelets,Removable Barcelets,Wristbands	","Medium Black=Black,Medium Blue=Blue,Medium Red=Red,Medium Orange=Orange,Medium Yellow=Yellow,Medium Green=Green,Medium Pink=Pink,Bright Blue=Royal Blue,Light Blue=Light Blue,Multi Color=Multi Color	",PVC=Pvc	,Dimension	,Length:10.04:in;Width:1.65:in	,,Silkscreen=Silkscreen	,Up to full color	,,5-7	,Y	,3-5:	,,,,,,100,200,300,500,1000,3000,5000,,,,0.658,0.459,0.412,0.387,0.345,0.292,0.223,,,,R	,R	,R	,R	,R	,R	,R	,,,,,one color one location imprint and shipping cost	,,1	,USD	,,List	,07/22/2026	,Active	,,N	,04/02/2024	,
FCS0008	,20 oz Stainless Steel Vacuum Water Bottle	,FCS0008	,,20 oz (600 mL) double-wall vacuum insulated bottle with kinds of lids option. Features 304 Stainless Steel exterior and 304 Stainless Steel lining. Screw on/off bamboo lid. Hand-wash only. Do not microwave. Do not place in freezer. Vacuum insulation helps keep your beverages hot or cold longer than traditional insulation. Designed for use with both hot and cold beverages. Caution: Item may leak if tipped or held upside-down. hipping by SEA.	,Stainless steel 20 oz. vacuum water bottle.	,"https://media.asicdn.com/images/orig/319250000/319254633.jpg,https://media.asicdn.com/images/orig/319250000/319254638.jpg,https://media.asicdn.com/images/orig/319250000/319254634.jpg,https://media.asicdn.com/images/orig/319250000/319254635.jpg	","Bottles-Insulated,TRAVEL MUGS/CUPS	",,"Camping,Indoor,Insulated Water Cup,Office,Portable Water Cup,Sport,Sport Kettle,Stainless Steel Bottle,Summer,Thermos Cup,Travel,Vacuum Gradient,Vacuum insulated,Water Bottle,Winter	","Medium Black=Black,Medium Blue=Blue,Medium White=White,Medium Red=Red,Medium Purple=Purple,Medium Green=Green,Medium Yellow=Yellow,Medium Orange=Orange,Medium Pink=Pink,Other=Fuschia,Other=Custom	",Stainless Steel=Stainless Steel	,Volume/Weight	,20:oz	,,Silkscreen=Silkscreen	,Up to full color	,,5-7	,Y	,3-5:	,,,,,,50,100,200,300,500,1000,5000,,,,9.252,8.979,8.687,8.368,8.073,7.823,7.686,,,,R	,R	,R	,R	,R	,R	,R	,,,,,one color one location imprint and shipping cost	,,1	,USD	,,List	,07/22/2026	,Active	,,N	,04/02/2024	,
FCS0007	,Laminated Jute Bags w/ Colored Sides and Handles	,FCS0007	,,"Advertise your brand with our Two tone Jute Tote Bag in your next trade show. These eco freindly jute tote bag measures 10.24"" x 10.63"" x 3.94"" and is made of 100% Natural Jute Fibre. These trendy Jute bags also feature colored side and handles as well as a hook and loop closure. With a large imprint area of 7.50""W x 8.00""H, this bag is perfect for maximum brand exposure. Give these away in your next marketing campaign and advertise your brand like never before!	",Advertise your brand with our Two tone Jute Tote Bag in your next trade show.	,"https://media.asicdn.com/images/orig/319250000/319254623.jpg,https://media.asicdn.com/images/orig/319250000/319254622.jpg,https://media.asicdn.com/images/orig/319250000/319254624.jpg,https://media.asicdn.com/images/orig/319250000/319254625.jpg	",Tote Bags-Jute	,,"Advertisement,Bags,Burlap Beach Bags,Burlap Tote,Burlap Tote Bag,DIY Gift Bag,Eco friendly Bag,Groceries,Jute,Jute Shopping Bags,Jute Tote Bag,Linen Bag,Outdoor activities,Reusable Grocery Bags,Shopping,Tote Bag,Trade Show	","Medium Black=Black,Other=Natural,Medium Red=Red,Medium Green=Green,Other=Custom Color	",Jute/Burlap=Jute	,Dimension	,Length:10.24:in;Width:10.63:in;Height:3.94:in	,,Silkscreen=Silkscreen	,Up to full color	,,7-9	,Y	,5-7:	,,,,,,100,200,500,800,1000,5000,10000,,,,6.323,5.936,5.521,5.362,5.028,4.897,4.529,,,,R	,R	,R	,R	,R	,R	,R	,,,,,one color one location imprint and shipping cost	,,1	,USD	,,List	,07/22/2026	,Active	,,N	,04/02/2024	,
FCS0005	,COB LED Headlamp	,FCS0005	,,"COB LED Headlamp which is super bright provides excellent light spread and strong high quality. With water-resistant material, this flashlight is of high quality to resist water. Works on 3 X AAA battery (Not Included ), it is adjustable with 3 lighting modes (high/ low/ strobe) to meet your needs in different occasions. With flexible design to be able to down 180 degrees, it can meet your lighting needs at different angles.High elastic woven tape is adopted, Made of ABS material, light and waterproof. All these qualities make it perfect for outdoor activities, hiking, night fishing, camping and more.	",LED headlamp.	,"https://media.asicdn.com/images/orig/319250000/319254501.jpg,https://media.asicdn.com/images/orig/319250000/319254502.jpg,https://media.asicdn.com/images/orig/319250000/319254503.jpg,https://media.asicdn.com/images/orig/319250000/319254505.jpg	","Flashlights-General,LAMPS	",LED PRODUCTS	,"Auto Repair,Brightness Headlamp,Camping,Fishing,Flashlight,Head Lamps,Lamp,Light,Mini Headlights Portable,Night Safety,Outdoor Activities	","Medium Black=Black,Medium Green=Green,Medium Orange=Orange,Medium Pink=Pink	",ABS=Abs	,Dimension	,Length:2.6:in;Width:1.85:in;Height:1.26:in	,,Silkscreen=Silkscreen	,Up to full color	,,5-7	,Y	,3-5:	,,,,,,100,200,300,500,800,1000,2000,,,,4.252,3.832,3.362,3.023,2.878,2.687,2.518,,,,R	,R	,R	,R	,R	,R	,R	,,,,,one color one location imprint and shipping cost	,,1	,USD	,,List	,07/22/2026	,Active	,,N	,04/02/2024	,
FCS0004	,Economical Polyester Drawstring Backpack	,FCS0004	,,"Create a promotional backpack that's perfect for corporate gifts, university wear, team uniforms and so much more. This 210D polyester drawstring backpack measures 13 3/8"" x 16 9/10"" and can be customized with a silkscreen imprint of your corporate logo, university seal, team mascot, and more on a generously sized 7"" x 8"" imprint area. No matter what kind of event or occasion you're preparing for, this backpack is sure to please.	",Polyester economical sports backpack.	,"https://media.asicdn.com/images/orig/319250000/319254437.jpg,https://media.asicdn.com/images/orig/319250000/319254439.jpg,https://media.asicdn.com/images/orig/319250000/319254438.jpg,https://media.asicdn.com/images/orig/319250000/319254443.jpg,https://media.asicdn.com/images/orig/319250000/319254442.jpg	","Backpacks-Drawstring,Bags-Drawstring	",,"Adjustable String bag,Bag,Basketball,Basketball Bags,Coporate,Drawstring Backpack,Drawstring bag,Games,Gym Bag,Polyester Drawstring bag,School,Shopping Bag,Sports bag,Swimming,Team,Travel,University,Yoga	","Medium Black=Black,Medium Blue=Blue,Medium White=White,Medium Red=Red,Medium Purple=Purple,Medium Green=Green,Medium Yellow=Yellow,Medium Orange=Orange,Medium Pink=Pink,Other=Custom	",Polyester=210D Polyester	,Dimension	,Length:13 3/8:in;Width:16 9/10:in	,,"Silkscreen=Silkscreen,Sublimation=Sublimation	",Up to full color	,Y	,5-7	,Y	,3-5:	,,,,,,100,200,300,1000,2000,5000,10000,,,,1.345,1.266,1.187,1.091,0.981,0.942,0.897,,,,R	,R	,R	,R	,R	,R	,R	,,,,,one color one location imprint and shipping cost	,,1	,USD	,,List	,07/22/2026	,Active	,,N	,04/02/2024	,
FCS0003	,25 Oz. Aluminum Water Bottle w/ Carabiner & Twist Cap	,FCS0003	,,"This 25 oz. Sports water bottle is made of colorful glossy aluminum and features twist cap with carabiner useful for outdoor and hiking activities. This sports bottle measures 2.87"" W x 10"" H and With a large imprint area of 2.56""W x 4.00""H, this is perfect for advertising your logo. Include these trendy water bottles in your next trade show and promote your brand like never before! Also other size available	",Excite your customers with our 25 Oz. Aluminum Water Bottle w/ Carabiner & Twist Cap!	,"https://media.asicdn.com/images/orig/319250000/319254368.jpg,https://media.asicdn.com/images/orig/319250000/319254369.jpg,https://media.asicdn.com/images/orig/319250000/319254372.jpg,https://media.asicdn.com/images/orig/319250000/319254370.jpg	",Bottles-Sport Type	,,"Aluminum Alpine Bottle,Aluminum Bottle,Bike,Carrabiner,Exercise,Hiking,Outdoor,Portable Water Bottles,Sport Water Bottle,Sports,Sports Bottle,Summer,Water Bottle	","Medium Black=Black,Medium Red=Red,Medium Blue=Blue,Silver Metal=Silver,Medium Green=Green,Medium White=White	",Aluminum=Aluminum	,Volume/Weight	,25:oz	,,Silkscreen=Silkscreen	,Up to full color	,,5-7	,Y	,3-5:	,,,,,,60,100,500,1000,2000,3000,5000,,,,8.002,7.556,7.287,6.965,6.778,6.598,6.363,,,,R	,R	,R	,R	,R	,R	,R	,,,,,one color one location imprint and shipping cost	,,1	,USD	,,List	,07/22/2026	,Active	,,N	,04/02/2024	,
FCS0050	,Rechargeable Mini Handheld Fan	,FCS0050	,,"It's not just a mini hand fan, but a phone holder. Good choice for both indoor and outdoor activities. 3 speeds for your choice. Low/medium/high speed level. Made of quality ABS material, safe and odor-free. Our fan has a powerful built-in rechargeable lithium battery. You can charge it with a USB cable(included) by connecting it to a laptop, phone charge, power bank. Custom logo available.The price for over 2,000 pcs is for sea freight.	",Mini rechargeable handheld fan.	,"https://media.asicdn.com/images/orig/319300000/319305143.jpg,https://media.asicdn.com/images/orig/319300000/319305142.jpg,https://media.asicdn.com/images/orig/319300000/319305139.jpg,https://media.asicdn.com/images/orig/319300000/319305140.jpg,https://media.asicdn.com/images/orig/319300000/319305141.jpg	",Fans-USB	,,"Fan with Phone Holder,Handle Fan,Mini Fan,Muntilfuction Fan,Rechargeable Fan,Summer Fan	","Medium Pink=Pink,Medium Blue=Blue,Medium White=White	",ABS=Abs	,Dimension	,Length:4.09:in;Width:1.57:in;Height:8.54:in	,,Silkscreen=Silkscreen	,Up to Full colors	,,5-7	,Y	,3-5:	,,,,,,100,300,500,800,1000,2000,3000,,,,6.965,6.765,6.234,6.167,5.998,3.468,3.356,,,,R	,R	,R	,R	,R	,R	,R	,,,,,1 color 1 location imprint and shipping cost	,,1	,USD	,,List	,07/22/2026	,Active	,,N	,04/02/2024	,
FCS0049	,Round Scholar Pencil	,FCS0049	,,"Make an indelible impression on your customers and supporters with our Scholar pencil. This 7.37"" x 0.30"" wooden pencil has a classic rounded design with a No. 2 lead fill, silver colored ferrule and custom color eraser. Head back to school or the office with this indispensable promotional item. Select from a wide range of colors and shades and add your school, sports team, organizational or company logo, emblem or message to create a bold branded gift or giveaway that's kind to your budget and bottom line.hexagonal design also available.	",Round scholar pencil.	,"https://media.asicdn.com/images/orig/319300000/319305127.jpg,https://media.asicdn.com/images/orig/319300000/319305128.jpg,https://media.asicdn.com/images/orig/319300000/319305126.jpg,https://media.asicdn.com/images/orig/319300000/319305129.jpg	",Pencils-General	,,"Mark Pencil,Pencil,Round Pencil,Round Scholar Pencil,Scholar Pencil,Wooden Pencil	","Medium Black=Black,Medium Blue=Blue,Medium Red=Red,Medium Orange=Orange,Medium Green=Green,Medium Yellow=Yellow,Medium Pink=Pink,Other=Custom	",Wood=Wood	,Dimension	,Length:7.37:in;Width:0.30:in	,,Silkscreen=Silkscreen	,Up to Full colors	,,7-9	,Y	,5-7:	,,,,,,500,1000,2000,3000,5000,8000,10000,,,,0.342,0.305,0.289,0.278,0.262,0.253,0.225,,,,R	,R	,R	,R	,R	,R	,R	,,,,,one color one location imprint and shipping cost	,,1	,USD	,,List	,07/22/2026	,Active	,,N	,04/02/2024	,
FCS0046	,Metal Lemon Squeezer	,FCS0046	,,"This citrus press is made of quality aluminum,hand sized and portable.Easy to use and is great for people with low hand strength. Feels comfortable and secure when squeezing.Super fast one squeeze operation.Ideal for making cocktails, guacamole, marinades, or even squeezing a lime at the table over freshly grilled meat and veggies.Customized is available.	",Super fast one squeeze operation	,"https://media.asicdn.com/images/orig/319300000/319304820.jpg,https://media.asicdn.com/images/orig/319300000/319304818.jpg,https://media.asicdn.com/images/orig/319300000/319304819.jpg,https://media.asicdn.com/images/orig/319300000/319304821.jpg	",Tools-Kitchen-Juice Squeezers	,,"Citrus Press,Lemon Squeezer,Metal Lemon Squeezer,Squeezer,Super Fast Squeezer	","Medium Yellow=Yellow,Medium Orange=Orange,Medium Red=Red,Medium Green=Green	",Metal=Metal	,Dimension	,Length:8.46:in;Width:2.87:in;Height:1.77:in	,,"Laser Engraved=Laser Engraved,Silkscreen=Silkscreen	",Up to Full colors	,,3-5	,Y	,2-3:	,,,,,,100,200,300,500,1000,2000,3000,,,,6.872,6.628,6.489,6.215,5.916,5.584,4.967,,,,R	,R	,R	,R	,R	,R	,R	,,,,,one color one location imprint and shipping cost	,,1	,USD	,,List	,07/22/2026	,Active	,,N	,04/02/2024	,
FCS0043	,Push Pop Stress Reliever Keychain	,FCS0043	,,"Made Of Silicone. Press Bubbles Down To Relieve Stress. Encourages Focus And Self-Soothing For Users With Anxiety, Attention Disorders And More. Fun Stress Reliever. Make Your Own Pattern By Pressing On Different Bubbles Or Just Press For Fun. Perfect For Reducing Stress And Boredom. Split Ring Attachment	",Made Of Silicone. Press Bubbles Down To Relieve Stress.	,"https://media.asicdn.com/images/orig/319250000/319256078.jpg,https://media.asicdn.com/images/orig/319250000/319256081.jpg,https://media.asicdn.com/images/orig/319250000/319256079.jpg,https://media.asicdn.com/images/orig/319250000/319256083.jpg	","Key Chains-General,Stress Relievers-General	",,"Anti Stress,Entertainment,Keychain,Pop Stress,Push Stress Keychain,Reliever	","Medium Black=Black,Bright Green=Lime,Medium Orange=Orange,Medium Red=Red,Bright Blue=Royal Blue,Medium Yellow=Yellow	",Silicone=Silicone	,Dimension	,Length:5.7:in;Width:0.7:in	,,Silkscreen=Silkscreen	,Up to full color	,,5-7	,Y	,3-5:	,,,,,,100,200,300,500,1000,3000,5000,,,,2.655,2.535,2.432,2.315,2.066,1.865,1.686,,,,R	,R	,R	,R	,R	,R	,R	,,,,,one color one location imprint and shipping cost	,,1	,USD	,,List	,07/22/2026	,Active	,,N	,04/02/2024	,
FCS0039	,18Oz Space Kettle	,FCS0039	,,"This kettle is made of stainless steel.These bottles are useful all year round, keeping your tea warm in the winter and water cool in the summer.These bottles are fully leak proof so there's no need to worry about just chucking it in your bag with the rest of your things.Typical uses include water,tea,coffee, carbonated drinks, wine and even soup.These bottle are lightweight and prefect for taking to school,university and work.Custom logo is welcome!	","These bottles are useful all year round, keeping your tea warm in the winter and water cool in the summer.	","https://media.asicdn.com/images/orig/319250000/319255885.jpg,https://media.asicdn.com/images/orig/319250000/319255886.jpg,https://media.asicdn.com/images/orig/319250000/319255884.jpg,https://media.asicdn.com/images/orig/319250000/319255883.jpg	","Glasses-Drinking-Insulated,Glasses-Drinking-Tumbler	",,"Advertising,Drinking,Insulated Tumbler,Office,Sports,SS Bottle,Tumbler,Water Bottle	","Medium Black=Black,Medium Blue=Blue,Medium Orange=Orange,Medium Pink=Pink,Medium White=White,Medium Yellow=Yellow,Medium Purple=Purple,Other=Custom	",Stainless Steel=Stainless Steel	,Volume/Weight	,18:oz	,,"Silkscreen=Silkscreen,Laser Engraved=Laser Engraved	",Up to Full colors	,,7-9	,Y	,5-7:	,,,,,,100,200,300,500,800,1000,3000,,,,11.865,11.356,10.985,10.587,10.126,9.876,9.237,,,,R	,R	,R	,R	,R	,R	,R	,,,,,one color one location imprint and shipping cost	,,1	,USD	,,List	,07/22/2026	,Active	,,N	,04/02/2024	,
FCS0036	,Leather Pet Collar	,FCS0036	,,"The dog collar is made of stainless steel and leather.From pet supply shops to trainers and outfitters,These leashes are a great way to get your brand noticed while keeping pooches happy and Safe.The neck size is adjustable from 10.6 to 13 inch with buckle,0.6 inch width,suitable for cats and small dogs.Also other sizes are available. Custom logo is welcome.	",The dog collar is made of stainless steel and leather.	,"https://media.asicdn.com/images/orig/319250000/319255766.jpg,https://media.asicdn.com/images/orig/319250000/319255768.jpg,https://media.asicdn.com/images/orig/319250000/319255767.jpg,https://media.asicdn.com/images/orig/319250000/319255772.jpg,https://media.asicdn.com/images/orig/319250000/319255770.jpg,https://media.asicdn.com/images/orig/319250000/319255773.jpg	","Pet Items-Leashes & Collars,Pet Items-Toys	",,"Collars,Dog Collar,Dog Ornament,Leather Collars,Pet,Pet Collar,Pet Ornamnet,Toys	","Medium Brown=Brown,Medium Pink=Pink,Medium Purple=Purple,Medium Red=Red,Medium White=White,Medium Yellow=Yellow	",Leather=Leather	,Dimension	,Length:10.6:in;Width:0.6:in	,,Laser Engraved=Laser Engraved	,1 color	,,7-9	,Y	,5-7:	,,,,,,100,200,300,500,800,1000,3000,,,,2.868,2.687,2.598,2.506,2.415,2.329,2.265,,,,R	,R	,R	,R	,R	,R	,R	,,,,,one color one location imprint and shipping cost	,,1	,USD	,,List	,07/22/2026	,Active	,,N	,04/02/2024	,
FCS0034	,2 In 1 64G Usb Flash Drives	,FCS0034	,,"Two-in-one Design with a Type-C and USB 2.0 connectors.USB2.0 interface for higher speed and higherstability.You can choose 2G,4G,8G,16G,32G,64G,128G.To avoid data loss or mechanical damage,do not power down your computer or unplug flash disk during transfer.Custom logo is welcome!	",Two-in-one Design with a Type-C and USB 2.0 connectors	,"https://media.asicdn.com/images/orig/319250000/319255613.jpg,https://media.asicdn.com/images/orig/319250000/319255615.jpg,https://media.asicdn.com/images/orig/319250000/319255617.jpg,https://media.asicdn.com/images/orig/319250000/319255614.jpg	","COMPUTER ACCESSORIES,USB/FLASH DRIVES	",,"64 G,Advertising,Computer Accessories,Flash Drives,Storage Device,Type-C,Usb Drives	","Medium Black=Black,Medium Blue=Blue,Medium Green=Green,Medium Pink=Pink,Medium Purple=Purple,Medium Red=Red,Medium White=White,Medium Yellow=Yellow	",Metal=Metal-Plastic	,Dimension	,Length:2.83:in;Width:0.787:in;Height:0.47:in	,,Silkscreen=Silkscreen	,Up to Full colors	,,3-5	,Y	,2-3:	,,,,,,50,100,200,300,500,800,1000,,,,6.015,5.687,5.387,5.265,5.122,5.068,4.825,,,,R	,R	,R	,R	,R	,R	,R	,,,,,one color one location imprint and shipping cost	,,1	,USD	,,List	,07/22/2026	,Active	,,N	,04/02/2024	,
FCS0029	,"3 1/8"" Carabiner Key Chain	",FCS0029	,,"Get customers to shop with you first for all their needs when you hand out this carabiner key chain! It's made of durable aluminum, measures 3 1/8"" L x 1 1/2"" W x 1/4"" D, and you can choose from a wide range of cool colors. It's wear-resistant, colorfast, environmentally friendly, and easy to carry. It's not to be used for climbing. Add your company name or logo and let clients know they can't go wrong when they choose you!	",Get customers to shop with you first for all their needs when you hand out this carabiner key chain!	,"https://media.asicdn.com/images/orig/319250000/319255343.jpg,https://media.asicdn.com/images/orig/319250000/319255341.jpg,https://media.asicdn.com/images/orig/319250000/319255342.jpg,https://media.asicdn.com/images/orig/319250000/319255346.jpg	","CARABINERS,Key Chains-With Carabiner	",,"Aluminum Key Chains,Carabine,Carabine Key Chains,Key Chain,Metal Carabine	","Medium Red=Red,Medium Yellow=Yellow,Medium Black=Black,Medium Purple=Purple,Medium Green=Green,Medium Blue=Blue,Medium White=White,Silver Metal=Silver,Other=Gunmetal	",Aluminum=Aluminum	,Dimension	,Length:3 1/8:in;Width:1 1/2:in;Height:1/4:in	,,"Silkscreen=Silkscreen,Laser Engraved=Laser Engraved	",1 color	,,5-7	,Y	,3-5:	,,,,,,100,300,500,1000,3000,5000,8000,,,,1.426,1.325,0.922,0.698,0.658,0.412,0.356,,,,R	,R	,R	,R	,R	,R	,R	,,,,,one color one location imprint and shipping cost	,,1	,USD	,,List	,07/22/2026	,Active	,,N	,04/02/2024	,
FCS0021	,Pet Play Silicone Flying Disc Toy	,FCS0021	,,"This silicone pet flying disc is a great gift to the pet owners and lovers in your customers list. It is designed with a durable silicone material that can be ordered in a variety of available colors. It's great for the beach, the park, pool parties, picnics, pet training, sports events and a variety of other outdoor activities.	","This silicone pet flying disc is good gift for your pet, your customers will love it.	","https://media.asicdn.com/images/orig/319250000/319255036.jpg,https://media.asicdn.com/images/orig/319250000/319255035.jpg,https://media.asicdn.com/images/orig/319250000/319255037.jpg,https://media.asicdn.com/images/orig/319250000/319255039.jpg	","FLYING SAUCERS & DISCS,Pet Items-Toys	",,"Pet Gift,Pet Toy,Playing Game,Playing Toy,Silicone Flying Dics,Silicone Toy	","Medium Black=Black,Medium White=White,Medium Yellow=Yellow,Medium Orange=Orange,Medium Purple=Purple,Medium Red=Red,Medium Green=Green,Medium Blue=Blue	",Silicone=Silicone	,Dimension	,Length:7:in;Width:7:in	,,Silkscreen=Silkscreen	,Up to full color	,,5-7	,Y	,3-5:	,,,,,,100,200,300,500,800,1000,3000,,,,3.189,2.689,2.567,2.432,2.328,1.876,1.096,,,,R	,R	,R	,R	,R	,R	,R	,,,,,one color one location imprint and shipping cost	,,1	,USD	,,List	,07/22/2026	,Active	,,N	,04/02/2024	,
FCS0016	,Non-Woven Grocery Tote Bag	,FCS0016	,,Entice more people to learn about your business today when you offer this non-woven shopper tote bag! This is the perfect item to hand out to customers at grocery stores so they can be conscious of their impact on the environment while shopping for food. It's just what many would need to take their essentials from place to place. Add your company name or logo for maximum visibility. Get a hold of new customers when you make this your next giveaway! Over 5000 pcs is by OCEAN.	,"This big tote bag is convenience when you go shopping to grocery, supermarket or shopping mall	","https://media.asicdn.com/images/orig/319250000/319254838.jpg,https://media.asicdn.com/images/orig/319250000/319254839.jpg,https://media.asicdn.com/images/orig/319250000/319254837.jpg,https://media.asicdn.com/images/orig/319250000/319254836.jpg	","Bags-Shopping,Tote Bags-Grocery	",,"Advertisement,Christmas,Fabric Bag,Grocery,Holidays,Non Woven Bag,Shopping,Shopping Bag,Tote Bag	","Medium Black=Black,Medium Green=Green,Medium Orange=Orange,Medium Purple=Purple,Medium Red=Red,Medium White=White,Medium Blue=Blue,Medium Yellow=Yellow,Medium Pink=Pink	",Polypropylene=80 Gsm Non-Woven Polypropylene	,Dimension	,Width:12.6:in;Height:15:in;Depth:9.84:in	,,"Silkscreen=Silkscreen,Heat Transfer=Heat Transfer	",Up to full color	,Y	,5-7	,Y	,3-5:	,,,,,,100,300,500,1000,3000,5000,8000,,,,2.058,1.823,1.525,1.256,1.028,0.752,0.723,,,,R	,R	,R	,R	,R	,R	,R	,,,,,one color one location imprint and shipping cost	,,1	,USD	,,List	,07/22/2026	,Active	,,N	,04/02/2024	,
FCS0014	,Double Wall Acrylic Tumbler With Lid And Straw	,FCS0014	,,"This is 16 oz double wall tumbler that made of high-grade 100% acrylic plastic construction with matching colored straw and lid. Keep water, lemonade and juice frosty-cold, while hot drinks like coffee, tea and hot cocoa will stay warm and toasty. Our handy travel cup set is the most fun way to stay hydrated during hardcore gym sessions, make long days at the office a tad more bearable, or cool down at the beach with a refreshing smoothie or iced drink. These lightweight tumblers are breeze to quickly hand wash.The pricing is by SEA.	",This is 16 oz double wall tumbler that made of high-grade 100% acrylic plastic construction with matching colored straw and lid.	,"https://media.asicdn.com/images/orig/319250000/319254807.jpg,https://media.asicdn.com/images/orig/319250000/319254808.jpg,https://media.asicdn.com/images/orig/319250000/319254805.jpg,https://media.asicdn.com/images/orig/319250000/319254806.jpg,https://media.asicdn.com/images/orig/319250000/319254809.jpg	","Glasses-Drinking-Tumbler,Glasses-Drinking-With Lid & Straw	",,"Bottle,Double Wall,Drink Water,Health,Office,Plastic Bottle,Tumbler	","Medium Black=Black,Medium Blue=Blue,Clear=Clear,Medium Green=Green,Medium Orange=Orange,Medium Pink=Pink,Medium Purple=Purple,Medium Red=Red,Medium Yellow=Yellow	",Acrylic Plastic=Acrylic Plastic	,Volume/Weight	,16:oz	,,Silkscreen=Silkscreen	,Up to full color	,,7-9	,Y	,5-7:	,,,,,,48,96,144,288,504,1008,3000,,,,6.859,6.352,5.783,5.546,5.372,4.822,4.568,,,,R	,R	,R	,R	,R	,R	,R	,,,,,one color one location imprint and shipping cost	,,1	,USD	,,List	,07/22/2026	,Active	,,N	,04/02/2024	,
FCS0009	,Colorful Burlap Drawstring Pouches	,FCS0009	,,"Burlap Drawstring Pouches made of high quality material, eco-friendly and durable for long lasting use. It is breathable and has good effect to prevent mold and insects, A convenient storage bag that can be used to store your favorite beads, charms, makeup, gifts, candy, pearls, etc. Can be used as jewelry pouch to store handmade necklaces, bracelets and accessories, Gift packaging for wedding, Christmas, party, birthday, anniversary, valentine, white day, etc.	","Burlap Drawstring Pouches made of high quality material, eco-friendly and durable for long lasting use.	","https://media.asicdn.com/images/orig/319250000/319254722.jpg,https://media.asicdn.com/images/orig/319250000/319254725.jpg,https://media.asicdn.com/images/orig/319250000/319254720.jpg,https://media.asicdn.com/images/orig/319250000/319254721.jpg	","Bags-Drawstring,Pouches-Jewelry	",,"Bag,Burlap Gift Bag,Burlap Linen Bag,Burlap Pouches,Chrimas Gift,Coffee Bag,Cotton Drawstring Bags,Drawstring Bag,Drawstring Gift Bag,Drawstring Linen Bag,Drawstring Pouch Bag,Drawstring Storage Bag,Drawstring Tote Bags,Gift,Gift Jute Bags,Home Supplies,Jewelry Bag,Jewelry Pouches,Jute Bag,Jute Pouch,Linen,Muslin Bag,Natural Burlap Bags,Natural Jute Bag,Party,Pouches,Reusable Sachet Bag,Small Burlap,Wedding,Wedding Favors	","Medium White=White,Medium Gray=Gray,Medium Black=Black,Dark Red=Burgundy,Medium Orange=Orange,Medium Green=Green,Bright Green=Lime,Light Brown=Khaki,Medium Pink=Pink,Medium Purple=Purple,Medium Blue=Lake Blue,Dark Blue=Navy Blue,Light Blue=Light Blue,Medium Brown=Brown,Medium Red=Rose	",Jute/Burlap=Burlap	,Dimension	,Length:5.51:in;Width:3.94:in	,,Silkscreen=Silkscreen	,Up to full color	,,7-9	,Y	,5-7:	,,,,,,200,500,800,1000,2000,3000,5000,,,,1.126,0.928,0.655,0.623,0.592,0.579,0.568,,,,R	,R	,R	,R	,R	,R	,R	,,,,,one color one location imprint and shipping cost	,,1	,USD	,,List	,07/22/2026	,Active	,,N	,04/02/2024	,
9438010-555262928	,Aluminum Soft-Touch Pen w/ Stylus	,FCS0093	,,"The soft-touch aluminum ballpoint pen comes with a stylus and has an elegant look and a classic design. It has a plunge-action mechanism, chrome trims, a rubberized finish and pocket clip. Perfect for business professionals in an office environment, the pen is also compatible with touch screen devices	",Pens Ballpoint-Stylus;	,"https://media.asicdn.com/images/orig/319690000/319694809.jpg,https://media.asicdn.com/images/orig/319690000/319694810.jpg,https://media.asicdn.com/images/orig/319690000/319694811.jpg,https://media.asicdn.com/images/orig/319690000/319694812.jpg,https://media.asicdn.com/images/orig/319690000/319694813.jpg	","Pens-Ballpoint-General,Pens-Ballpoint-Stylus	",,"Aluminum,Ballpoint Pen,Pen,Screen Touch Pen,Soft-Touch Pen,Stylus Pen	","Medium Black=Black,Medium Red=Red,Dark Blue=Navy,Medium Blue=Blue,Medium Green=Green,Medium Purple=Purple	",Aluminum=Aluminum	,Dimension	,Length:0.5:in;Width:5.75:in;Height:0.62:in	,,Silkscreen=Silkscreen	,"Custom Colors,PMS Colors,Standard Colors	",,7-9	,Y	,5-7:	,,,,,,150,300,500,800,1000,2000,3000,,,,1.782,1.655,1.578,1.502,1.419,1.346,1.225,,,,R	,R	,R	,R	,R	,R	,R	,,,,,1 color 1 location imprint and shipping cost	,,1	,USD	,,List	,07/22/2026	,Active	,,N	,04/02/2024	,
9438010-555262752	,Unisex T-Shirts	,FCS0092	,,"Get customers excited this summer with our 3.7 OZ. 65/ 35 Polyester/ Cotton T-shirt! This round neck T-shirt is ideal for sports & outdoor activities and features a large imprint area of 12.00""W x 12.00""H, ideal for Maximum Brand exposure.Ideal for tradeshows & giveaways, these trendy custom T-shirts are perfect for your promotional needs!	","This T-Shirt is made of Combed Cotton,Polyester, with soft and comfortable handfeeling.	","https://media.asicdn.com/images/orig/330310000/330312910.png,https://media.asicdn.com/images/orig/319680000/319683922.jpg,https://media.asicdn.com/images/orig/319680000/319683924.jpg,https://media.asicdn.com/images/orig/319680000/319683926.jpg,https://media.asicdn.com/images/orig/319680000/319683927.jpg,https://media.asicdn.com/images/orig/319680000/319683928.jpg,https://media.asicdn.com/images/orig/319680000/319683930.jpg	","Clothing-General,T-Shirts-Unisex	",,"Clothing,Comfortable,Crew Neck,Family gatherings,Men,Round neck,Short Sleeve,Simple basic,Sublimation,Summer,T Shirt,Unisex,Women	","Medium Black=Black,Medium Gray=Gray,Medium Yellow=Yellow,Dark Blue=Navy,Medium Green=Olive,Medium Orange=Orange,Medium Pink=Pink,Medium Purple=Purple,Other=Custom	",Polyester=Polyester/Cotton	,Apparel-Mens	,"S,M,L,XL,2XL,3XL	",,"Silkscreen=Silkscreen,Sublimation=Sublimation	","Custom Colors,PMS Colors,Standard Colors	",Y	,5-7	,Y	,3-5:	,,,,,,300,500,600,800,1000,1500,2000,,,,14.655,13.882,13.689,13.567,13.388,13.146,12.961,,,,R	,R	,R	,R	,R	,R	,R	,,,,,1 color 1 location and shipping cost	,,1	,USD	,,List	,07/22/2026	,Active	,,N	,04/02/2024	,
9438010-555262717	,25 oz. Aluminum Alpine Bottle	,FCS0091	,,"Stylish, sporty and safe, this 25 oz. aluminum water bottle is a great way to promote proper hydration.This must-have piece of drinkware is available in several colors and features a black leak-proof, screw-down lid with a mini metal carabiner attached for easy transport. Great for promotional purposes, you can customize each one with an imprint of your brand logo to maximize corporate visibility on a great giveaway! This item is not microwave or dishwasher safe - hand wash only.	","Aluminum Bottles,	","https://media.asicdn.com/images/orig/319680000/319682962.jpg,https://media.asicdn.com/images/orig/319680000/319682965.jpg,https://media.asicdn.com/images/orig/319680000/319682968.jpg	",Bottles-Sport Type	,,"25 oz Aluminum Bottle,Aluminum Bottle,Bottle,Water Bottle	","Medium Black=Black,Silver Metal=Silver,Medium Blue=Blue,Medium Red=Red,Medium Green=Green	",Aluminum=Aluminum	,Volume/Weight	,25:oz	,,Silkscreen=Silkscreen	,"Custom Colors,PMS Colors,Standard Colors	",,7-9	,Y	,5-7:	,,,,,,50,100,300,500,800,1000,2000,,,,5.022,4.892,4.778,4.642,4.521,4.385,4.012,,,,R	,R	,R	,R	,R	,R	,R	,,,,,1 color 1 location imprint and shipping cost	,,1	,USD	,,List	,07/22/2026	,Active	,,N	,04/02/2024	,
9438010-555262658	,Bic Clic Stic Pen	,FCS0089	,,"This plunger action ballpoint pen is the most popular Plastic pen that fits any budget which includes a clip that can be fixed on to notebooks or pockets allowing for easy access. These are great for around the office, home, trade show giveaways and more! PMS available for product color and imprint	",Pens-Ballpoint-Plunger Action	,"https://media.asicdn.com/images/orig/319680000/319682003.jpg,https://media.asicdn.com/images/orig/319680000/319682005.jpg,https://media.asicdn.com/images/orig/319680000/319682007.jpg,https://media.asicdn.com/images/orig/319680000/319682008.jpg	","Pens-Ballpoint-General,Pens-Ballpoint-Stylus	",,"Ballpoint Pen,Clic Stic Pen,Pen,Plastic Pen,Plunger Pen	","Medium Black=Black,Medium Blue=Blue,Clear=Clear,Medium Green=Green,Medium Orange=Orange,Medium Yellow=Yellow,Medium Pink=Pink,Medium White=White,Medium Red=Red,Dark Blue=Navy	",Plastic=Plastic	,Dimension	,Length:7.75:in;Width:0.39:in	,,Silkscreen=Silkscreen	,"Custom Colors,PMS Colors,Standard Colors	",,7-9	,Y	,5-7:	,,,,,,100,300,500,800,1000,2000,3000,,,,0.497,0.485,0.476,0.469,0.458,0.446,0.438,,,,R	,R	,R	,R	,R	,R	,R	,,,,,one color one location imprint and shipping cost	,,1	,USD	,,List	,07/22/2026	,Active	,,N	,04/02/2024	,
9438010-555262607	,16 oz. Smooth Stadium Cup	,FCS0088	,,"Refresh your guests with a crisp new marketing campaign! This vibrantly-colored stadium cup holds 16 oz. and is perfect for handing out at amusement parks, corporate picnics and other public events. With an imprint of your company name or logo on this colorful drinkware item, it's great for use while tailgating and for stadium vendors.	",STADIUM CUPS	,"https://media.asicdn.com/images/orig/319680000/319681442.jpg,https://media.asicdn.com/images/orig/319680000/319681443.jpg,https://media.asicdn.com/images/orig/319680000/319681444.jpg,https://media.asicdn.com/images/orig/319680000/319681445.jpg	",STADIUM CUPS	,,"16 oz Cup,Picnic Cup,Plastic Cup,Public Events Cup,Sport Cup,Stadium Cup	","Medium Black=Black,Medium Blue=Blue,Clear=Clear,Medium Green=Green,Medium Orange=Orange,Medium Yellow=Yellow,Medium Pink=Pink,Medium White=White,Medium Red=Red,Dark Blue=Navy	",Other Plastic=Pp	,Volume/Weight	,16:oz	,,Silkscreen=Silkscreen	,"Custom Colors,PMS Colors,Standard Colors	",,7-9	,Y	,5-7:	,,,,,,300,500,600,800,1000,2000,3000,,,,0.497,0.485,0.476,0.469,0.458,0.446,0.438,,,,R	,R	,R	,R	,R	,R	,R	,,,,,one color one location imprint and shipping cost	,,1	,USD	,,List	,07/22/2026	,Active	,,N	,04/02/2024	,
9438010-555262545	,14 oz Ceramic Coffee Mug with Colored Interior	,FCS0087	,,"14 oz duo tone coffee mug with vibrant exterior colors and colored interiors. This is the mug that makes a statement for a marketing campaign- Classic yet new.Dimensions: 4 1/2"" W x 4 7/8"" H. Hand wash for mugs is recommended.	","Mugs, Cups, Ceramic Cups	","https://media.asicdn.com/images/orig/319680000/319681139.jpg,https://media.asicdn.com/images/orig/319680000/319681140.jpg,https://media.asicdn.com/images/orig/319680000/319681141.jpg,https://media.asicdn.com/images/orig/319680000/319681142.jpg,https://media.asicdn.com/images/orig/319680000/319681143.jpg	",Mugs & Steins-Ceramic	,,"15 oz Mug,Ceramic Cup,Ceramic Mug,Cup,Mug	","Medium Black=Black,Medium Gray=Gray,Medium Green=Green,Medium Green=Lime,Medium Orange=Orange,Medium Purple=Purple,Medium Pink=Pink,Medium Red=Red,Medium White=White,Medium Blue=Cobalt Blue	",Ceramic=Ceramic	,Volume/Weight	,14:oz	,,Silkscreen=Silkscreen	,"Custom Colors,PMS Colors,Standard Colors	",,7-9	,Y	,5-7:	,,,,,,96,144,288,576,1008,2016,3024,,,,5.569,5.287,4.889,4.552,4.355,4.219,3.792,,,,R	,R	,R	,R	,R	,R	,R	,,,,,one color one location imprint and shipping cost	,,1	,USD	,,List	,07/22/2026	,Active	,,N	,04/02/2024	,
9438010-555262430	,15 Oz. Campfire Mug	,FCS0085	,,"Get warm and cozy with your clients using this Campfire Mug. The ceramic mug has a retro granite design, measures approximately 3 1/2"" H and holds 15 oz. It comes in several designs to meet your promotional needs. This is the perfect advertising tool for wilderness shops, park and recreation centers and coffee houses. Show your customers how easy it is to get comfortable with a business like yours! Hand Wash Recommended.	","Mugs, Cups, Ceramic Cups	","https://media.asicdn.com/images/orig/319670000/319679403.jpg,https://media.asicdn.com/images/orig/319670000/319679404.jpg,https://media.asicdn.com/images/orig/319670000/319679405.jpg,https://media.asicdn.com/images/orig/319670000/319679407.jpg,https://media.asicdn.com/images/orig/319670000/319679408.jpg,https://media.asicdn.com/images/orig/319670000/319679409.jpg,https://media.asicdn.com/images/orig/319670000/319679411.jpg	",Mugs & Steins-Ceramic	,,"15 oz Mug,Ceramic Cup,Ceramic Mug,Cup,Mug	","Medium Black=Black,Medium Blue=Cobalt Blue,Medium Gray=Gray,Medium Green=Green,Medium Green=Lime,Medium Orange=Orange,Medium Purple=Purple,Medium Pink=Pink,Medium Red=Red,Medium White=White	",Ceramic=Ceramic	,Volume/Weight	,15:oz	,,Silkscreen=Silkscreen	,"Custom Colors,PMS Colors,Standard Colors	",,7-9	,Y	,5-7:	,,,,,,96,144,288,576,1008,2016,3024,,,,7.569,6.887,6.003,5.652,4.355,3.219,2.792,,,,R	,R	,R	,R	,R	,R	,R	,,,,,one color one location imprint and shipping cost	,,1	,USD	,,List	,07/22/2026	,Active	,,N	,04/02/2024	,
9438010-555262382	,Collapsible Can Cooler w/ Carabiner	,FCS0083	,,These collapsible can coolers made of durable yet flexible neoprene fold quickly and easily and will keep beverages cooler longer. Features a carabiner buckle that allows you to clip it to your bag or anything else! The koolies are available in a large selection of vibrant colors! This classic item is great for tailgating parties or for company picnics! Customize with an imprint to further tailor to your next event.	,"Cookie,Bottle Holder	","https://media.asicdn.com/images/orig/319670000/319678045.jpg,https://media.asicdn.com/images/orig/319670000/319678048.jpg,https://media.asicdn.com/images/orig/319670000/319678051.jpg,https://media.asicdn.com/images/orig/319670000/319678053.jpg,https://media.asicdn.com/images/orig/319670000/319678055.jpg	","Beverage Holders-Sleeve,COOLERS	",,"Bottle Cooler,Can Cooler,Carabiner Cooler,Collapsible Can Coolie,Coolie,Koozie,Neoprene Cooler	","Medium Red=Red,Medium Green=Green,Medium Blue=Blue,Medium Black=Black,Medium White=White,Medium Yellow=Yellow,Medium Purple=Purple,Medium Orange=Orange,Medium Gray=Gray,Medium Pink=Pink	",Neoprene=Neoprene	,Dimension	,Length:5 1/4:in;Width:3 7/8:in	,,Silkscreen=Silkscreen	,"Custom Colors,PMS Colors,Standard Colors	",,9-11	,Y	,7-9:	,,,,,,500,800,1000,2000,3000,5000,8000,,,,3.622,3.396,3.112,2.945,2.768,2.525,2.312,,,,R	,R	,R	,R	,R	,R	,R	,,,,,one color one location imprint and shipping cost	,,1	,USD	,,List	,07/22/2026	,Active	,,N	,04/02/2024	,
9438010-555260776	,Custom Full color Collapsible Foam Can Coolers	,FCS1	,,"Choose the Custom Full color Collapsible Can Cooler to be distributed during upcoming promotional events. This is a heavy duty thick polyester foam can cooler for your beverage that insulated and keeps drinks hot or cold. It folds flat for easy storage; Add your logo to this product for an excellent opportunity to promote business. Customize with a full color imprint and hand out at bar promotions,tailgates and concert	","Cooler, Can Holder	","https://media.asicdn.com/images/orig/324130000/324131382.jpg,https://media.asicdn.com/images/orig/322870000/322874777.jpg,https://media.asicdn.com/images/orig/322870000/322874800.jpg,https://media.asicdn.com/images/orig/322870000/322874825.jpg	","Beverage Holders-Sleeve,COOLERS	",,,"Bright Blue=Royal Blue,Medium Red=Red,Medium Orange=Orange,Medium Black=Black,Medium Green=Lime Green,Dark Blue=Navy Blue,Medium Green=Forest Green,Medium Yellow=Yellow,Medium Pink=Pink,Medium Green=Teal,Medium Blue=Neon Blue,Dark Red=Maroon,Medium Green=Kelly Green,Multi Color=Multi Color	",Neoprene=Neoprene	,Other	,Standard	,,Silkscreen=Silkscreen	,"Custom Colors,PMS Colors,Standard Colors	",,5-7	,Y	,3-5:	,,,,,,100,200,300,500,800,1000,3000,,,,0.763,0.635,0.612,0.592,0.576,0.569,0.538,,,,R	,R	,R	,R	,R	,R	,R	,,,,,1 color 1 location imprint and shipping cost	,,1	,USD	,,List	,07/22/2026	,Active	,,N	,04/01/2024	,
9438010-555260702	,Collapsible Neoprene Can Kooler	,FCS0079	,,"This classical can cooler are made from neoprene, polyester with foam liner. The foam liner insulates your beverage and absorbs condensation. It features a 3"" diameter, that provides a snug fit for most canned and bottled beverages. It is collapsible, and can be folded so quicky for easy storage.You can put it in your pockets, purse and more. Choose from variety of colors to best match your logo, and customize an imprint of your logo or artwork by silkscreen or heat transfer on this neoprene can cooler to create a classical giveaway for summer fun! Your customers, prospects and staffs will like to receive your logoed can cooler that will keep their beer or soda cans cool longer!	","Cooler, Can Holder	","https://media.asicdn.com/images/orig/322870000/322874365.jpg,https://media.asicdn.com/images/orig/322870000/322874366.jpg,https://media.asicdn.com/images/orig/322870000/322874390.jpg	","Beverage Holders-Sleeve,COOLERS	",,,"Bright Blue=Royal Blue,Medium Red=Red,Medium Orange=Orange,Medium Black=Black,Medium Green=Lime Green,Dark Blue=Navy Blue,Medium Green=Forest Green,Medium Yellow=Yellow,Medium Pink=Pink,Medium Green=Teal,Medium Blue=Neon Blue,Dark Red=Maroon,Medium Green=Kelly Green	",Neoprene=Neoprene	,Dimension	,Length:5 1/4:in;Width:3 7/8:in	,,Silkscreen=Silkscreen	,"Custom Colors,PMS Colors,Standard Colors	",,5-7	,Y	,3-5:	,,,,,,100,200,300,500,800,1000,3000,,,,0.763,0.635,0.612,0.592,0.576,0.569,0.538,,,,R	,R	,R	,R	,R	,R	,R	,,,,,one color one location imprint and shipping cost	,,1	,USD	,,List	,07/22/2026	,Active	,,N	,04/01/2024	,
9438010-555260210	,Memory Foam Mouse Pad Mat with Wrist Rest	,FCS0077	,,"ERGONOMIC KEYBOARD WRIST REST AND MOUSE PAD - The perfect ergo wrist support tool combo for computer users. Comfortably support your hands and wrists while using your desktop computer, laptop notebook, or Apple Mac. Perfect for gamers, office workers, editors designers.	",COMPUTER ACCESSORIES	,"https://media.asicdn.com/images/orig/319590000/319596976.jpg,https://media.asicdn.com/images/orig/319590000/319596977.jpg,https://media.asicdn.com/images/orig/319590000/319596978.jpg,https://media.asicdn.com/images/orig/319590000/319596979.jpg,https://media.asicdn.com/images/orig/319590000/319596981.jpg,https://media.asicdn.com/images/orig/319590000/319596982.jpg,https://media.asicdn.com/images/orig/319590000/319596983.jpg	","COMPUTER ACCESSORIES,MOUSE PADS	",,"Keyboard Wrist Pad,Memory Pad,Mouse Mat,Wrist Rest,Wrist Set Mouse Pad	","Medium Black=Black,Medium White=White,Medium Red=Red,Medium Pink=Pink,Medium Blue=Blue,Dark Blue=Navy	",Foam=Foam	,Dimension	,"Length:9.84:in;Width:7.87:in;Height:0.86:in,Length:18.11:in;Width:3.35:in;Height:0.86:in,Length:5.31:in;Width:3.15:in;Height:0.98:in	",,Silkscreen=Silkscreen	,"Custom Colors,PMS Colors,Standard Colors	",,3-5	,Y	,2-3:	,,,,,,100,200,300,500,1000,2000,3000,,,,26.278,25.657,24.555,23.567,22.356,21.122,19.806,,,,R	,R	,R	,R	,R	,R	,R	,,,,,one color one location imprint and shipping cost	,,1	,USD	,,List	,07/22/2026	,Active	,,N	,04/01/2024	,
9438010-555260171	,Memory Foam Wrist Rest Mouse Pad	,FCS0076	,,"The ergonomic wrist rest is made from high quality smooth lycra cloth and soft gel-filled cushion, provides smooth mouse glide and accurate mouse tracking movement, and ergonomic structure conform to your wrist for maximum comfort and support. Encased in premium Lycra fabric,the gel pad remains smooth and non-sticky,unlike other gel mouse pads. Full imprint can be customized.	","The soft non-skid PU base grips the desktop firmly, it keeps the mouse pad from sliding on most surfaces	","https://media.asicdn.com/images/orig/319590000/319596640.jpg,https://media.asicdn.com/images/orig/319590000/319596641.jpg,https://media.asicdn.com/images/orig/319590000/319596642.jpg,https://media.asicdn.com/images/orig/319590000/319596643.jpg,https://media.asicdn.com/images/orig/319590000/319596644.jpg,https://media.asicdn.com/images/orig/319590000/319596645.jpg	","COMPUTER ACCESSORIES,MOUSE PADS	",,"Comfortable,Ergonomic,EVA,Gel Wrist,Graduation Gifts Season,Mother's Day,Mouse Pad,Non-Slip,PU Base,Support,Teacher Appreciation Week Day,Valentine's Day,Wrist Rest	","Medium Black=Black,Medium White=White,Medium Red=Red,Medium Blue=Blue,Medium Orange=Orange,Medium Green=Green,Dark Blue=Navy,Medium Pink=Pink,Medium Gray=Gray	",Rubber=Eva	,Dimension	,Length:7.5:in;Width:9:in	,,"Silkscreen=Silkscreen,Sublimation=Sublimation	","Custom Colors,PMS Colors,Standard Colors,Up to full color	",,3-5	,Y	,2-3:	,,,,,,100,200,300,500,1000,2000,3000,,,,5.522,5.326,5.225,5.121,4.872,4.629,4.332,,,,R	,R	,R	,R	,R	,R	,R	,,,,,one color one location imprint and shipping cost	,,1	,USD	,,List	,07/22/2026	,Active	,,N	,04/01/2024	,
9438010-555260149	,Dye Sublimated Computer Mouse Pad	,FCS0075	,,"Your clients can embrace your brand daily when you add it to this Heart Shaped Computer Mouse Pad! Printed with four color dye sublimation process, your company's unique imprint of its name, logo or marketing message is sure to make a huge impression. This 9.45"" W x 8.07"" H mouse pad is sure to brighten up recipients' office with high color and definition printing, making it a great marketing product for giveaways, promotions or just for fun!	",COMPUTER ACCESSORIES	,"https://media.asicdn.com/images/orig/320300000/320303223.jpg,https://media.asicdn.com/images/orig/320300000/320303225.jpg	","COMPUTER ACCESSORIES,MOUSE PADS	",,"Dye Sublimated Mouse Mat,Heart Shaped Mouse Pad,Mouse Pad,Rubber Mouse Pad	",Medium White=White	,Rubber=Rubber	,Dimension	,Length:9.45:in;Width:8.07:in	,,Sublimation=Sublimation	,"Custom Colors,PMS Colors,Standard Colors	",,3-5	,Y	,2-3:	,,,,,,100,200,300,500,1000,2000,3000,,,,1.322,1.268,1.223,1.195,1.155,1.112,1.028,,,,R	,R	,R	,R	,R	,R	,R	,,,,,one color one location imprint and shipping cost	,,1	,USD	,,List	,07/22/2026	,Active	,,N	,04/01/2024	,
9438010-555256647	,Rectangle Fabric Mouse Pad	,FCS0073	,,"Make a space for your brand on desktops far and wide with a low tech computer accessory that you can count on for effective advertising. This fabric mouse pad measures 9 3/8""W x 8""H and features a 1/8"" thick rubber bottom. It's available in your choice of vibrant and exciting color options to match your advertising aesthetic, recipients' preferences and more. Add a silkscreen imprint of your organization's name, logo and advertising message to complete the promotional look.	",COMPUTER ACCESSORIES	,"https://media.asicdn.com/images/orig/319360000/319360383.jpg,https://media.asicdn.com/images/orig/319360000/319360384.jpg,https://media.asicdn.com/images/orig/319360000/319360385.jpg,https://media.asicdn.com/images/orig/319360000/319360388.jpg,https://media.asicdn.com/images/orig/319360000/319360389.jpg	",COMPUTER ACCESSORIES	,,"Fabric Mouse Mat,Mouse Mat,Rectangle Mouse Pad,Rubber Mouse Pad	","Medium Black=Black,Medium Red=Red,Medium Gray=Gray,Medium Blue=Blue,Medium White=White	",Rubber=Rubber	,Dimension	,Length:9 3/8:in;Height:8:in	,,Silkscreen=Silkscreen	,"Custom Colors,PMS Colors,Standard Colors	",,3-5	,Y	,2-3:	,,,,,,100,200,300,500,1000,2000,3000,,,,2.558,2.356,2.134,1.892,1.556,1.345,1.201,,,,R	,R	,R	,R	,R	,R	,R	,,,,,one color one location imprint and shipping cost	,,1	,USD	,,List	,07/22/2026	,Active	,,N	,03/29/2024	,
9438010-555256589	,Adhesive Carrying Handles	,FCS0072	,,"The adhesive carry handles are widely used on packs in the beverage industry such as carry the mineral water packs, soft drinks, milk or toilet tissue pack. Made of BOPP material. Price includes a one color imprint and air shipping cost to one location in lower 48 states.	",SEALS; TAPE	,"https://media.asicdn.com/images/orig/319360000/319360027.jpg,https://media.asicdn.com/images/orig/319360000/319360029.jpg,https://media.asicdn.com/images/orig/319360000/319360035.jpg,https://media.asicdn.com/images/orig/319360000/319360037.jpg,https://media.asicdn.com/images/orig/319360000/319360039.jpg	",TAPE	,,"Adhesive tape,Carrying Handle tape,Carrying tape,Tape	",Medium White=White	,Polypropylene=Polypropylene	,Dimension	,Length:17 3/4:in;Width:1:in	,,Silkscreen=Silkscreen	,"Custom Colors,PMS Colors,Standard Colors	",,9-11	,Y	,7-9:	,,,,,,10000,20000,30000,50000,100000,150000,200000,,,,0.172,0.153,0.141,0.132,0.127,0.121,0.112,,,,R	,R	,R	,R	,R	,R	,R	,,,,,one color one location imprint and shipping cost	,,1	,USD	,,List	,07/22/2026	,Active	,,N	,03/29/2024	,
9438010-555256566	,6 panel structured Baseball Caps w/ Metal Tuck in Buckle	,FCS0071	,,"100% Cotton/ Polyester 6 panel structured Baseball Caps w/ Metal Tuck in Buckle! This structured 6 panel baseball cap comes in a convenient adult size and features large full color heat transfer imprint area of 4""W x 2.5""H, ideal for maximum brand exposure. Made of 100% cotton, these cap has precurved bill. This premium visor also features adjustable double buckle closure. Optional embroidery imprint also available. Ideal for schools, sports, outdoor events, tradeshows, and giveaways. Order these trendy baseball caps now and advertise your brand like never before. Over 1000 pcs by Ocean .	",Caps & Hats	,"https://media.asicdn.com/images/orig/319350000/319358980.jpg,https://media.asicdn.com/images/orig/319350000/319358982.jpg,https://media.asicdn.com/images/orig/319350000/319358984.jpg,https://media.asicdn.com/images/orig/319350000/319358985.jpg,https://media.asicdn.com/images/orig/319350000/319358988.jpg	",Caps & Hats-Pith Helmet	,,"5 Panel baseball caps,Baseball Caps,Caps,Hats	","Medium White=White,Medium Yellow=Yellow,Medium Blue=Blue,Medium Orange=Orange,Medium Red=Red,Medium Black=Black	",Cotton=Cotton	,Dimension	,Length:22.8:in	,,"Silkscreen=Embroidery,Heat Transfer=Heat Transfer	","Custom Colors,PMS Colors,Standard Colors	",,10-12	,Y	,8-10:	,,,,,,100,200,300,500,1000,5000,10000,20000,,,5.050,4.260,4.150,4.020,2.890,2.720,2.560,2.450,,,R	,R	,R	,R	,R	,R	,R	,R	,,,,1 color 1 location imprint and shipping cost	,,1	,USD	,,List	,07/22/2026	,Active	,,N	,03/29/2024	,
9438010-555256534	,Structured 5 Panel Sandwich Baseball Caps w/ Metal Buckle	,FCS0070	,,"100% Cotton Single-Yarn drill fabric Caps w/ Single buckle! This structured baseball cap comes in a convenient adult size and features large full color heat transfer imprint area of 4""W x 2.5""H, ideal for maximum brand exposure. Made of 10*10 single-yarn drill 100% cotton material. This premium visor also features adjustable single buckle closure Optional embroidery imprint also available. Ideal for schools, sports, outdoor events, tradeshows, and giveaways	",Caps & Hats	,"https://media.asicdn.com/images/orig/319350000/319358118.jpg,https://media.asicdn.com/images/orig/319350000/319358121.jpg,https://media.asicdn.com/images/orig/319350000/319358122.jpg,https://media.asicdn.com/images/orig/319350000/319358124.jpg,https://media.asicdn.com/images/orig/319350000/319358126.jpg	",Caps & Hats-Pith Helmet	,,"5 Panel baseball caps,Baseball Caps,Caps,Hats	","Medium Black=Black,Medium White=White,Medium Yellow=Yellow,Medium Red=Red,Medium Blue=Blue,Medium Orange=Orange	",Cotton=Cotton	,Dimension	,Length:22.8:in	,,"Embroidered=Embroidered,Heat Transfer=Heat Transfer	","Custom Colors,PMS Colors,Standard Colors	",,12-15	,Y	,10-12:	,,,,,,12,24,48,100,500,800,1000,,,,8.678,7.112,6.554,6.052,5.723,5.491,5.222,,,,R	,R	,R	,R	,R	,R	,R	,,,,,one color one location imprint and shipping cost	,,1	,USD	,,List	,07/22/2026	,Active	,,N	,03/29/2024	,
9438010-555256467	,100% Cotton Twill Bucket Hat	,FCS0069	,,"Make an impact on your industry with a great item like this Crusher bucket hat! It's made of 100% cotton twill, has a 2.25"" brim. This is perfect for a touch of style and for protecting your head against the sun. Clients will love trying this on. Boost your brand when you give this out to customers! Blank product available.	",Caps & Hats	,"https://media.asicdn.com/images/orig/319350000/319357417.jpg,https://media.asicdn.com/images/orig/319350000/319357418.jpg,https://media.asicdn.com/images/orig/319350000/319357420.jpg,https://media.asicdn.com/images/orig/319350000/319357421.jpg,https://media.asicdn.com/images/orig/319350000/319357422.jpg	","CAP & HAT ACCESSORIES,Caps & Hats-Pith Helmet	",,"Bukets Hat,Cotton Hat,Cycling,Fairs,Festival,Fisher Hat,Fishing,Gift Shopes,Hats,Hiking,Outdoor,Relax,Trade show,University	","Medium Black=Black,Medium Red=Red,Medium White=White,Medium Orange=Orange,Medium Yellow=Yellow,Medium Purple=Purple,Medium Pink=Pink,Other=Custom	",Cotton=100% Cotton Twill	,Dimension	,Width:22.8:in	,,"Silkscreen=Silkscreen,Embroidered=Embroidered,Heat Transfer=Heat Transfer	","Custom Colors,PMS Colors,Standard Colors	",,10-12	,Y	,5-7:	,,,,,,100,200,300,500,1000,2000,5000,10000,,,4.850,4.620,4.010,3.680,3.300,2.920,2.750,2.580,,,R	,R	,R	,R	,R	,R	,R	,R	,,,,,,1	,USD	,,List	,07/22/2026	,Active	,,N	,03/29/2024	,
9438010-555256265	,Morandi Fashion 4-ply Disposable Face Mask	,FCS0067	,,"These Fashion 4-ply Disposable Face Mask will be your first line of defense against the environment. These loose-fitting masks come with stretchable ear loops and are made with three layers of defensive materials that reduce contamination to the wearer. These disposable masks also help in refraining the wearer from touching their face, reducing risk of contamination from unwashed hands. Have a supply of this disposable masks to keep you and your family safe this season!	","PPE, Protect mask, Face Mask	","https://media.asicdn.com/images/orig/319350000/319353948.jpg,https://media.asicdn.com/images/orig/319350000/319353949.jpg,https://media.asicdn.com/images/orig/319350000/319353951.jpg,https://media.asicdn.com/images/orig/319350000/319353952.jpg,https://media.asicdn.com/images/orig/319350000/319353954.jpg,https://media.asicdn.com/images/orig/319350000/319353955.jpg,https://media.asicdn.com/images/orig/319350000/319353957.jpg	",Masks-Disposable	,,"4-ply face mask,Disposabel Mask,Face Mask,Mask,Morandi Mask,Non-medical mask	","Dark Blue=Navy,Medium Black=Black,Medium Gray=Gray,Medium White=White,Medium Green=Green,Medium Pink=Pink,Dark Red=Fuschia,Medium Green=Khaki	",Non-Woven Fabric=Non-Woven Fabric	,Dimension	,Length:6.9:in;Width:3.74:in	,,Silkscreen=Silkscreen	,"Custom Colors,PMS Colors,Standard Colors	",,3-5	,Y	,2-3:	,,,,,,100,200,300,500,1000,5000,10000,,,,1.031,0.987,0.895,0.808,0.571,0.465,0.382,,,,R	,R	,R	,R	,R	,R	,R	,,,,,one color one location imprint and shipping cost	,,1	,USD	,,List	,07/22/2026	,Active	,,N	,03/29/2024	,
9438010-555256219	,Polyester Twill Bucket Hat	,FCS0066	,,"This bucket hat is made of 100% polyester twill, durable and comfy to wear, foldable and packable, lightweight and not easy to deform, reliable material ensures that you can wear them for a long time. It is designed in solid color and with brim design, which can not only provide your head a nice protection, but also add more highlights to your outfit, holding both decorative and practical functions. These bucket hats can be worn for beach, park, pool, outdoor music festivals, traveling, running, boating, camping, hiking, biking, fishing, relaxing, doing yoga, working out or other occasions, which will show your charming fully. Brim/Visor measures approximately 2.3"". Custom logo is available. we have different shipping way, the price is different.	","Cap, Bucket Hat, Cotton Hat	","https://media.asicdn.com/images/orig/319350000/319353375.jpg,https://media.asicdn.com/images/orig/319350000/319353376.jpg,https://media.asicdn.com/images/orig/319350000/319353377.jpg	","Caps & Hats-General,Caps & Hats-Pith Helmet	",,"Bucket Hat,Caps,Cotton Cap,Cotton Hat,Fisherman Hat,Outdoor Hat,Summer Hat	","Medium Black=Black,Medium White=White,Medium Red=Red,Medium Blue=Blue,Medium Pink=Pink,Medium Yellow=Yellow,Medium Orange=Orange,Medium Purple=Purple,Medium Blue=Lt. Blue,Other=Custom	",Polyester=Polyester Twill	,Dimension	,Width:22.8:in	,,"Silkscreen=Silkscreen,Embroidered=Embroidered,Heat Transfer=Heat Transfer	","Custom Colors,PMS Colors,Standard Colors	",Y	,10-12	,Y	,6-8:	,,,,,,100,200,300,500,1000,3000,5000,10000,,,4.360,4.080,3.530,3.250,2.850,2.530,2.350,2.180,,,R	,R	,R	,R	,R	,R	,R	,R	,,,,,,1	,USD	,,List	,07/22/2026	,Active	,,N	,03/29/2024	,
9438010-555256189	,USB Mug Heating Warmer CoasterFlops	,FCS0065	,,"USB Cable Heating Coaster is made of PVC, sized 3 3/4'' Diameter,1/4'' thickness, with a 50-inch long wire made of ABS.USB Mug Warmer Coaster is powered by the USB cable connecting with the computer or adapters. It's an ideal warmer to keep the cup and mug warm for a long time. It's an item that people will keep on the desk long time in winter, 3.75 volt/ 750 MA. Customized one-color imprint can be printed on the PVC coaster for brand exposure.	","Coaster, Mug Warmer, USB Mug Warmer	","https://media.asicdn.com/images/orig/319350000/319352425.jpg,https://media.asicdn.com/images/orig/319350000/319352427.jpg,https://media.asicdn.com/images/orig/319350000/319352430.jpg,https://media.asicdn.com/images/orig/319350000/319352432.jpg	","COASTERS & COASTER SETS,Warmers-Mug	",,"Coaster,Heating Coaster,Mug Warmer,Round Heating Coaster,Round Mug Warmer,USB Mug Warmer	","Medium Blue=Blue,Medium White=White,Medium Red=Red,Medium Orange=Orange,Medium Yellow=Yellow,Medium Pink=Pink,Other=Custom	",PVC=Pvc	,Dimension	,Length:3 3/4:in;Width:3 3/4:in	,,Silkscreen=Silkscreen	,"Custom Colors,PMS Colors,Standard Colors	",,3-5	,Y	,2-3:	,,,,,,300,500,800,1000,2000,3000,5000,,,,3.512,2.938,2.655,2.488,2.367,2.225,2.011,,,,R	,R	,R	,R	,R	,R	,R	,,,,,one color one location imprint and shipping cost	,,1	,USD	,,List	,07/22/2026	,Active	,,N	,03/29/2024	,
9438010-555256155	,3/4 Inch Custom Polyester Lanyards	,FCS0064	,,"Our most popular product, the customizable lanyard is ideal for every day wear or on the trade show floor. Made from durable 20mm polyester material, this badge accessory features a certain sheen, giving off a professionally finished appearance. Customize with a single or multi-colored silkscreen imprint on top of the lanyard, with no setup charges. Images and text are guaranteed not to rub off with use	","LANYARDS, Badge Holders	","https://media.asicdn.com/images/orig/319350000/319351939.jpg,https://media.asicdn.com/images/orig/319350000/319351941.jpg,https://media.asicdn.com/images/orig/319350000/319351942.jpg	",LANYARDS	,,"3/4 Lanyards,Laynard,Lobster clip,Lobster clip polyester,Polyester Lanyards	",Other=Custom	,Polyester=Polyester	,Dimension	,Length:3/4:in;Width:35 2/5:in	,,Silkscreen=Silkscreen	,"Custom Colors,PMS Colors,Standard Colors	",,12-15	,Y	,2-3:	,,,,,,100,200,300,500,800,1000,2000,,,,1.328,1.022,0.918,0.876,0.817,0.765,0.712,,,,R	,R	,R	,R	,R	,R	,R	,,,,,one color one location imprint and shipping cost	,,1	,USD	,,List	,07/22/2026	,Active	,,N	,03/29/2024	,
9438010-555255984	,20 oz. Wide Mouth Stainless Steel Vacuum Bottle	,FCS0062	,,"This stainless steel bottle will have recipients gulping down your brand messaging! Ideal for exercising or hydrating at work, this 20 oz. water bottle is made of stainless steel and comes in an assortment of fashionable colors. Features include a wide mouth opening, a durable stainless steel carry handle, spill-proof bamboo top twist cap and double wall vacuum insulation that's designed to keep beverages hot or cold for hours. Add a company name or logo using one of our multiple imprint options. Put your logo right in their hands with every sip! Other capacity are also available.	",FLIP FLOPS; SLIPPERS	,"https://media.asicdn.com/images/orig/319340000/319346347.jpg,https://media.asicdn.com/images/orig/319340000/319346348.jpg,https://media.asicdn.com/images/orig/319340000/319346349.jpg,https://media.asicdn.com/images/orig/319340000/319346350.jpg,https://media.asicdn.com/images/orig/319340000/319346352.jpg	",Bottles-Sport Type	,,"20oz Vacuum,Bottle,Double Wall Vacuum,Stainless Steel Bottle,Water Bottle,Wide Mouth Vacuum	","Medium Black=Black,Medium White=White,Medium Red=Red,Medium Orange=Orange,Medium Green=Green,Medium Blue=Blue,Medium Pink=Pink,Medium Yellow=Yellow,Medium Gray=Silver	",Stainless Steel=Polyester	,Volume/Weight	,20:oz	,,Silkscreen=Silkscreen	,"Custom Colors,PMS Colors,Standard Colors	",,5-7	,Y	,10-12:	,,,,,,50,100,200,300,500,800,1000,,,,12.543,12.344,12.095,11.943,11.865,11.673,11.464,,,,R	,R	,R	,R	,R	,R	,R	,,,,,one color one location imprint and shipping cost	,,1	,USD	,,List	,07/22/2026	,Active	,,N	,03/29/2024	,
9438010-555255936	,Fashion Design Flip Flops	,FCS0061	,,"This flip flop made by PVC bottom and PVC straps, the whole imprint shows it amazing effect to people, the flip flop comes in a variety of colors and sizes, and also offer a generous imprint area to showcase a brand name, logo or marketing message. Ideal for resorts, cruise ships, beachfront retail stores and more, you can expand your business to a wide range of clients. This is one versatile promotional product you won't want to be without, That is best choice gift in summer time!	",FLIP FLOPS; SLIPPERS	,"https://media.asicdn.com/images/orig/319340000/319345322.jpg,https://media.asicdn.com/images/orig/319340000/319345323.jpg,https://media.asicdn.com/images/orig/319340000/319345324.jpg,https://media.asicdn.com/images/orig/319340000/319345325.jpg,https://media.asicdn.com/images/orig/319340000/319345326.jpg	","FLIP FLOPS,SLIPPERS	",,"Adult Flip Flops,Custom Flip Flops,Footwear,ip Flops,Shoes,Slippers,Summer Flip Flops	","Medium White=White,Medium Black=Black,Medium Blue=Blue,Medium Green=Green,Medium Orange=Orange,Medium Red=Red,Medium Pink=Pink,Medium Green=Olive,Dark Blue=Navy	",PVC=Pvc	,Other	,"36#,37#,38#,39#,40#,41#,42#,43#,44#,45#,46#,47#	",,Silkscreen=Silkscreen	,"Custom Colors,PMS Colors,Standard Colors	",,12-15	,Y	,10-12:	,,,,,,100,200,300,500,800,1000,2000,,,,9.867,9.026,8.512,7.728,7.423,6.766,6.191,,,,R	,R	,R	,R	,R	,R	,R	,,,,,one color one location imprint and shipping cost	,,1	,USD	,,List	,07/22/2026	,Active	,,N	,03/29/2024	,
9438010-555254419	,Captain's Hat	,FCS0060	,,"One of our most popular products, these customizable lanyards are made from durable 25mm polyester material that features a certain sheen, giving off a professionally finished appearance. Customize with a single or multi-colored silkscreen imprint on top of the lanyard, with no setup charges. Images and text are guaranteed not to rub off with use. A great giveaway for attendees at tradeshows, conventions and conferences.	",Caps & Hats-Sailing	,"https://media.asicdn.com/images/orig/319290000/319292650.jpg,https://media.asicdn.com/images/orig/319290000/319292649.jpg,https://media.asicdn.com/images/orig/319290000/319292651.jpg,https://media.asicdn.com/images/orig/319290000/319292652.jpg	",Caps & Hats-General	,,"Caps,Captain's Cap,Hat,Nylon Cap,Nylon Captain Hat,Sailing Cap	","Medium White=White,Medium Black=Black,Medium Red=Red	",Nylon=Polyester	,Dimension	,Length:22.83:in	,,Silkscreen=Silkscreen	,"Custom Colors,PMS Colors,Standard Colors	",,15-18	,Y	,12-15:	,,,,,,100,200,300,500,800,1000,5000,10000,,,7.020,6.530,5.380,4.720,3.950,3.550,2.820,2.530,,,R	,R	,R	,R	,R	,R	,R	,R	,,,,,,1	,USD	,,List	,07/22/2026	,Active	,,N	,03/28/2024	,
9438010-555254342	,1 Inch Custom Polyester Lanyards	,FCS0059	,,"One of our most popular products, these customizable lanyards are made from durable 25mm polyester material that features a certain sheen, giving off a professionally finished appearance. Customize with a single or multi-colored silkscreen imprint on top of the lanyard, with no setup charges. Images and text are guaranteed not to rub off with use. A great giveaway for attendees at tradeshows, conventions and conferences.	","LANYARDS, Badge Holders	","https://media.asicdn.com/images/orig/319280000/319289829.jpg,https://media.asicdn.com/images/orig/319280000/319289836.jpg,https://media.asicdn.com/images/orig/319280000/319289839.jpg,https://media.asicdn.com/images/orig/319280000/319289840.jpg	",LANYARDS	,,"1 inch Lanyards,Custom Lanyards,Custom Polyester Lanyards,Laynards,Lobster Clip Lanyards,Polyester Lanyards	","Medium White=White,Medium Black=Black,Medium Yellow=Yellow,Medium Blue=Blue,Medium Green=Green,Medium Red=Red,Medium Purple=Purple,Medium Pink=Pink,Medium Orange=Orange,Other=Custom	",Polyester=Polyester	,Dimension	,Length:2:in;Width:35.43:in	,,Silkscreen=Silkscreen	,"Custom Colors,PMS Colors,Standard Colors	",,5-7	,Y	,3-5:	,,,,,,100,200,300,500,1000,2000,5000,10000,50000,,0.972,0.865,0.723,0.623,0.565,0.502,0.483,0.387,0.365,,R	,R	,R	,R	,R	,R	,R	,R	,R	,,,,,1	,USD	,,List	,07/22/2026	,Active	,,N	,03/28/2024	,
9438010-555254304	,Portable Plastic Hand Fan	,FCS0058	,,"Plastic hand fan is made of durable PP material, light weight and easy to carry. This is a great way to keep you cool. Features with a die cut handle offering a convenient hold for you. Perfect for promotional activities.	","Fans-General ,plastic fan	","https://media.asicdn.com/images/orig/319280000/319287455.jpg,https://media.asicdn.com/images/orig/319280000/319287457.jpg,https://media.asicdn.com/images/orig/319280000/319287459.jpg,https://media.asicdn.com/images/orig/319280000/319287461.jpg	",Fans-General	,,"Fan,Hand Fan,Plastic Fan,Plastic Hand Fan,Portable Fan,Summer Fan	","Medium Black=Black,Medium Blue=Blue,Medium Brown=Brown,Medium Green=Green,Medium Gray=Gray,Medium Orange=Orange,Medium Pink=Pink,Medium Purple=Purple,Medium Yellow=Yellow,Medium White=White,Medium Red=Red,Dark Red=Burgundy,Dark Blue=Navy Blue,Bright Blue=Royal Blue,Medium Green=Teal,Dark Red=Maroon,Medium Blue=Light Blue	",Plastic=Plastic	,Dimension	,Length:6.7:in;Width:6.3:in	,,Silkscreen=Silkscreen	,"Custom Colors,PMS Colors,Standard Colors	",,5-7	,Y	,3-5:	,,,,,,100,200,300,500,1000,2000,3000,,,,2.126,1.912,1.779,1.543,1.358,1.246,1.155,,,,R	,R	,R	,R	,R	,R	,R	,,,,,one color one location imprint and shipping cost	,,1	,USD	,,List	,07/22/2026	,Active	,,N	,03/28/2024	,
9438010-555254188	,Lycra Adult Swim Cap	,FCS0057	,,"Make an impact on your industry with a great item like this swim cap! It's made of lycra, comes in several fantastic colors, and comes in an adult one-size-fits-all size. This is perfect for protecting your hair while taking a swim and lowering your resistance so you can move faster underwater. Add your company name or logo for maximum visibility. Boost your brand when you give this out to customers!	",Caps & Hats-Swimming	,"https://media.asicdn.com/images/orig/319280000/319285381.jpg,https://media.asicdn.com/images/orig/319280000/319285383.jpg,https://media.asicdn.com/images/orig/319280000/319285384.jpg,https://media.asicdn.com/images/orig/319280000/319285385.jpg,https://media.asicdn.com/images/orig/319280000/319285386.jpg	",Caps & Hats-Swimming	,,"Caps,Fabric Cap,Lycra Swim Cap,Summer Swim Cap,Swim Caps	","Clear=Clear,Assorted=Assorted,Medium Black=Black,Medium Blue=Blue,Medium Gray=Gray,Medium Orange=Orange,Medium Pink=Pink,Medium Purple=Purple,Medium White=White,Medium Yellow=Yellow,Dark Blue=Navy,Medium Red=Fushcia	",Other Fabric=Lycra	,Dimension	,Length:8.27:in;Width:5.9:in	,,Silkscreen=Silkscreen	,"Custom Colors,PMS Colors,Standard Colors	",,5-7	,Y	,3-5:	,,,,,,100,200,300,500,1000,2000,3000,,,,2.126,1.912,1.779,1.543,1.358,1.246,1.155,,,,R	,R	,R	,R	,R	,R	,R	,,,,,one color one location imprint and shipping cost	,,1	,USD	,,List	,07/22/2026	,Active	,,N	,03/28/2024	,
9438010-555254164	,1 oz. Carabiner Hand Sanitizer Gel	,FCS0055	,,"Advertise your brand with our popular 1 oz. Carabiner Hand Sanitizer Gel Bottle w/ Clear Flip Top! These trendy hygiene products are made of Clear Plastic with Black Metal Carabiner included for convenient carrying. Measuring at 1.5"" W x 3.5"" H, this practical sanitizer bottle also features a Large Imprint area of 1.00""W x 1.75""H ideal for maximum brand exposure. This effectively eliminates most pathogenic microorganisms with Sanitizer Gel with 62% Alcohol. Order these popular Hand sanitizers today and promote your brand like never before!	",Antibacterial Products-Hand Sanitizers	,"https://media.asicdn.com/images/orig/319280000/319284825.jpg,https://media.asicdn.com/images/orig/319280000/319284827.jpg,https://media.asicdn.com/images/orig/319280000/319284830.jpg,https://media.asicdn.com/images/orig/319280000/319284832.jpg	",Antibacterial Products-Hand Sanitizers	,,"Carabine Gel,Hand Gel,Hand Sanitizer,Hand Sanitizer Gel,Wash Hand	",Clear=Clear	,Metal:Combo:Plastic=Plastic-Metal	,Dimension	,Length:1.5:in;Width:3.5:in	,,Silkscreen=Silkscreen	,"Custom Colors,PMS Colors,Standard Colors	",,5-7	,Y	,3-5:	,,,,,,50,100,250,500,1000,2000,3000,,,,2.745,2.525,2.327,2.198,2.138,2.075,1.955,,,,R	,R	,R	,R	,R	,R	,R	,,,,,one color one location imprint and shipping cost	,,1	,USD	,,List	,07/22/2026	,Active	,,N	,03/28/2024	,
9438010-555252708	,Custom Printing PVC Playing Cards	,FCS0056	,,"The poker material used is PVC which is the smoothest playing card. Our PVC playing cards can be customized with your any designs. Not only is the back of each card printed with full color design but also the front of each card. Each deck comes in a custom printing box, 54 cards per deck. Appro size:3 1/2""x2 1/3.	",Cases-General; PLAYING CARDS	,"https://media.asicdn.com/images/orig/319280000/319284357.jpg,https://media.asicdn.com/images/orig/319280000/319284358.jpg,https://media.asicdn.com/images/orig/319280000/319284359.jpg,https://media.asicdn.com/images/orig/319280000/319284360.jpg,https://media.asicdn.com/images/orig/319280000/319284361.jpg	","Cards-General,PLAYING CARDS	",,"Custom Playing Cards,Entertainment,Games,Playing,Playing Cards,Poker,PVC Pokcer	","Medium White=White,Medium Black=Black,Medium Yellow=Yellow,Medium Blue=Blue,Medium Green=Green,Medium Red=Red,Medium Purple=Purple,Medium Pink=Pink,Medium Orange=Orange,Multi Color=Multi Color	",Plastic=Clear Plastic & Metal	,Dimension	,Length:3 1/2:in;Width:2 1/3:in	,,Silkscreen=Silkscreen	,"Custom Colors,PMS Colors,Standard Colors	",,7-9	,Y	,5-7:	,,,,,,200,500,800,1000,3000,5000,10000,,,,3.358,2.145,1.976,1.798,1.436,0.596,0.508,,,,R	,R	,R	,R	,R	,R	,R	,,,,,one color one location imprint and shipping cost	,,1	,USD	,,List	,07/22/2026	,Active	,,N	,03/27/2024	,
9438010-555237239	,Classic Round Stress Ball	,FCS0053	,,Help your clients get through a tough work week with the Colored Stress Ball! Incorporate this time-tested classic into your next activity or promotion to carry your message. The 2 3/4 diameter stress ball comes in a wide selection of colors for you to choose from. Your company name or logo is sure to attract loads of attention when paired with this ball. Stress items are not toys and are not intended for use by children.	,Stress Relievers-Balls	,"https://media.asicdn.com/images/orig/318570000/318574657.jpg,https://media.asicdn.com/images/orig/318570000/318574687.jpg,https://media.asicdn.com/images/orig/318570000/318574690.jpg	",Stress Relievers-General	,,"Anti Stress Balls,Classic Stress Ball,Round Ball,Round Stress Reliever,Stress Balls,Stress Relievers	","Medium Red=[Assorted, Red],Medium Black=Black,Medium Yellow=Yellow,Medium Blue=Blue,Medium Green=Green,Medium Orange=Orange,Dark Blue=Navy Blue,Medium Pink=Pink	",Polyurethane (PUR or PU)=Polyurethane (Pur Or Pu)	,Dimension	,Length:2 3/4:in	,,Silkscreen=Silkscreen	,"Custom Colors,PMS Colors,Standard Colors	",,7-9	,Y	,5-7:	,,,,,,50,100,300,500,1000,2000,2500,,,,2.558,2.235,1.779,1.543,1.468,1.416,1.388,,,,R	,R	,R	,R	,R	,R	,R	,,,,,one color one location imprint and shipping cost	,,1	,USD	,,List	,07/22/2026	,Active	,,N	,03/19/2024	,
